cnit;mrq_utac;mod_utac;partition
M10ALFVP000G340;ALFA ROMEO;159;test
M10ALFVP000H341;ALFA ROMEO;159;test
M10ALFVP000E302;ALFA ROMEO;159;test
M10ALFVP000F303;ALFA ROMEO;159;test
M10ALFVP000J306;ALFA ROMEO;159;test
M10ALFVP000J307;ALFA ROMEO;159;test
M10ALFVP000G304;ALFA ROMEO;159;test
M10ALFVP000H305;ALFA ROMEO;159;test
M10ALFVP000K308;ALFA ROMEO;159;test
M10ALFVP000L309;ALFA ROMEO;159;test
M10ALFVP000S255;ALFA ROMEO;159;test
M10ALFVP000U221;ALFA ROMEO;159;test
M10ALFVP000S413;ALFA ROMEO;4C;entrainement
M10ALFVP0005293;ALFA ROMEO;8C;calibration
M10ALFVP0006039;ALFA ROMEO;8C;calibration
M10ALFVP0003266;ALFA ROMEO;BRERA;entrainement
M10ALFVP0004267;ALFA ROMEO;BRERA;entrainement
M10ALFVP0007270;ALFA ROMEO;BRERA;entrainement
M10ALFVP0008271;ALFA ROMEO;BRERA;entrainement
M10ALFVP0005268;ALFA ROMEO;BRERA;entrainement
M10ALFVP0006269;ALFA ROMEO;BRERA;entrainement
M10ALFVP0008332;ALFA ROMEO;GIULIETTA;entrainement
M10ALFVP0009333;ALFA ROMEO;GIULIETTA;entrainement
M10ALFVP000A334;ALFA ROMEO;GIULIETTA;entrainement
M10ALFVP000B335;ALFA ROMEO;GIULIETTA;entrainement
M10ALFVP000E435;ALFA ROMEO;GIULIETTA;entrainement
M10ALFVP000F436;ALFA ROMEO;GIULIETTA;entrainement
M10ALFVP000G437;ALFA ROMEO;GIULIETTA;entrainement
M10ALFVP000H438;ALFA ROMEO;GIULIETTA;entrainement
M10ALFVP0000324;ALFA ROMEO;GIULIETTA;entrainement
M10ALFVP0001325;ALFA ROMEO;GIULIETTA;entrainement
M10ALFVP0003169;ALFA ROMEO;GIULIETTA;entrainement
M10ALFVP0004328;ALFA ROMEO;GIULIETTA;entrainement
M10ALFVP0005329;ALFA ROMEO;GIULIETTA;entrainement
M10ALFVP0006294;ALFA ROMEO;GIULIETTA;entrainement
M10ALFVP0007295;ALFA ROMEO;GIULIETTA;entrainement
M10ALFVP000P409;ALFA ROMEO;GIULIETTA;entrainement
M10ALFVP000P410;ALFA ROMEO;GIULIETTA;entrainement
M10ALFVP000R411;ALFA ROMEO;GIULIETTA;entrainement
M10ALFVP000R412;ALFA ROMEO;GIULIETTA;entrainement
M10ALFVP000W320;ALFA ROMEO;GIULIETTA;entrainement
M10ALFVP000Y322;ALFA ROMEO;GIULIETTA;entrainement
M10ALFVP0002326;ALFA ROMEO;GIULIETTA;entrainement
M10ALFVP0003327;ALFA ROMEO;GIULIETTA;entrainement
M10ALFVP0006427;ALFA ROMEO;GIULIETTA;entrainement
M10ALFVP0007428;ALFA ROMEO;GIULIETTA;entrainement
M10ALFVP0009394;ALFA ROMEO;GIULIETTA;entrainement
M10ALFVP000A395;ALFA ROMEO;GIULIETTA;entrainement
M10ALFVP000C433;ALFA ROMEO;GIULIETTA;entrainement
M10ALFVP000D434;ALFA ROMEO;GIULIETTA;entrainement
M10ALFVP000H402;ALFA ROMEO;GIULIETTA;entrainement
M10ALFVP000J403;ALFA ROMEO;GIULIETTA;entrainement
M10ALFVP000P384;ALFA ROMEO;GIULIETTA;entrainement
M10ALFVP000P385;ALFA ROMEO;GIULIETTA;entrainement
M10ALFVP000T353;ALFA ROMEO;GIULIETTA;entrainement
M10ALFVP000U354;ALFA ROMEO;GIULIETTA;entrainement
M10ALFVP0001422;ALFA ROMEO;GIULIETTA;entrainement
M10ALFVP0002423;ALFA ROMEO;GIULIETTA;entrainement
M10ALFVP0003388;ALFA ROMEO;GIULIETTA;entrainement
M10ALFVP0003424;ALFA ROMEO;GIULIETTA;entrainement
M10ALFVP0004170;ALFA ROMEO;GIULIETTA;entrainement
M10ALFVP0004389;ALFA ROMEO;GIULIETTA;entrainement
M10ALFVP0004425;ALFA ROMEO;GIULIETTA;entrainement
M10ALFVP0005390;ALFA ROMEO;GIULIETTA;entrainement
M10ALFVP0005426;ALFA ROMEO;GIULIETTA;entrainement
M10ALFVP0006330;ALFA ROMEO;GIULIETTA;entrainement
M10ALFVP0006391;ALFA ROMEO;GIULIETTA;entrainement
M10ALFVP0007331;ALFA ROMEO;GIULIETTA;entrainement
M10ALFVP0008296;ALFA ROMEO;GIULIETTA;entrainement
M10ALFVP0008429;ALFA ROMEO;GIULIETTA;entrainement
M10ALFVP0009297;ALFA ROMEO;GIULIETTA;entrainement
M10ALFVP0009430;ALFA ROMEO;GIULIETTA;entrainement
M10ALFVP000A431;ALFA ROMEO;GIULIETTA;entrainement
M10ALFVP000B396;ALFA ROMEO;GIULIETTA;entrainement
M10ALFVP000B432;ALFA ROMEO;GIULIETTA;entrainement
M10ALFVP000C397;ALFA ROMEO;GIULIETTA;entrainement
M10ALFVP000D398;ALFA ROMEO;GIULIETTA;entrainement
M10ALFVP000E399;ALFA ROMEO;GIULIETTA;entrainement
M10ALFVP000J439;ALFA ROMEO;GIULIETTA;entrainement
M10ALFVP000J440;ALFA ROMEO;GIULIETTA;entrainement
M10ALFVP000M382;ALFA ROMEO;GIULIETTA;entrainement
M10ALFVP000R314;ALFA ROMEO;GIULIETTA;entrainement
M10ALFVP000R315;ALFA ROMEO;GIULIETTA;entrainement
M10ALFVP000R386;ALFA ROMEO;GIULIETTA;entrainement
M10ALFVP000R387;ALFA ROMEO;GIULIETTA;entrainement
M10ALFVP000S316;ALFA ROMEO;GIULIETTA;entrainement
M10ALFVP000T317;ALFA ROMEO;GIULIETTA;entrainement
M10ALFVP000X321;ALFA ROMEO;GIULIETTA;entrainement
M10ALFVP000Z323;ALFA ROMEO;GIULIETTA;entrainement
M10ALFVP0006172;ALFA ROMEO;GIULIETTA;entrainement
M10ALFVP000K344;ALFA ROMEO;GIULIETTA;entrainement
M10ALFVP000L406;ALFA ROMEO;GIULIETTA;entrainement
M10ALFVP000K441;ALFA ROMEO;GIULIETTA;entrainement
M10ALFVP000L442;ALFA ROMEO;GIULIETTA;entrainement
M10ALFVP0007392;ALFA ROMEO;GIULIETTA;entrainement
M10ALFVP0008393;ALFA ROMEO;GIULIETTA;entrainement
M10ALFVP000F400;ALFA ROMEO;GIULIETTA;entrainement
M10ALFVP000G401;ALFA ROMEO;GIULIETTA;entrainement
M10ALFVP000J342;ALFA ROMEO;GIULIETTA;entrainement
M10ALFVP000L345;ALFA ROMEO;GIULIETTA;entrainement
M10ALFVP000L381;ALFA ROMEO;GIULIETTA;entrainement
M10ALFVP000N383;ALFA ROMEO;GIULIETTA;entrainement
M10ALFVP000M407;ALFA ROMEO;GIULIETTA;entrainement
M10ALFVP000N408;ALFA ROMEO;GIULIETTA;entrainement
M10ALFVP000R351;ALFA ROMEO;GIULIETTA;entrainement
M10ALFVP000S352;ALFA ROMEO;GIULIETTA;entrainement
M10ALFVP000A298;ALFA ROMEO;GIULIETTA;entrainement
M10ALFVP000B299;ALFA ROMEO;GIULIETTA;entrainement
M10ALFVP000P349;ALFA ROMEO;GIULIETTA;entrainement
M10ALFVP000R350;ALFA ROMEO;GIULIETTA;entrainement
M10ALFVP000J404;ALFA ROMEO;GIULIETTA;entrainement
M10ALFVP000K405;ALFA ROMEO;GIULIETTA;entrainement
M10ALFVP000N347;ALFA ROMEO;GIULIETTA;entrainement
M10ALFVP000P348;ALFA ROMEO;GIULIETTA;entrainement
M10ALFVP000V355;ALFA ROMEO;GIULIETTA;entrainement
M10ALFVP000W356;ALFA ROMEO;GIULIETTA;entrainement
M10ALFVP0005171;ALFA ROMEO;GIULIETTA;entrainement
M10ALFVP000J343;ALFA ROMEO;GIULIETTA;entrainement
M10ALFVP000M346;ALFA ROMEO;GIULIETTA;entrainement
M10ALFVP000U318;ALFA ROMEO;GIULIETTA;entrainement
M10ALFVP000V319;ALFA ROMEO;GIULIETTA;entrainement
M10ALFVP000M443;ALFA ROMEO;GIULIETTA;entrainement
M10ALFVP000N444;ALFA ROMEO;GIULIETTA;entrainement
M10ALFVP000K441;ALFA ROMEO;GIULIETTA;entrainement
M10ALFVP000L442;ALFA ROMEO;GIULIETTA;entrainement
M10ALFVP0000421;ALFA ROMEO;MITO;entrainement
M10ALFVP000E338;ALFA ROMEO;MITO;entrainement
M10ALFVP000F339;ALFA ROMEO;MITO;entrainement
M10ALFVP000Z420;ALFA ROMEO;MITO;entrainement
M10ALFVP000P312;ALFA ROMEO;MITO;entrainement
M10ALFVP000P313;ALFA ROMEO;MITO;entrainement
M10ALFVP000X418;ALFA ROMEO;MITO;entrainement
M10ALFVP000Y419;ALFA ROMEO;MITO;entrainement
M10ALFVP0000360;ALFA ROMEO;MITO;entrainement
M10ALFVP000Z359;ALFA ROMEO;MITO;entrainement
M10ALFVP000U451;ALFA ROMEO;MITO;entrainement
M10ALFVP000V452;ALFA ROMEO;MITO;entrainement
M10ALFVP0002035;ALFA ROMEO;MITO;entrainement
M10ALFVP0007040;ALFA ROMEO;MITO;entrainement
M10ALFVP0008041;ALFA ROMEO;MITO;entrainement
M10ALFVP000J379;ALFA ROMEO;MITO;entrainement
M10ALFVP000K380;ALFA ROMEO;MITO;entrainement
M10ALFVP0004037;ALFA ROMEO;MITO;entrainement
M10ALFVP0005038;ALFA ROMEO;MITO;entrainement
M10ALFVP000F181;ALFA ROMEO;MITO;entrainement
M10ALFVP000G182;ALFA ROMEO;MITO;entrainement
M10ALFVP000Y455;ALFA ROMEO;MITO;entrainement
M10ALFVP000Z456;ALFA ROMEO;MITO;entrainement
M10ALFVP000S449;ALFA ROMEO;MITO;entrainement
M10ALFVP000T450;ALFA ROMEO;MITO;entrainement
M10ALFVP000B044;ALFA ROMEO;MITO;entrainement
M10ALFVP000C045;ALFA ROMEO;MITO;entrainement
M10ALFVP000R447;ALFA ROMEO;MITO;entrainement
M10ALFVP000R448;ALFA ROMEO;MITO;entrainement
M10ALFVP000P445;ALFA ROMEO;MITO;entrainement
M10ALFVP000P446;ALFA ROMEO;MITO;entrainement
M10ALFVP000W453;ALFA ROMEO;MITO;entrainement
M10ALFVP000X454;ALFA ROMEO;MITO;entrainement
M10ALFVP000C336;ALFA ROMEO;MITO;entrainement
M10ALFVP000D337;ALFA ROMEO;MITO;entrainement
M10ALFVP000D373;ALFA ROMEO;MITO;entrainement
M10ALFVP000E374;ALFA ROMEO;MITO;entrainement
M10ALFVP000F375;ALFA ROMEO;MITO;entrainement
M10ALFVP000G376;ALFA ROMEO;MITO;entrainement
M10ALFVP000H377;ALFA ROMEO;MITO;entrainement
M10ALFVP000J378;ALFA ROMEO;MITO;entrainement
M10ALFVP000M310;ALFA ROMEO;MITO;entrainement
M10ALFVP000N311;ALFA ROMEO;MITO;entrainement
M10ALFVP000F048;ALFA ROMEO;MITO;entrainement
M10ALFVP000G049;ALFA ROMEO;MITO;entrainement
M10ALFVP000B177;ALFA ROMEO;MITO;entrainement
M10ALFVP000C178;ALFA ROMEO;MITO;entrainement
M10ALFVP000V416;ALFA ROMEO;MITO;entrainement
M10ALFVP000W417;ALFA ROMEO;MITO;entrainement
M10ALFVP0009175;ALFA ROMEO;MITO;entrainement
M10ALFVP000A176;ALFA ROMEO;MITO;entrainement
M10ALFVP000T414;ALFA ROMEO;MITO;entrainement
M10ALFVP000U415;ALFA ROMEO;MITO;entrainement
M10ALFVP000P445;ALFA ROMEO;MITO;entrainement
M10ALFVP000P446;ALFA ROMEO;MITO;entrainement
M10ALFVP000J281;ALFA ROMEO;SPIDER;entrainement
M10ALFVP000M285;ALFA ROMEO;SPIDER;entrainement
M10ALFVP000K283;ALFA ROMEO;SPIDER;entrainement
M10AUDVP0111670;AUDI;A1;entrainement
M10AUDVP0115674;AUDI;A1;entrainement
M10AUDVP011P658;AUDI;A1;entrainement
M10AUDVP011R660;AUDI;A1;entrainement
M10AUDVP011V664;AUDI;A1;entrainement
M10AUDVP011Z668;AUDI;A1;entrainement
M10AUDVP011L097;AUDI;A1;entrainement
M10AUDVP011N099;AUDI;A1;entrainement
M10AUDVP011P101;AUDI;A1;entrainement
M10AUDVP011T105;AUDI;A1;entrainement
M10AUDVP011V107;AUDI;A1;entrainement
M10AUDVP011X109;AUDI;A1;entrainement
M10AUDVP0111113;AUDI;A1;entrainement
M10AUDVP0113115;AUDI;A1;entrainement
M10AUDVP0115117;AUDI;A1;entrainement
M10AUDVP0117119;AUDI;A1;entrainement
M10AUDVP0119121;AUDI;A1;entrainement
M10AUDVP011Z111;AUDI;A1;entrainement
M10AUDVP0111404;AUDI;A1;entrainement
M10AUDVP0113406;AUDI;A1;entrainement
M10AUDVP011R430;AUDI;A1;entrainement
M10AUDVP011A061;AUDI;A1;entrainement
M10AUDVP011C063;AUDI;A1;entrainement
M10AUDVP011E065;AUDI;A1;entrainement
M10AUDVP011J069;AUDI;A1;entrainement
M10AUDVP011K071;AUDI;A1;entrainement
M10AUDVP011M073;AUDI;A1;entrainement
M10AUDVP0112089;AUDI;A1;entrainement
M10AUDVP0114091;AUDI;A1;entrainement
M10AUDVP0116093;AUDI;A1;entrainement
M10AUDVP011U081;AUDI;A1;entrainement
M10AUDVP011W083;AUDI;A1;entrainement
M10AUDVP011Y085;AUDI;A1;entrainement
M10AUDVP0110694;AUDI;A1;entrainement
M10AUDVP0118702;AUDI;A1;entrainement
M10AUDVP011C706;AUDI;A1;entrainement
M10AUDVP011K714;AUDI;A1;entrainement
M10AUDVP011P682;AUDI;A1;entrainement
M10AUDVP011S686;AUDI;A1;entrainement
M10AUDVP0112211;AUDI;A1;entrainement
M10AUDVP011A219;AUDI;A1;entrainement
M10AUDVP011E223;AUDI;A1;entrainement
M10AUDVP011J227;AUDI;A1;entrainement
M10AUDVP011U203;AUDI;A1;entrainement
M10AUDVP011Y207;AUDI;A1;entrainement
M10AUDVP0112247;AUDI;A1;entrainement
M10AUDVP0116251;AUDI;A1;entrainement
M10AUDVP011M231;AUDI;A1;entrainement
M10AUDVP011R235;AUDI;A1;entrainement
M10AUDVP011U239;AUDI;A1;entrainement
M10AUDVP011Y243;AUDI;A1;entrainement
M10AUDVP011A255;AUDI;A1;entrainement
M10AUDVP011E259;AUDI;A1;entrainement
M10AUDVP011J263;AUDI;A1;entrainement
M10AUDVP0113151;AUDI;A1;entrainement
M10AUDVP0117155;AUDI;A1;entrainement
M10AUDVP011B159;AUDI;A1;entrainement
M10AUDVP011N135;AUDI;A1;entrainement
M10AUDVP011R139;AUDI;A1;entrainement
M10AUDVP011V143;AUDI;A1;entrainement
M10AUDVP0113187;AUDI;A1;entrainement
M10AUDVP0117191;AUDI;A1;entrainement
M10AUDVP011M195;AUDI;A1;entrainement
M10AUDVP011N171;AUDI;A1;entrainement
M10AUDVP011R175;AUDI;A1;entrainement
M10AUDVP011V179;AUDI;A1;entrainement
M10AUDVP010B415;AUDI;A3;entrainement
M10AUDVP010C416;AUDI;A3;entrainement
M10AUDVP010D417;AUDI;A3;entrainement
M10AUDVP010E418;AUDI;A3;entrainement
M10AUDVP010F419;AUDI;A3;entrainement
M10AUDVP010G420;AUDI;A3;entrainement
M10AUDVP0104383;AUDI;A3;entrainement
M10AUDVP0105384;AUDI;A3;entrainement
M10AUDVP0106385;AUDI;A3;entrainement
M10AUDVP0100404;AUDI;A3;entrainement
M10AUDVP010H069;AUDI;A3;entrainement
M10AUDVP010Z403;AUDI;A3;entrainement
M10AUDVP0101405;AUDI;A3;entrainement
M10AUDVP0102406;AUDI;A3;entrainement
M10AUDVP0103407;AUDI;A3;entrainement
M10AUDVP0106410;AUDI;A3;entrainement
M10AUDVP0107411;AUDI;A3;entrainement
M10AUDVP0101114;AUDI;A3;entrainement
M10AUDVP010Z112;AUDI;A3;entrainement
M10AUDVP0103116;AUDI;A3;entrainement
M10AUDVP0105118;AUDI;A3;entrainement
M10AUDVP009R371;AUDI;A3;entrainement
M10AUDVP0106094;AUDI;A3;entrainement
M10AUDVP010K072;AUDI;A3;entrainement
M10AUDVP010L098;AUDI;A3;entrainement
M10AUDVP010C064;AUDI;A3;entrainement
M10AUDVP010M074;AUDI;A3;entrainement
M10AUDVP010P076;AUDI;A3;entrainement
M10AUDVP010R104;AUDI;A3;entrainement
M10AUDVP010X376;AUDI;A3;entrainement
M10AUDVP010W145;AUDI;A3;entrainement
M10AUDVP010Y147;AUDI;A3;entrainement
M10AUDVP0100149;AUDI;A3;entrainement
M10AUDVP0102151;AUDI;A3;entrainement
M10AUDVP0106058;AUDI;A3;entrainement
M10AUDVP0107120;AUDI;A3;entrainement
M10AUDVP010E066;AUDI;A3;entrainement
M10AUDVP010B124;AUDI;A3;entrainement
M10AUDVP010D126;AUDI;A3;entrainement
M10AUDVP010E127;AUDI;A3;entrainement
M10AUDVP010A062;AUDI;A3;entrainement
M10AUDVP010G129;AUDI;A3;entrainement
M10AUDVP010J131;AUDI;A3;entrainement
M10AUDVP0101380;AUDI;A3;entrainement
M10AUDVP010Z378;AUDI;A3;entrainement
M10AUDVP010H457;AUDI;A3;entrainement
M10AUDVP010J458;AUDI;A3;entrainement
M10AUDVP010J459;AUDI;A3;entrainement
M10AUDVP010K460;AUDI;A3;entrainement
M10AUDVP010L461;AUDI;A3;entrainement
M10AUDVP010M462;AUDI;A3;entrainement
M10AUDVP010J422;AUDI;A3;entrainement
M10AUDVP010J423;AUDI;A3;entrainement
M10AUDVP010K424;AUDI;A3;entrainement
M10AUDVP0104444;AUDI;A3;entrainement
M10AUDVP0105445;AUDI;A3;entrainement
M10AUDVP010J070;AUDI;A3;entrainement
M10AUDVP0106446;AUDI;A3;entrainement
M10AUDVP0107447;AUDI;A3;entrainement
M10AUDVP0108448;AUDI;A3;entrainement
M10AUDVP010B451;AUDI;A3;entrainement
M10AUDVP010C452;AUDI;A3;entrainement
M10AUDVP0100634;AUDI;A3;entrainement
M10AUDVP0101635;AUDI;A3;entrainement
M10AUDVP0102636;AUDI;A3;entrainement
M10AUDVP008W438;AUDI;A4;entrainement
M10AUDVP008Y440;AUDI;A4;entrainement
M10AUDVP010V593;AUDI;A4;entrainement
M10AUDVP009M330;AUDI;A4;entrainement
M10AUDVP009R201;AUDI;A4;entrainement
M10AUDVP0055935;AUDI;A4;entrainement
M10AUDVP0080345;AUDI;A4;entrainement
M10AUDVP0082347;AUDI;A4;entrainement
M10AUDVP0084349;AUDI;A4;entrainement
M10AUDVP008E359;AUDI;A4;entrainement
M10AUDVP008G361;AUDI;A4;entrainement
M10AUDVP008J363;AUDI;A4;entrainement
M10AUDVP008K365;AUDI;A4;entrainement
M10AUDVP009G809;AUDI;A4;entrainement
M10AUDVP009V824;AUDI;A4;entrainement
M10AUDVP009J811;AUDI;A4;entrainement
M10AUDVP009K813;AUDI;A4;entrainement
M10AUDVP009M815;AUDI;A4;entrainement
M10AUDVP0094190;AUDI;A4;entrainement
M10AUDVP0091187;AUDI;A4;entrainement
M10AUDVP009C320;AUDI;A4;entrainement
M10AUDVP009E322;AUDI;A4;entrainement
M10AUDVP009Z185;AUDI;A4;entrainement
M10AUDVP0086351;AUDI;A4;entrainement
M10AUDVP008S531;AUDI;A4;entrainement
M10AUDVP008V534;AUDI;A4;entrainement
M10AUDVP008X536;AUDI;A4;entrainement
M10AUDVP0087546;AUDI;A4;entrainement
M10AUDVP0089548;AUDI;A4;entrainement
M10AUDVP008B550;AUDI;A4;entrainement
M10AUDVP008D552;AUDI;A4;entrainement
M10AUDVP009L850;AUDI;A4;entrainement
M10AUDVP009X862;AUDI;A4;entrainement
M10AUDVP009N852;AUDI;A4;entrainement
M10AUDVP009P854;AUDI;A4;entrainement
M10AUDVP009R856;AUDI;A4;entrainement
M10AUDVP0093214;AUDI;A4;entrainement
M10AUDVP0090211;AUDI;A4;entrainement
M10AUDVP009T337;AUDI;A4;entrainement
M10AUDVP009V339;AUDI;A4;entrainement
M10AUDVP009Y209;AUDI;A4;entrainement
M10AUDVP008Z538;AUDI;A4;entrainement
M10AUDVP008M464;AUDI;A5;entrainement
M10AUDVP008P467;AUDI;A5;entrainement
M10AUDVP0081479;AUDI;A5;entrainement
M10AUDVP0084482;AUDI;A5;entrainement
M10AUDVP008J485;AUDI;A5;entrainement
M10AUDVP0097836;AUDI;A5;entrainement
M10AUDVP009A839;AUDI;A5;entrainement
M10AUDVP009R335;AUDI;A5;entrainement
M10AUDVP009T204;AUDI;A5;entrainement
M10AUDVP009W207;AUDI;A5;entrainement
M10AUDVP008P395;AUDI;A5;entrainement
M10AUDVP008S398;AUDI;A5;entrainement
M10AUDVP0087413;AUDI;A5;entrainement
M10AUDVP008A416;AUDI;A5;entrainement
M10AUDVP008D419;AUDI;A5;entrainement
M10AUDVP008G422;AUDI;A5;entrainement
M10AUDVP009P199;AUDI;A5;entrainement
M10AUDVP0097193;AUDI;A5;entrainement
M10AUDVP009H325;AUDI;A5;entrainement
M10AUDVP009K328;AUDI;A5;entrainement
M10AUDVP009L196;AUDI;A5;entrainement
M10AUDVP008V401;AUDI;A5;entrainement
M10AUDVP0080636;AUDI;A5;entrainement
M10AUDVP0086642;AUDI;A5;entrainement
M10AUDVP0080672;AUDI;A5;entrainement
M10AUDVP0086678;AUDI;A5;entrainement
M10AUDVP008N684;AUDI;A5;entrainement
M10AUDVP008T690;AUDI;A5;entrainement
M10AUDVP009K874;AUDI;A5;entrainement
M10AUDVP0098898;AUDI;A5;entrainement
M10AUDVP009R880;AUDI;A5;entrainement
M10AUDVP009W886;AUDI;A5;entrainement
M10AUDVP009L232;AUDI;A5;entrainement
M10AUDVP0091345;AUDI;A5;entrainement
M10AUDVP0097351;AUDI;A5;entrainement
M10AUDVP0099220;AUDI;A5;entrainement
M10AUDVP009F226;AUDI;A5;entrainement
M10AUDVP008C648;AUDI;A5;entrainement
M10AUDVP010J713;AUDI;A6;test
M10AUDVP010L716;AUDI;A6;test
M10AUDVP010J714;AUDI;A6;test
M10AUDVP010M717;AUDI;A6;test
M10AUDVP0104699;AUDI;A6;test
M10AUDVP0107702;AUDI;A6;test
M10AUDVP0108703;AUDI;A6;test
M10AUDVP0109704;AUDI;A6;test
M10AUDVP010C707;AUDI;A6;test
M10AUDVP010D708;AUDI;A6;test
M10AUDVP010F710;AUDI;A6;test
M10AUDVP010G711;AUDI;A6;test
M10AUDVP010H712;AUDI;A6;test
M10AUDVP010E648;AUDI;A6;test
M10AUDVP010F649;AUDI;A6;test
M10AUDVP010G650;AUDI;A6;test
M10AUDVP0104638;AUDI;A6;test
M10AUDVP0108642;AUDI;A6;test
M10AUDVP010C646;AUDI;A6;test
M10AUDVP011R005;AUDI;A6;test
M10AUDVP011R006;AUDI;A6;test
M10AUDVP011S007;AUDI;A6;test
M10AUDVP011T008;AUDI;A6;test
M10AUDVP011U009;AUDI;A6;test
M10AUDVP010M656;AUDI;A6;test
M10AUDVP010N657;AUDI;A6;test
M10AUDVP010P658;AUDI;A6;test
M10AUDVP010T688;AUDI;A6;test
M10AUDVP010U689;AUDI;A6;test
M10AUDVP010V690;AUDI;A6;test
M10AUDVP010J652;AUDI;A6;test
M10AUDVP010J653;AUDI;A6;test
M10AUDVP010K654;AUDI;A6;test
M10AUDVP010X692;AUDI;A6;test
M10AUDVP010Y693;AUDI;A6;test
M10AUDVP010Z694;AUDI;A6;test
M10AUDVP0103698;AUDI;A6;test
M10AUDVP010P780;AUDI;A6;test
M10AUDVP010R783;AUDI;A6;test
M10AUDVP010S784;AUDI;A6;test
M10AUDVP010T785;AUDI;A6;test
M10AUDVP010W788;AUDI;A6;test
M10AUDVP010X789;AUDI;A6;test
M10AUDVP0100792;AUDI;A6;test
M10AUDVP0101793;AUDI;A6;test
M10AUDVP010Z791;AUDI;A6;test
M10AUDVP0100731;AUDI;A6;test
M10AUDVP010Y729;AUDI;A6;test
M10AUDVP010Z730;AUDI;A6;test
M10AUDVP010D744;AUDI;A6;test
M10AUDVP010G747;AUDI;A6;test
M10AUDVP010H748;AUDI;A6;test
M10AUDVP010J749;AUDI;A6;test
M10AUDVP010L752;AUDI;A6;test
M10AUDVP010M753;AUDI;A6;test
M10AUDVP0102927;AUDI;A6;test
M10AUDVP0103928;AUDI;A6;test
M10AUDVP0104929;AUDI;A6;test
M10AUDVP0105930;AUDI;A6;test
M10AUDVP011V010;AUDI;A6;test
M10AUDVP011W011;AUDI;A6;test
M10AUDVP011X012;AUDI;A6;test
M10AUDVP011Y013;AUDI;A6;test
M10AUDVP011Z014;AUDI;A6;test
M10AUDVP0102769;AUDI;A6;test
M10AUDVP0103770;AUDI;A6;test
M10AUDVP0104771;AUDI;A6;test
M10AUDVP0106737;AUDI;A6;test
M10AUDVP0107738;AUDI;A6;test
M10AUDVP0108739;AUDI;A6;test
M10AUDVP0102733;AUDI;A6;test
M10AUDVP0103734;AUDI;A6;test
M10AUDVP0104735;AUDI;A6;test
M10AUDVP0106773;AUDI;A6;test
M10AUDVP0107774;AUDI;A6;test
M10AUDVP0108775;AUDI;A6;test
M10AUDVP010N779;AUDI;A6;test
M10AUDVP0106798;AUDI;A7;entrainement
M10AUDVP010E224;AUDI;A7;entrainement
M10AUDVP010L583;AUDI;A7;entrainement
M10AUDVP010T566;AUDI;A7;entrainement
M10AUDVP010U240;AUDI;A7;entrainement
M10AUDVP0100246;AUDI;A7;entrainement
M10AUDVP010C258;AUDI;A7;entrainement
M10AUDVP0085774;AUDI;A8;calibration
M10AUDVP008C806;AUDI;A8;calibration
M10AUDVP008P782;AUDI;A8;calibration
M10AUDVP0084798;AUDI;A8;calibration
M10AUDVP008H714;AUDI;A8;calibration
M10AUDVP008U763;AUDI;A8;calibration
M10AUDVP008V728;AUDI;A8;calibration
M10AUDVP008J751;AUDI;A8;calibration
M10AUDVP0092310;AUDI;A8;calibration
M10AUDVP0115383;AUDI;Q3;entrainement
M10AUDVP011R297;AUDI;Q3;entrainement
M10AUDVP011V301;AUDI;Q3;entrainement
M10AUDVP011W302;AUDI;Q3;entrainement
M10AUDVP011X303;AUDI;Q3;entrainement
M10AUDVP011Y304;AUDI;Q3;entrainement
M10AUDVP011Z305;AUDI;Q3;entrainement
M10AUDVP011G358;AUDI;Q3;entrainement
M10AUDVP011B353;AUDI;Q3;entrainement
M10AUDVP011C354;AUDI;Q3;entrainement
M10AUDVP011M267;AUDI;Q3;entrainement
M10AUDVP011N268;AUDI;Q3;entrainement
M10AUDVP011P269;AUDI;Q3;entrainement
M10AUDVP011H517;AUDI;Q3;entrainement
M10AUDVP011J518;AUDI;Q3;entrainement
M10AUDVP011J519;AUDI;Q3;entrainement
M10AUDVP011K520;AUDI;Q3;entrainement
M10AUDVP011N523;AUDI;Q3;entrainement
M10AUDVP011R369;AUDI;Q3;entrainement
M10AUDVP0111282;AUDI;Q3;entrainement
M10AUDVP011P270;AUDI;Q3;entrainement
M10AUDVP011R271;AUDI;Q3;entrainement
M10AUDVP011R272;AUDI;Q3;entrainement
M10AUDVP011S370;AUDI;Q3;entrainement
M10AUDVP011T371;AUDI;Q3;entrainement
M10AUDVP011U275;AUDI;Q3;entrainement
M10AUDVP011U372;AUDI;Q3;entrainement
M10AUDVP011V276;AUDI;Q3;entrainement
M10AUDVP011V373;AUDI;Q3;entrainement
M10AUDVP011W374;AUDI;Q3;entrainement
M10AUDVP011X278;AUDI;Q3;entrainement
M10AUDVP011X375;AUDI;Q3;entrainement
M10AUDVP011Y279;AUDI;Q3;entrainement
M10AUDVP011Y376;AUDI;Q3;entrainement
M10AUDVP011Z280;AUDI;Q3;entrainement
M10AUDVP011Z377;AUDI;Q3;entrainement
M10AUDVP0113284;AUDI;Q3;entrainement
M10AUDVP0114285;AUDI;Q3;entrainement
M10AUDVP0116287;AUDI;Q3;entrainement
M10AUDVP0117288;AUDI;Q3;entrainement
M10AUDVP0119290;AUDI;Q3;entrainement
M10AUDVP011M292;AUDI;Q3;entrainement
M10AUDVP011N293;AUDI;Q3;entrainement
M10AUDVP011P294;AUDI;Q3;entrainement
M1GAUDVP0110326;AUDI;Q5;calibration
M1GAUDVP0112328;AUDI;Q5;calibration
M1GAUDVP0113329;AUDI;Q5;calibration
M1GAUDVP0114330;AUDI;Q5;calibration
M1GAUDVP011P350;AUDI;Q5;calibration
M10AUDVP011W338;AUDI;Q5;calibration
M1GAUDVP011E340;AUDI;Q5;calibration
M1GAUDVP011T319;AUDI;Q5;calibration
M1GAUDVP0115331;AUDI;Q5;calibration
M1GAUDVP0118334;AUDI;Q5;calibration
M1GAUDVP011K346;AUDI;Q5;calibration
M1GAUDVP008D087;AUDI;Q7;test
M1GAUDVP008H055;AUDI;Q7;test
M1GAUDVP008T031;AUDI;Q7;test
M1GAUDVP008C111;AUDI;Q7;test
M1GAUDVP008A012;AUDI;Q7;test
M10AUDVP0079901;AUDI;R8;entrainement
M10AUDVP007D905;AUDI;R8;entrainement
M10AUDVP007L913;AUDI;R8;entrainement
M10AUDVP007P917;AUDI;R8;entrainement
M10AUDVP010L170;AUDI;R8;entrainement
M10AUDVP010N172;AUDI;R8;entrainement
M10AUDVP010P174;AUDI;R8;entrainement
M10AUDVP007T921;AUDI;R8;entrainement
M10AUDVP007X925;AUDI;R8;entrainement
M10AUDVP0079937;AUDI;R8;entrainement
M10AUDVP010B609;AUDI;R8;entrainement
M10AUDVP011K653;AUDI;A3;entrainement
M10AUDVP011L654;AUDI;A3;entrainement
M10AUDVP010T918;AUDI;A6;test
M10AUDVP010U822;AUDI;A7;entrainement
M10AUDVP011Z402;AUDI;A1;entrainement
M10AUDVP0119412;AUDI;A1;entrainement
M10AUDVP010K388;AUDI;A3;entrainement
M10AUDVP010L389;AUDI;A3;entrainement
M10AUDVP0107095;AUDI;A3;entrainement
M10AUDVP010F067;AUDI;A3;entrainement
M10AUDVP010G068;AUDI;A3;entrainement
M10AUDVP010N427;AUDI;A3;entrainement
M10AUDVP010P428;AUDI;A3;entrainement
M10AUDVP009E807;AUDI;A4;entrainement
M10AUDVP009J848;AUDI;A4;entrainement
M10AUDVP0094833;AUDI;A5;entrainement
M10AUDVP009Y827;AUDI;A5;entrainement
M10AUDVP0093868;AUDI;A5;entrainement
M10AUDVP0106931;AUDI;A6;test
M10AUDVP0107932;AUDI;A6;test
M10AUDVP0108933;AUDI;A6;test
M10AUDVP0109934;AUDI;A6;test
M10AUDVP010R589;AUDI;A7;entrainement
M10AUDVP009G130;AUDI;A8;calibration
M10AUDVP011E320;AUDI;Q5;calibration
M10AUDVP010A935;AUDI;TT;test
M10AUDVP010F613;AUDI;TT;test
M10AUDVP0111501;AUDI;TT;test
M10AUDVP010J943;AUDI;TT;test
M10AUDVP0119509;AUDI;TT;test
M10AUDVP011B511;AUDI;TT;test
M10BTLVP000L197;BENTLEY;CONTINENTAL;entrainement
M10BTLVP000M198;BENTLEY;CONTINENTAL;entrainement
M10BTLVP000V207;BENTLEY;CONTINENTAL;entrainement
M10BTLVP000W208;BENTLEY;CONTINENTAL;entrainement
M10BTLVP000J195;BENTLEY;CONTINENTAL;entrainement
M10BTLVP000K196;BENTLEY;CONTINENTAL;entrainement
M10BTLVP000T205;BENTLEY;CONTINENTAL;entrainement
M10BTLVP000U206;BENTLEY;CONTINENTAL;entrainement
M10BTLVP000N199;BENTLEY;CONTINENTAL;entrainement
M10BTLVP000P200;BENTLEY;CONTINENTAL;entrainement
M10BTLVP000X209;BENTLEY;CONTINENTAL;entrainement
M10BTLVP000Y210;BENTLEY;CONTINENTAL;entrainement
M10BTLVP000P201;BENTLEY;CONTINENTAL;entrainement
M10BTLVP000R202;BENTLEY;CONTINENTAL;entrainement
M10BTLVP0000212;BENTLEY;CONTINENTAL;entrainement
M10BTLVP000Z211;BENTLEY;CONTINENTAL;entrainement
M10BTLVP000R203;BENTLEY;CONTINENTAL;entrainement
M10BTLVP000S204;BENTLEY;CONTINENTAL;entrainement
M10BTLVP0004191;BENTLEY;FLYING SPUR;entrainement
M10BTLVP0005192;BENTLEY;FLYING SPUR;entrainement
M10BTLVP0006193;BENTLEY;FLYING SPUR;entrainement
M10BTLVP000J194;BENTLEY;FLYING SPUR;entrainement
M10BTLVP0000187;BENTLEY;FLYING SPUR;entrainement
M10BTLVP0001188;BENTLEY;FLYING SPUR;entrainement
M10BTLVP0002189;BENTLEY;FLYING SPUR;entrainement
M10BTLVP0003190;BENTLEY;FLYING SPUR;entrainement
M10BTLVP0001213;BENTLEY;MULSANNE;calibration
M10BTLVP0002214;BENTLEY;MULSANNE;calibration
M10BTLVP0003215;BENTLEY;MULSANNE;calibration
M10BTLVP0004216;BENTLEY;MULSANNE;calibration
M10BTLVP0005217;BENTLEY;MULSANNE;calibration
M10BTLVP0006218;BENTLEY;MULSANNE;calibration
M10BTLVP0007219;BENTLEY;MULSANNE;calibration
M10BTLVP0008220;BENTLEY;MULSANNE;calibration
M10BMWVP017M116;BMW;M3;calibration
M10BMWVP017N117;BMW;M3;calibration
M10BMWVP017U124;BMW;M4;entrainement
M10BMWVP017V125;BMW;M4;entrainement
M10BMWVP017L090;BMW;M5;calibration
M10BMWVP017M091;BMW;M5;calibration
M10BMWVP026U636;BMW;116;entrainement
M10BMWVP026V637;BMW;116;entrainement
M10BMWVP026W638;BMW;116;entrainement
M10BMWVP026X639;BMW;116;entrainement
M10BMWVP026Y640;BMW;116;entrainement
M10BMWVP026Z641;BMW;116;entrainement
M10BMWVP0270580;BMW;116;entrainement
M10BMWVP0271581;BMW;116;entrainement
M10BMWVP027D582;BMW;116;entrainement
M10BMWVP027E583;BMW;116;entrainement
M10BMWVP027F584;BMW;116;entrainement
M10BMWVP027G585;BMW;116;entrainement
M10BMWVP027H586;BMW;116;entrainement
M10BMWVP027J587;BMW;116;entrainement
M10BMWVP027J588;BMW;116;entrainement
M10BMWVP027X577;BMW;116;entrainement
M10BMWVP027Y578;BMW;116;entrainement
M10BMWVP027Z579;BMW;116;entrainement
M10BMWVP0266648;BMW;118;entrainement
M10BMWVP0267649;BMW;118;entrainement
M10BMWVP0268650;BMW;118;entrainement
M10BMWVP0269651;BMW;118;entrainement
M10BMWVP026A652;BMW;118;entrainement
M10BMWVP026B653;BMW;118;entrainement
M10BMWVP026C654;BMW;118;entrainement
M10BMWVP026D655;BMW;118;entrainement
M10BMWVP026E656;BMW;118;entrainement
M10BMWVP026F657;BMW;118;entrainement
M10BMWVP026G658;BMW;118;entrainement
M10BMWVP026H659;BMW;118;entrainement
M10BMWVP026J660;BMW;118;entrainement
M10BMWVP026J661;BMW;118;entrainement
M10BMWVP026K662;BMW;118;entrainement
M10BMWVP026L663;BMW;118;entrainement
M10BMWVP026M664;BMW;118;entrainement
M10BMWVP026N665;BMW;118;entrainement
M10BMWVP026N532;BMW;120;entrainement
M10BMWVP026P533;BMW;120;entrainement
M10BMWVP026P534;BMW;120;entrainement
M10BMWVP026R535;BMW;120;entrainement
M10BMWVP026R536;BMW;120;entrainement
M10BMWVP026S537;BMW;120;entrainement
M10BMWVP026T538;BMW;120;entrainement
M10BMWVP026U539;BMW;120;entrainement
M10BMWVP026V540;BMW;120;entrainement
M10BMWVP026W541;BMW;120;entrainement
M10BMWVP026X542;BMW;120;entrainement
M10BMWVP026Y543;BMW;120;entrainement
M10BMWVP0277357;BMW;120;entrainement
M10BMWVP0278358;BMW;120;entrainement
M10BMWVP0279359;BMW;120;entrainement
M10BMWVP027A360;BMW;120;entrainement
M10BMWVP027B361;BMW;120;entrainement
M10BMWVP027C362;BMW;120;entrainement
M10BMWVP027D363;BMW;120;entrainement
M10BMWVP027E364;BMW;120;entrainement
M10BMWVP027F365;BMW;120;entrainement
M10BMWVP027G366;BMW;120;entrainement
M10BMWVP027H367;BMW;120;entrainement
M10BMWVP027J368;BMW;120;entrainement
M10BMWVP027J369;BMW;120;entrainement
M10BMWVP027K370;BMW;120;entrainement
M10BMWVP027L371;BMW;120;entrainement
M10BMWVP027M372;BMW;120;entrainement
M10BMWVP027N373;BMW;120;entrainement
M10BMWVP027P374;BMW;120;entrainement
M10BMWVP027P375;BMW;120;entrainement
M10BMWVP027R376;BMW;120;entrainement
M10BMWVP027R377;BMW;120;entrainement
M10BMWVP027S378;BMW;120;entrainement
M10BMWVP027T379;BMW;120;entrainement
M10BMWVP027U380;BMW;120;entrainement
M10BMWVP026B556;BMW;125;entrainement
M10BMWVP026C557;BMW;125;entrainement
M10BMWVP026F560;BMW;125;entrainement
M10BMWVP026G561;BMW;125;entrainement
M10BMWVP026H562;BMW;125;entrainement
M10BMWVP026L566;BMW;125;entrainement
M10BMWVP026M567;BMW;125;entrainement
M10BMWVP026P570;BMW;125;entrainement
M10BMWVP026R571;BMW;125;entrainement
M10BMWVP026R572;BMW;125;entrainement
M10BMWVP0272413;BMW;125;entrainement
M10BMWVP0273414;BMW;125;entrainement
M10BMWVP0274415;BMW;125;entrainement
M10BMWVP0278419;BMW;125;entrainement
M10BMWVP0279420;BMW;125;entrainement
M10BMWVP027A421;BMW;125;entrainement
M10BMWVP027E425;BMW;125;entrainement
M10BMWVP027F426;BMW;125;entrainement
M10BMWVP027J429;BMW;125;entrainement
M10BMWVP027J430;BMW;125;entrainement
M10BMWVP027M433;BMW;125;entrainement
M10BMWVP027N434;BMW;125;entrainement
M10BMWVP027P435;BMW;125;entrainement
M10BMWVP027S439;BMW;125;entrainement
M10BMWVP027T440;BMW;125;entrainement
M10BMWVP027U405;BMW;125;entrainement
M10BMWVP027U441;BMW;125;entrainement
M10BMWVP027V406;BMW;125;entrainement
M10BMWVP027Y409;BMW;125;entrainement
M10BMWVP027Z410;BMW;125;entrainement
M10BMWVP0260678;BMW;114;calibration
M10BMWVP026C679;BMW;114;calibration
M10BMWVP026D680;BMW;114;calibration
M10BMWVP026E681;BMW;114;calibration
M10BMWVP027K661;BMW;114;calibration
M10BMWVP027L662;BMW;114;calibration
M10BMWVP027M663;BMW;114;calibration
M10BMWVP027N664;BMW;114;calibration
M10BMWVP027P665;BMW;114;calibration
M10BMWVP027P666;BMW;114;calibration
M10BMWVP027R667;BMW;114;calibration
M10BMWVP027R668;BMW;114;calibration
M10BMWVP0260606;BMW;120;entrainement
M10BMWVP0261607;BMW;120;entrainement
M10BMWVP0262608;BMW;120;entrainement
M10BMWVP0263609;BMW;120;entrainement
M10BMWVP0264610;BMW;120;entrainement
M10BMWVP0265611;BMW;120;entrainement
M10BMWVP0266612;BMW;120;entrainement
M10BMWVP0267613;BMW;120;entrainement
M10BMWVP0268614;BMW;120;entrainement
M10BMWVP0269615;BMW;120;entrainement
M10BMWVP026A616;BMW;120;entrainement
M10BMWVP026B617;BMW;120;entrainement
M10BMWVP026P630;BMW;116;entrainement
M10BMWVP026P631;BMW;116;entrainement
M10BMWVP026R632;BMW;116;entrainement
M10BMWVP0279517;BMW;116;entrainement
M10BMWVP027A518;BMW;116;entrainement
M10BMWVP027B519;BMW;116;entrainement
M10BMWVP027C520;BMW;116;entrainement
M10BMWVP027D521;BMW;116;entrainement
M10BMWVP027E522;BMW;116;entrainement
M10BMWVP027F523;BMW;116;entrainement
M10BMWVP027G524;BMW;116;entrainement
M10BMWVP027H525;BMW;116;entrainement
M10BMWVP027J526;BMW;116;entrainement
M10BMWVP027J527;BMW;116;entrainement
M10BMWVP027K528;BMW;116;entrainement
M10BMWVP027L529;BMW;116;entrainement
M10BMWVP027L565;BMW;116;entrainement
M10BMWVP027M530;BMW;116;entrainement
M10BMWVP027M566;BMW;116;entrainement
M10BMWVP027N531;BMW;116;entrainement
M10BMWVP027N567;BMW;116;entrainement
M10BMWVP027P532;BMW;116;entrainement
M10BMWVP027P533;BMW;116;entrainement
M10BMWVP027P568;BMW;116;entrainement
M10BMWVP027P569;BMW;116;entrainement
M10BMWVP027R534;BMW;116;entrainement
M10BMWVP027R535;BMW;116;entrainement
M10BMWVP027R570;BMW;116;entrainement
M10BMWVP027S536;BMW;116;entrainement
M10BMWVP027T537;BMW;116;entrainement
M10BMWVP027U538;BMW;116;entrainement
M10BMWVP027V539;BMW;116;entrainement
M10BMWVP027W540;BMW;116;entrainement
M10BMWVP0260351;BMW;118;entrainement
M10BMWVP0261995;BMW;118;entrainement
M10BMWVP0262996;BMW;118;entrainement
M10BMWVP0265999;BMW;118;entrainement
M10BMWVP026G331;BMW;118;entrainement
M10BMWVP026H526;BMW;118;entrainement
M10BMWVP026J333;BMW;118;entrainement
M10BMWVP026J334;BMW;118;entrainement
M10BMWVP026J527;BMW;118;entrainement
M10BMWVP026J528;BMW;118;entrainement
M10BMWVP026K529;BMW;118;entrainement
M10BMWVP026L530;BMW;118;entrainement
M10BMWVP026M337;BMW;118;entrainement
M10BMWVP026M531;BMW;118;entrainement
M10BMWVP026N338;BMW;118;entrainement
M10BMWVP026P339;BMW;118;entrainement
M10BMWVP026S343;BMW;118;entrainement
M10BMWVP026U345;BMW;118;entrainement
M10BMWVP026V346;BMW;118;entrainement
M10BMWVP026X991;BMW;118;entrainement
M10BMWVP026Y349;BMW;118;entrainement
M10BMWVP026Z350;BMW;118;entrainement
M10BMWVP026Z993;BMW;118;entrainement
M10BMWVP0270023;BMW;118;entrainement
M10BMWVP0271024;BMW;118;entrainement
M10BMWVP0274027;BMW;118;entrainement
M10BMWVP0275028;BMW;118;entrainement
M10BMWVP0276029;BMW;118;entrainement
M10BMWVP027A033;BMW;118;entrainement
M10BMWVP027B034;BMW;118;entrainement
M10BMWVP027C035;BMW;118;entrainement
M10BMWVP027D000;BMW;118;entrainement
M10BMWVP027D485;BMW;118;entrainement
M10BMWVP027E486;BMW;118;entrainement
M10BMWVP027F487;BMW;118;entrainement
M10BMWVP027G003;BMW;118;entrainement
M10BMWVP027G488;BMW;118;entrainement
M10BMWVP027H004;BMW;118;entrainement
M10BMWVP027H489;BMW;118;entrainement
M10BMWVP027J005;BMW;118;entrainement
M10BMWVP027J490;BMW;118;entrainement
M10BMWVP027J491;BMW;118;entrainement
M10BMWVP027K492;BMW;118;entrainement
M10BMWVP027L493;BMW;118;entrainement
M10BMWVP027M009;BMW;118;entrainement
M10BMWVP027M494;BMW;118;entrainement
M10BMWVP027N010;BMW;118;entrainement
M10BMWVP027N495;BMW;118;entrainement
M10BMWVP027P011;BMW;118;entrainement
M10BMWVP027P496;BMW;118;entrainement
M10BMWVP027S015;BMW;118;entrainement
M10BMWVP027U017;BMW;118;entrainement
M10BMWVP027W019;BMW;118;entrainement
M10BMWVP027X020;BMW;118;entrainement
M10BMWVP0260412;BMW;120;entrainement
M10BMWVP0261413;BMW;120;entrainement
M10BMWVP0262414;BMW;120;entrainement
M10BMWVP0269421;BMW;120;entrainement
M10BMWVP026C424;BMW;120;entrainement
M10BMWVP026D425;BMW;120;entrainement
M10BMWVP026J430;BMW;120;entrainement
M10BMWVP026J431;BMW;120;entrainement
M10BMWVP026K432;BMW;120;entrainement
M10BMWVP026R403;BMW;120;entrainement
M10BMWVP026U406;BMW;120;entrainement
M10BMWVP026V407;BMW;120;entrainement
M10BMWVP0276162;BMW;120;entrainement
M10BMWVP0277163;BMW;120;entrainement
M10BMWVP0278164;BMW;120;entrainement
M10BMWVP027F135;BMW;120;entrainement
M10BMWVP027F171;BMW;120;entrainement
M10BMWVP027H198;BMW;120;entrainement
M10BMWVP027J138;BMW;120;entrainement
M10BMWVP027J174;BMW;120;entrainement
M10BMWVP027J199;BMW;120;entrainement
M10BMWVP027J200;BMW;120;entrainement
M10BMWVP027L141;BMW;120;entrainement
M10BMWVP027L177;BMW;120;entrainement
M10BMWVP027M142;BMW;120;entrainement
M10BMWVP027M178;BMW;120;entrainement
M10BMWVP027R147;BMW;120;entrainement
M10BMWVP027R183;BMW;120;entrainement
M10BMWVP027S148;BMW;120;entrainement
M10BMWVP027S184;BMW;120;entrainement
M10BMWVP027X153;BMW;120;entrainement
M10BMWVP027X189;BMW;120;entrainement
M10BMWVP027Y154;BMW;120;entrainement
M10BMWVP027Y190;BMW;120;entrainement
M10BMWVP027Z155;BMW;120;entrainement
M10BMWVP027Z191;BMW;120;entrainement
M10BMWVP0262511;BMW;125;entrainement
M10BMWVP0263512;BMW;125;entrainement
M10BMWVP0266515;BMW;125;entrainement
M10BMWVP0267516;BMW;125;entrainement
M10BMWVP0268517;BMW;125;entrainement
M10BMWVP0230415;BMW;218;entrainement
M10BMWVP0231416;BMW;218;entrainement
M10BMWVP0253998;BMW;218;entrainement
M10BMWVP0254999;BMW;218;entrainement
M10BMWVP025F974;BMW;218;entrainement
M10BMWVP025G975;BMW;218;entrainement
M10BMWVP025H976;BMW;218;entrainement
M10BMWVP025J977;BMW;218;entrainement
M10BMWVP025J978;BMW;218;entrainement
M10BMWVP025L980;BMW;218;entrainement
M10BMWVP025M981;BMW;218;entrainement
M10BMWVP025N982;BMW;218;entrainement
M10BMWVP025P983;BMW;218;entrainement
M10BMWVP025P984;BMW;218;entrainement
M10BMWVP026A131;BMW;214;calibration
M10BMWVP026C000;BMW;218;entrainement
M10BMWVP026C133;BMW;214;calibration
M10BMWVP026D001;BMW;218;entrainement
M10BMWVP026D134;BMW;214;calibration
M10BMWVP026E002;BMW;218;entrainement
M10BMWVP026G004;BMW;218;entrainement
M10BMWVP026H005;BMW;218;entrainement
M10BMWVP026H138;BMW;214;calibration
M10BMWVP026J006;BMW;218;entrainement
M10BMWVP026J007;BMW;218;entrainement
M10BMWVP026K008;BMW;218;entrainement
M10BMWVP0250740;BMW;220;test
M10BMWVP0251741;BMW;220;test
M10BMWVP0252742;BMW;220;test
M10BMWVP0253937;BMW;220;test
M10BMWVP0254938;BMW;220;test
M10BMWVP0255939;BMW;220;test
M10BMWVP0256940;BMW;220;test
M10BMWVP0257941;BMW;220;test
M10BMWVP0258942;BMW;220;test
M10BMWVP025R961;BMW;220;test
M10BMWVP025S962;BMW;220;test
M10BMWVP025T963;BMW;220;test
M10BMWVP025U964;BMW;220;test
M10BMWVP025V965;BMW;220;test
M10BMWVP025W966;BMW;220;test
M10BMWVP025Z739;BMW;220;test
M10BMWVP0233454;BMW;220;test
M10BMWVP0237458;BMW;220;test
M10BMWVP023B462;BMW;220;test
M10BMWVP023Z450;BMW;220;test
M10BMWVP0261158;BMW;220;test
M10BMWVP0263160;BMW;220;test
M10BMWVP0265162;BMW;220;test
M10BMWVP0269166;BMW;220;test
M10BMWVP026B168;BMW;220;test
M10BMWVP026D170;BMW;220;test
M10BMWVP0236421;BMW;225;test
M10BMWVP0237422;BMW;225;test
M10BMWVP023V482;BMW;225;test
M10BMWVP023X484;BMW;225;test
M10BMWVP0253901;BMW;218;entrainement
M10BMWVP0254902;BMW;218;entrainement
M10BMWVP0255903;BMW;218;entrainement
M10BMWVP0256904;BMW;218;entrainement
M10BMWVP0257905;BMW;218;entrainement
M10BMWVP0258906;BMW;218;entrainement
M10BMWVP025F949;BMW;228;calibration
M10BMWVP025G950;BMW;228;calibration
M10BMWVP025H951;BMW;228;calibration
M10BMWVP025J952;BMW;228;calibration
M10BMWVP025J953;BMW;228;calibration
M10BMWVP025K954;BMW;228;calibration
M10BMWVP0210126;BMW;235;calibration
M10BMWVP0211127;BMW;235;calibration
M10BMWVP0212128;BMW;235;calibration
M10BMWVP021F141;BMW;235;calibration
M10BMWVP021G142;BMW;235;calibration
M10BMWVP021Z125;BMW;235;calibration
M10BMWVP023A655;BMW;235;calibration
M10BMWVP023B656;BMW;235;calibration
M10BMWVP023C657;BMW;235;calibration
M10BMWVP023D658;BMW;235;calibration
M10BMWVP026T114;BMW;214;calibration
M10BMWVP026V116;BMW;214;calibration
M10BMWVP023M498;BMW;216;entrainement
M10BMWVP023P500;BMW;216;entrainement
M10BMWVP026C230;BMW;216;entrainement
M10BMWVP026D231;BMW;216;entrainement
M10BMWVP026G234;BMW;216;entrainement
M10BMWVP025F913;BMW;218;entrainement
M10BMWVP025G914;BMW;218;entrainement
M10BMWVP025H757;BMW;218;entrainement
M10BMWVP025H915;BMW;218;entrainement
M10BMWVP025J758;BMW;218;entrainement
M10BMWVP025L919;BMW;218;entrainement
M10BMWVP025M920;BMW;218;entrainement
M10BMWVP025N763;BMW;218;entrainement
M10BMWVP025N921;BMW;218;entrainement
M10BMWVP025P764;BMW;218;entrainement
M10BMWVP023A425;BMW;218;entrainement
M10BMWVP023C427;BMW;218;entrainement
M10BMWVP023E429;BMW;218;entrainement
M10BMWVP023G431;BMW;218;entrainement
M10BMWVP026H296;BMW;218;entrainement
M10BMWVP026L300;BMW;218;entrainement
M10BMWVP026P304;BMW;218;entrainement
M10BMWVP026R280;BMW;218;entrainement
M10BMWVP026U284;BMW;218;entrainement
M10BMWVP026Y288;BMW;218;entrainement
M10BMWVP0236554;BMW;220;test
M10BMWVP023A522;BMW;220;test
M10BMWVP023A558;BMW;220;test
M10BMWVP023E526;BMW;220;test
M10BMWVP023J530;BMW;220;test
M10BMWVP023M534;BMW;220;test
M10BMWVP0255806;BMW;220;test
M10BMWVP0256807;BMW;220;test
M10BMWVP025C813;BMW;220;test
M10BMWVP025D814;BMW;220;test
M10BMWVP025P862;BMW;220;test
M10BMWVP025R863;BMW;220;test
M10BMWVP025W869;BMW;220;test
M10BMWVP025X870;BMW;220;test
M10BMWVP0260060;BMW;220;test
M10BMWVP0261061;BMW;220;test
M10BMWVP0262062;BMW;220;test
M10BMWVP0266030;BMW;220;test
M10BMWVP0267031;BMW;220;test
M10BMWVP0268032;BMW;220;test
M10BMWVP026J200;BMW;220;test
M10BMWVP026L081;BMW;220;test
M10BMWVP026M082;BMW;220;test
M10BMWVP026N083;BMW;220;test
M10BMWVP026U054;BMW;220;test
M10BMWVP026U090;BMW;220;test
M10BMWVP026V055;BMW;220;test
M10BMWVP026V091;BMW;220;test
M10BMWVP026W092;BMW;220;test
M10BMWVP026X021;BMW;220;test
M10BMWVP026Y022;BMW;220;test
M10BMWVP026Z023;BMW;220;test
M10BMWVP026Z192;BMW;220;test
M10BMWVP025X931;BMW;225;test
M10BMWVP025Y932;BMW;225;test
M10BMWVP025Z933;BMW;225;test
M10BMWVP026J951;BMW;SERIE 3 ACTIVEHYBRID;entrainement
M10BMWVP024C850;BMW;316;entrainement
M10BMWVP024D851;BMW;316;entrainement
M10BMWVP024E852;BMW;316;entrainement
M10BMWVP024F853;BMW;316;entrainement
M10BMWVP024G854;BMW;316;entrainement
M10BMWVP024H855;BMW;316;entrainement
M10BMWVP024R926;BMW;316;entrainement
M10BMWVP024S927;BMW;316;entrainement
M10BMWVP024T928;BMW;316;entrainement
M10BMWVP024U929;BMW;316;entrainement
M10BMWVP024V930;BMW;316;entrainement
M10BMWVP024W931;BMW;316;entrainement
M10BMWVP0260775;BMW;316;entrainement
M10BMWVP026C776;BMW;316;entrainement
M10BMWVP026J686;BMW;316;entrainement
M10BMWVP026K687;BMW;316;entrainement
M10BMWVP026L688;BMW;316;entrainement
M10BMWVP026M689;BMW;316;entrainement
M10BMWVP026N690;BMW;316;entrainement
M10BMWVP026P691;BMW;316;entrainement
M10BMWVP026W771;BMW;316;entrainement
M10BMWVP026X772;BMW;316;entrainement
M10BMWVP026Y773;BMW;316;entrainement
M10BMWVP026Z774;BMW;316;entrainement
M10BMWVP0266745;BMW;320;entrainement
M10BMWVP0268747;BMW;320;entrainement
M10BMWVP0200903;BMW;320;entrainement
M10BMWVP0204907;BMW;320;entrainement
M10BMWVP020P927;BMW;320;entrainement
M10BMWVP020S931;BMW;320;entrainement
M10BMWVP020T932;BMW;320;entrainement
M10BMWVP020U933;BMW;320;entrainement
M10BMWVP0219972;BMW;320;entrainement
M10BMWVP021D976;BMW;320;entrainement
M10BMWVP021G239;BMW;320;entrainement
M10BMWVP021H179;BMW;320;entrainement
M10BMWVP021H240;BMW;320;entrainement
M10BMWVP021J180;BMW;320;entrainement
M10BMWVP021L183;BMW;320;entrainement
M10BMWVP021M184;BMW;320;entrainement
M10BMWVP022C004;BMW;320;entrainement
M10BMWVP022G008;BMW;320;entrainement
M10BMWVP022H009;BMW;320;entrainement
M10BMWVP022J010;BMW;320;entrainement
M10BMWVP024F950;BMW;320;entrainement
M10BMWVP024G951;BMW;320;entrainement
M10BMWVP024H952;BMW;320;entrainement
M10BMWVP024J953;BMW;320;entrainement
M10BMWVP024J954;BMW;320;entrainement
M10BMWVP024K955;BMW;320;entrainement
M10BMWVP024P862;BMW;320;entrainement
M10BMWVP024P863;BMW;320;entrainement
M10BMWVP024R864;BMW;320;entrainement
M10BMWVP024R865;BMW;320;entrainement
M10BMWVP024R986;BMW;320;entrainement
M10BMWVP024R987;BMW;320;entrainement
M10BMWVP024S988;BMW;320;entrainement
M10BMWVP024T989;BMW;320;entrainement
M10BMWVP024U990;BMW;320;entrainement
M10BMWVP024V991;BMW;320;entrainement
M10BMWVP024W870;BMW;320;entrainement
M10BMWVP024X871;BMW;320;entrainement
M10BMWVP0263706;BMW;320;entrainement
M10BMWVP0264707;BMW;320;entrainement
M10BMWVP026D849;BMW;320;entrainement
M10BMWVP026E850;BMW;320;entrainement
M10BMWVP026F851;BMW;320;entrainement
M10BMWVP026G852;BMW;320;entrainement
M10BMWVP026H853;BMW;320;entrainement
M10BMWVP026J819;BMW;320;entrainement
M10BMWVP026J854;BMW;320;entrainement
M10BMWVP026K820;BMW;320;entrainement
M10BMWVP026L821;BMW;320;entrainement
M10BMWVP026V698;BMW;320;entrainement
M10BMWVP026W699;BMW;320;entrainement
M10BMWVP026X700;BMW;320;entrainement
M10BMWVP026Y701;BMW;320;entrainement
M10BMWVP021G203;BMW;328;entrainement
M10BMWVP021H204;BMW;328;entrainement
M10BMWVP0242998;BMW;328;entrainement
M10BMWVP0243938;BMW;328;entrainement
M10BMWVP0246941;BMW;328;entrainement
M10BMWVP025C001;BMW;328;entrainement
M10BMWVP0260836;BMW;328;entrainement
M10BMWVP026K784;BMW;328;entrainement
M10BMWVP026L785;BMW;328;entrainement
M10BMWVP026N787;BMW;328;entrainement
M10BMWVP026P788;BMW;328;entrainement
M10BMWVP026W832;BMW;328;entrainement
M10BMWVP026X833;BMW;328;entrainement
M10BMWVP026Z835;BMW;328;entrainement
M10BMWVP021K207;BMW;335;calibration
M10BMWVP021L208;BMW;335;calibration
M10BMWVP021P211;BMW;335;calibration
M10BMWVP021P212;BMW;335;calibration
M10BMWVP024A970;BMW;335;calibration
M10BMWVP024B971;BMW;335;calibration
M10BMWVP024R962;BMW;335;calibration
M10BMWVP024T964;BMW;335;calibration
M10BMWVP024U965;BMW;335;calibration
M10BMWVP024X968;BMW;335;calibration
M10BMWVP025F004;BMW;335;calibration
M10BMWVP025H006;BMW;335;calibration
M10BMWVP025J007;BMW;335;calibration
M10BMWVP0261801;BMW;335;calibration
M10BMWVP0261837;BMW;335;calibration
M10BMWVP026V795;BMW;335;calibration
M10BMWVP025K106;BMW;316;entrainement
M10BMWVP025L107;BMW;316;entrainement
M10BMWVP025M108;BMW;316;entrainement
M10BMWVP025N109;BMW;316;entrainement
M10BMWVP025P110;BMW;316;entrainement
M10BMWVP025P111;BMW;316;entrainement
M10BMWVP025R112;BMW;316;entrainement
M10BMWVP025R113;BMW;316;entrainement
M10BMWVP025S114;BMW;316;entrainement
M10BMWVP025T115;BMW;316;entrainement
M10BMWVP025U116;BMW;316;entrainement
M10BMWVP025V117;BMW;316;entrainement
M10BMWVP0260969;BMW;316;entrainement
M10BMWVP026C970;BMW;316;entrainement
M10BMWVP026D971;BMW;316;entrainement
M10BMWVP026E972;BMW;316;entrainement
M10BMWVP026F973;BMW;316;entrainement
M10BMWVP026G974;BMW;316;entrainement
M10BMWVP026H975;BMW;316;entrainement
M10BMWVP026J976;BMW;316;entrainement
M10BMWVP026J977;BMW;316;entrainement
M10BMWVP026K978;BMW;316;entrainement
M10BMWVP026Y967;BMW;316;entrainement
M10BMWVP026Z968;BMW;316;entrainement
M10BMWVP0155816;BMW;318;entrainement
M10BMWVP0156817;BMW;318;entrainement
M10BMWVP0157818;BMW;318;entrainement
M10BMWVP0158819;BMW;318;entrainement
M10BMWVP0184194;BMW;318;entrainement
M10BMWVP0185195;BMW;318;entrainement
M10BMWVP0187391;BMW;318;entrainement
M10BMWVP0188392;BMW;318;entrainement
M10BMWVP0189393;BMW;318;entrainement
M10BMWVP018A394;BMW;318;entrainement
M10BMWVP018B201;BMW;318;entrainement
M10BMWVP018C202;BMW;318;entrainement
M10BMWVP018D203;BMW;318;entrainement
M10BMWVP018K731;BMW;318;entrainement
M10BMWVP018L732;BMW;318;entrainement
M10BMWVP018S193;BMW;318;entrainement
M10BMWVP018S739;BMW;318;entrainement
M10BMWVP018T740;BMW;318;entrainement
M10BMWVP018W743;BMW;318;entrainement
M10BMWVP018X744;BMW;318;entrainement
M10BMWVP0249908;BMW;318;entrainement
M10BMWVP024F914;BMW;318;entrainement
M10BMWVP026E753;BMW;318;entrainement
M10BMWVP026K759;BMW;318;entrainement
M10BMWVP018J887;BMW;320;entrainement
M10BMWVP018J888;BMW;320;entrainement
M10BMWVP0261740;BMW;320;entrainement
M10BMWVP0262741;BMW;320;entrainement
M10BMWVP0151715;BMW;320;entrainement
M10BMWVP0152716;BMW;320;entrainement
M10BMWVP0153717;BMW;320;entrainement
M10BMWVP015A724;BMW;320;entrainement
M10BMWVP015D727;BMW;320;entrainement
M10BMWVP015E728;BMW;320;entrainement
M10BMWVP015F729;BMW;320;entrainement
M10BMWVP015Y712;BMW;320;entrainement
M10BMWVP0186559;BMW;320;entrainement
M10BMWVP0187560;BMW;320;entrainement
M10BMWVP0188295;BMW;320;entrainement
M10BMWVP018B298;BMW;320;entrainement
M10BMWVP018C299;BMW;320;entrainement
M10BMWVP018D300;BMW;320;entrainement
M10BMWVP018D627;BMW;320;entrainement
M10BMWVP018E628;BMW;320;entrainement
M10BMWVP018J633;BMW;320;entrainement
M10BMWVP018K307;BMW;320;entrainement
M10BMWVP018K634;BMW;320;entrainement
M10BMWVP018N310;BMW;320;entrainement
M10BMWVP018P311;BMW;320;entrainement
M10BMWVP018P312;BMW;320;entrainement
M10BMWVP018P639;BMW;320;entrainement
M10BMWVP018R640;BMW;320;entrainement
M10BMWVP018U547;BMW;320;entrainement
M10BMWVP018V548;BMW;320;entrainement
M10BMWVP018V645;BMW;320;entrainement
M10BMWVP018W646;BMW;320;entrainement
M10BMWVP024B874;BMW;320;entrainement
M10BMWVP024E877;BMW;320;entrainement
M10BMWVP024F878;BMW;320;entrainement
M10BMWVP024K883;BMW;320;entrainement
M10BMWVP0267710;BMW;320;entrainement
M10BMWVP026A713;BMW;320;entrainement
M10BMWVP026B714;BMW;320;entrainement
M10BMWVP026G719;BMW;320;entrainement
M10BMWVP026J722;BMW;320;entrainement
M10BMWVP026K723;BMW;320;entrainement
M10BMWVP0210223;BMW;325;calibration
M10BMWVP0211224;BMW;325;calibration
M10BMWVP021S215;BMW;325;calibration
M10BMWVP021T216;BMW;325;calibration
M10BMWVP0253064;BMW;325;calibration
M10BMWVP025X058;BMW;325;calibration
M10BMWVP026C909;BMW;325;calibration
M10BMWVP026J915;BMW;325;calibration
M10BMWVP0188755;BMW;330;calibration
M10BMWVP0189756;BMW;330;calibration
M10BMWVP018P771;BMW;330;calibration
M10BMWVP018P772;BMW;330;calibration
M10BMWVP025F076;BMW;330;calibration
M10BMWVP025R088;BMW;330;calibration
M10BMWVP0265744;BMW;330;calibration
M10BMWVP0266939;BMW;330;calibration
M10BMWVP026U927;BMW;330;calibration
M10BMWVP018F787;BMW;335;calibration
M10BMWVP018G788;BMW;335;calibration
M10BMWVP018H789;BMW;335;calibration
M10BMWVP018J790;BMW;335;calibration
M10BMWVP025E100;BMW;335;calibration
M10BMWVP025F101;BMW;335;calibration
M10BMWVP025G102;BMW;335;calibration
M10BMWVP026P957;BMW;335;calibration
M10BMWVP0216811;BMW;420;entrainement
M10BMWVP0217812;BMW;420;entrainement
M10BMWVP021M403;BMW;420;entrainement
M10BMWVP021N404;BMW;420;entrainement
M10BMWVP021U799;BMW;420;entrainement
M10BMWVP021V800;BMW;420;entrainement
M10BMWVP021Y415;BMW;420;entrainement
M10BMWVP021Z416;BMW;420;entrainement
M10BMWVP0256164;BMW;420;entrainement
M10BMWVP0257165;BMW;420;entrainement
M10BMWVP0258166;BMW;420;entrainement
M10BMWVP0258421;BMW;420;entrainement
M10BMWVP0259422;BMW;420;entrainement
M10BMWVP025A423;BMW;420;entrainement
M10BMWVP025C170;BMW;420;entrainement
M10BMWVP025D171;BMW;420;entrainement
M10BMWVP025E172;BMW;420;entrainement
M10BMWVP025E427;BMW;420;entrainement
M10BMWVP025F428;BMW;420;entrainement
M10BMWVP025G429;BMW;420;entrainement
M10BMWVP0258130;BMW;428;entrainement
M10BMWVP0259131;BMW;428;entrainement
M10BMWVP025A132;BMW;428;entrainement
M10BMWVP025B133;BMW;428;entrainement
M10BMWVP025C134;BMW;428;entrainement
M10BMWVP025D135;BMW;428;entrainement
M10BMWVP025E330;BMW;428;entrainement
M10BMWVP025F331;BMW;428;entrainement
M10BMWVP025H333;BMW;428;entrainement
M10BMWVP025J334;BMW;428;entrainement
M10BMWVP025K142;BMW;428;entrainement
M10BMWVP025L143;BMW;428;entrainement
M10BMWVP025M144;BMW;428;entrainement
M10BMWVP025R342;BMW;428;entrainement
M10BMWVP025R343;BMW;428;entrainement
M10BMWVP025T284;BMW;428;entrainement
M10BMWVP025T345;BMW;428;entrainement
M10BMWVP025U285;BMW;428;entrainement
M10BMWVP025U346;BMW;428;entrainement
M10BMWVP025V286;BMW;428;entrainement
M10BMWVP025W287;BMW;428;entrainement
M10BMWVP025X288;BMW;428;entrainement
M10BMWVP025Y289;BMW;428;entrainement
M10BMWVP0211515;BMW;435;calibration
M10BMWVP0213359;BMW;435;calibration
M10BMWVP0214360;BMW;435;calibration
M10BMWVP0217363;BMW;435;calibration
M10BMWVP0217679;BMW;435;calibration
M10BMWVP0219523;BMW;435;calibration
M10BMWVP021B683;BMW;435;calibration
M10BMWVP021C684;BMW;435;calibration
M10BMWVP021P671;BMW;435;calibration
M10BMWVP021S675;BMW;435;calibration
M10BMWVP021T676;BMW;435;calibration
M10BMWVP021U871;BMW;435;calibration
M10BMWVP021V387;BMW;435;calibration
M10BMWVP021V703;BMW;435;calibration
M10BMWVP021Z355;BMW;435;calibration
M10BMWVP0250219;BMW;435;calibration
M10BMWVP0253222;BMW;435;calibration
M10BMWVP0254223;BMW;435;calibration
M10BMWVP025R148;BMW;435;calibration
M10BMWVP025R149;BMW;435;calibration
M10BMWVP025R439;BMW;435;calibration
M10BMWVP025R440;BMW;435;calibration
M10BMWVP025V383;BMW;435;calibration
M10BMWVP025W384;BMW;435;calibration
M10BMWVP025Y156;BMW;435;calibration
M10BMWVP025Z157;BMW;435;calibration
M10BMWVP025Z218;BMW;435;calibration
M10BMWVP0251353;BMW;418;entrainement
M10BMWVP0252354;BMW;418;entrainement
M10BMWVP0253355;BMW;418;entrainement
M10BMWVP0257359;BMW;418;entrainement
M10BMWVP0259361;BMW;418;entrainement
M10BMWVP025A362;BMW;418;entrainement
M10BMWVP025D365;BMW;418;entrainement
M10BMWVP025E366;BMW;418;entrainement
M10BMWVP025F367;BMW;418;entrainement
M10BMWVP025V347;BMW;418;entrainement
M10BMWVP025X349;BMW;418;entrainement
M10BMWVP025Y350;BMW;418;entrainement
M10BMWVP0250255;BMW;420;entrainement
M10BMWVP0251256;BMW;420;entrainement
M10BMWVP0252257;BMW;420;entrainement
M10BMWVP025F234;BMW;420;entrainement
M10BMWVP025G235;BMW;420;entrainement
M10BMWVP025L240;BMW;420;entrainement
M10BMWVP025M241;BMW;420;entrainement
M10BMWVP025N242;BMW;420;entrainement
M10BMWVP025U249;BMW;420;entrainement
M10BMWVP025V250;BMW;420;entrainement
M10BMWVP0250546;BMW;420;entrainement
M10BMWVP0250704;BMW;420;entrainement
M10BMWVP0251547;BMW;420;entrainement
M10BMWVP0251705;BMW;420;entrainement
M10BMWVP0252645;BMW;420;entrainement
M10BMWVP0253646;BMW;420;entrainement
M10BMWVP0254647;BMW;420;entrainement
M10BMWVP0256710;BMW;420;entrainement
M10BMWVP0257711;BMW;420;entrainement
M10BMWVP0258712;BMW;420;entrainement
M10BMWVP025B485;BMW;420;entrainement
M10BMWVP025B654;BMW;420;entrainement
M10BMWVP025C486;BMW;420;entrainement
M10BMWVP025C655;BMW;420;entrainement
M10BMWVP025D487;BMW;420;entrainement
M10BMWVP025E560;BMW;420;entrainement
M10BMWVP025F561;BMW;420;entrainement
M10BMWVP025G562;BMW;420;entrainement
M10BMWVP025H660;BMW;420;entrainement
M10BMWVP025J661;BMW;420;entrainement
M10BMWVP025J662;BMW;420;entrainement
M10BMWVP025K494;BMW;420;entrainement
M10BMWVP025L495;BMW;420;entrainement
M10BMWVP025L689;BMW;420;entrainement
M10BMWVP025M690;BMW;420;entrainement
M10BMWVP025R500;BMW;420;entrainement
M10BMWVP025R501;BMW;420;entrainement
M10BMWVP025R695;BMW;420;entrainement
M10BMWVP025S502;BMW;420;entrainement
M10BMWVP025S696;BMW;420;entrainement
M10BMWVP025T539;BMW;420;entrainement
M10BMWVP025T697;BMW;420;entrainement
M10BMWVP025U479;BMW;420;entrainement
M10BMWVP025U540;BMW;420;entrainement
M10BMWVP025V480;BMW;420;entrainement
M10BMWVP025W639;BMW;420;entrainement
M10BMWVP025X640;BMW;420;entrainement
M10BMWVP025Z545;BMW;420;entrainement
M10BMWVP025E391;BMW;425;entrainement
M10BMWVP025G296;BMW;425;entrainement
M10BMWVP025G393;BMW;425;entrainement
M10BMWVP025H394;BMW;425;entrainement
M10BMWVP025J298;BMW;425;entrainement
M10BMWVP025J299;BMW;425;entrainement
M10BMWVP025K397;BMW;425;entrainement
M10BMWVP025M302;BMW;425;entrainement
M10BMWVP025P304;BMW;425;entrainement
M10BMWVP025P305;BMW;425;entrainement
M10BMWVP0250316;BMW;430;test
M10BMWVP0251317;BMW;430;test
M10BMWVP0256455;BMW;430;test
M10BMWVP0258457;BMW;430;test
M10BMWVP0259458;BMW;430;test
M10BMWVP025P182;BMW;430;test
M10BMWVP025R184;BMW;430;test
M10BMWVP025R185;BMW;430;test
M10BMWVP025U443;BMW;430;test
M10BMWVP025W409;BMW;430;test
M10BMWVP025W445;BMW;430;test
M10BMWVP025X446;BMW;430;test
M10BMWVP025Y314;BMW;430;test
M10BMWVP025Y411;BMW;430;test
M10BMWVP025Z412;BMW;430;test
M10BMWVP025J467;BMW;435;calibration
M10BMWVP025J468;BMW;435;calibration
M10BMWVP025K469;BMW;435;calibration
M10BMWVP025P473;BMW;435;calibration
M10BMWVP025P474;BMW;435;calibration
M10BMWVP025R475;BMW;435;calibration
M10BMWVP025T212;BMW;435;calibration
M10BMWVP025U213;BMW;435;calibration
M10BMWVP025V214;BMW;435;calibration
M10BMWVP020E784;BMW;SERIE 5 ACTIVEHYBRID;test
M10BMWVP020F785;BMW;SERIE 5 ACTIVEHYBRID;test
M10BMWVP020G786;BMW;SERIE 5 ACTIVEHYBRID;test
M10BMWVP0200745;BMW;528;calibration
M10BMWVP0201746;BMW;528;calibration
M10BMWVP0202747;BMW;528;calibration
M10BMWVP020C272;BMW;528;calibration
M10BMWVP020D273;BMW;528;calibration
M10BMWVP020F275;BMW;528;calibration
M10BMWVP020G276;BMW;528;calibration
M10BMWVP020H277;BMW;528;calibration
M10BMWVP020L281;BMW;528;calibration
M10BMWVP020M282;BMW;528;calibration
M10BMWVP020N283;BMW;528;calibration
M10BMWVP020R736;BMW;528;calibration
M10BMWVP020S737;BMW;528;calibration
M10BMWVP020T738;BMW;528;calibration
M10BMWVP020U739;BMW;528;calibration
M10BMWVP020V740;BMW;528;calibration
M10BMWVP020W741;BMW;528;calibration
M10BMWVP0203748;BMW;535;entrainement
M10BMWVP0205750;BMW;535;entrainement
M10BMWVP0206776;BMW;535;entrainement
M10BMWVP0207752;BMW;535;entrainement
M10BMWVP0209754;BMW;535;entrainement
M10BMWVP020B756;BMW;535;entrainement
M10BMWVP020D758;BMW;535;entrainement
M10BMWVP020N308;BMW;535;entrainement
M10BMWVP020P310;BMW;535;entrainement
M10BMWVP020R312;BMW;535;entrainement
M10BMWVP020R772;BMW;535;entrainement
M10BMWVP020T774;BMW;535;entrainement
M10BMWVP027T695;BMW;535;entrainement
M10BMWVP027U696;BMW;535;entrainement
M10BMWVP027V697;BMW;535;entrainement
M10BMWVP027W698;BMW;535;entrainement
M10BMWVP027X699;BMW;535;entrainement
M10BMWVP027Y700;BMW;535;entrainement
M10BMWVP0200806;BMW;518;test
M10BMWVP0203324;BMW;518;test
M10BMWVP0205326;BMW;518;test
M10BMWVP0207328;BMW;518;test
M10BMWVP0209330;BMW;518;test
M10BMWVP020B332;BMW;518;test
M10BMWVP020D334;BMW;518;test
M10BMWVP020R796;BMW;518;test
M10BMWVP020S798;BMW;518;test
M10BMWVP020U800;BMW;518;test
M10BMWVP020W802;BMW;518;test
M10BMWVP020Y804;BMW;518;test
M10BMWVP027H719;BMW;520;entrainement
M10BMWVP027J720;BMW;520;entrainement
M10BMWVP027L723;BMW;520;entrainement
M10BMWVP027M724;BMW;520;entrainement
M10BMWVP027P727;BMW;520;entrainement
M10BMWVP027R728;BMW;520;entrainement
M10BMWVP0202844;BMW;520;entrainement
M10BMWVP0203360;BMW;520;entrainement
M10BMWVP0205847;BMW;520;entrainement
M10BMWVP0206363;BMW;520;entrainement
M10BMWVP0209366;BMW;520;entrainement
M10BMWVP020C369;BMW;520;entrainement
M10BMWVP020F372;BMW;520;entrainement
M10BMWVP020J375;BMW;520;entrainement
M10BMWVP020Z841;BMW;520;entrainement
M10BMWVP023H202;BMW;520;entrainement
M10BMWVP023K205;BMW;520;entrainement
M10BMWVP023N208;BMW;520;entrainement
M10BMWVP0242840;BMW;520;entrainement
M10BMWVP0245843;BMW;520;entrainement
M10BMWVP0247748;BMW;520;entrainement
M10BMWVP024A751;BMW;520;entrainement
M10BMWVP024D754;BMW;520;entrainement
M10BMWVP024Z837;BMW;520;entrainement
M10BMWVP024B777;BMW;525;entrainement
M10BMWVP024D779;BMW;525;entrainement
M10BMWVP024F684;BMW;525;entrainement
M10BMWVP024G757;BMW;525;entrainement
M10BMWVP024H686;BMW;525;entrainement
M10BMWVP024J688;BMW;525;entrainement
M10BMWVP024J759;BMW;525;entrainement
M10BMWVP024K761;BMW;525;entrainement
M10BMWVP024M666;BMW;525;entrainement
M10BMWVP024M763;BMW;525;entrainement
M10BMWVP024P668;BMW;525;entrainement
M10BMWVP024P765;BMW;525;entrainement
M10BMWVP024R670;BMW;525;entrainement
M10BMWVP024R767;BMW;525;entrainement
M10BMWVP024U674;BMW;525;entrainement
M10BMWVP024W676;BMW;525;entrainement
M10BMWVP024Y775;BMW;525;entrainement
M10BMWVP0241706;BMW;530;calibration
M10BMWVP024F781;BMW;530;calibration
M10BMWVP024H783;BMW;530;calibration
M10BMWVP024J785;BMW;530;calibration
M10BMWVP024L690;BMW;530;calibration
M10BMWVP024N692;BMW;530;calibration
M10BMWVP024P694;BMW;530;calibration
M10BMWVP024R793;BMW;530;calibration
M10BMWVP024T795;BMW;530;calibration
M10BMWVP024V797;BMW;530;calibration
M10BMWVP024X702;BMW;530;calibration
M10BMWVP024Z704;BMW;530;calibration
M10BMWVP0270738;BMW;530;calibration
M10BMWVP0273741;BMW;530;calibration
M10BMWVP0274742;BMW;530;calibration
M10BMWVP0277745;BMW;530;calibration
M10BMWVP0278746;BMW;530;calibration
M10BMWVP027H755;BMW;530;calibration
M10BMWVP027J756;BMW;530;calibration
M10BMWVP027J757;BMW;530;calibration
M10BMWVP027K758;BMW;530;calibration
M10BMWVP027L759;BMW;530;calibration
M10BMWVP027M760;BMW;530;calibration
M10BMWVP027Z737;BMW;530;calibration
M10BMWVP0243708;BMW;535;entrainement
M10BMWVP0243805;BMW;535;entrainement
M10BMWVP0244709;BMW;535;entrainement
M10BMWVP0244806;BMW;535;entrainement
M10BMWVP0245710;BMW;535;entrainement
M10BMWVP0245807;BMW;535;entrainement
M10BMWVP0249714;BMW;535;entrainement
M10BMWVP024A715;BMW;535;entrainement
M10BMWVP024B716;BMW;535;entrainement
M10BMWVP027B713;BMW;535;entrainement
M10BMWVP027C714;BMW;535;entrainement
M10BMWVP027D715;BMW;535;entrainement
M10BMWVP027E716;BMW;535;entrainement
M10BMWVP027F717;BMW;535;entrainement
M10BMWVP027G718;BMW;535;entrainement
M10BMWVP0246808;BMW;550;entrainement
M10BMWVP024C717;BMW;550;entrainement
M10BMWVP0240511;BMW;640;entrainement
M10BMWVP0241512;BMW;640;entrainement
M10BMWVP0242513;BMW;640;entrainement
M10BMWVP0243514;BMW;640;entrainement
M10BMWVP0244515;BMW;640;entrainement
M10BMWVP024G588;BMW;640;entrainement
M10BMWVP024H589;BMW;640;entrainement
M10BMWVP024J432;BMW;640;entrainement
M10BMWVP024J433;BMW;640;entrainement
M10BMWVP024J590;BMW;640;entrainement
M10BMWVP024J591;BMW;640;entrainement
M10BMWVP024K434;BMW;640;entrainement
M10BMWVP024K592;BMW;640;entrainement
M10BMWVP024L435;BMW;640;entrainement
M10BMWVP024L593;BMW;640;entrainement
M10BMWVP024M436;BMW;640;entrainement
M10BMWVP024N437;BMW;640;entrainement
M10BMWVP024Z510;BMW;640;entrainement
M10BMWVP0241548;BMW;650;calibration
M10BMWVP0242549;BMW;650;calibration
M10BMWVP0242610;BMW;650;calibration
M10BMWVP0243550;BMW;650;calibration
M10BMWVP0243611;BMW;650;calibration
M10BMWVP0244454;BMW;650;calibration
M10BMWVP0244551;BMW;650;calibration
M10BMWVP0244612;BMW;650;calibration
M10BMWVP0245455;BMW;650;calibration
M10BMWVP0245613;BMW;650;calibration
M10BMWVP0246456;BMW;650;calibration
M10BMWVP0247457;BMW;650;calibration
M10BMWVP024J626;BMW;650;calibration
M10BMWVP024J627;BMW;650;calibration
M10BMWVP024K470;BMW;650;calibration
M10BMWVP024K628;BMW;650;calibration
M10BMWVP024L471;BMW;650;calibration
M10BMWVP024L532;BMW;650;calibration
M10BMWVP024L629;BMW;650;calibration
M10BMWVP024M472;BMW;650;calibration
M10BMWVP024M533;BMW;650;calibration
M10BMWVP024N473;BMW;650;calibration
M10BMWVP024N534;BMW;650;calibration
M10BMWVP024P535;BMW;650;calibration
M10BMWVP024A485;BMW;640;entrainement
M10BMWVP024B558;BMW;640;entrainement
M10BMWVP024C559;BMW;640;entrainement
M10BMWVP024D560;BMW;640;entrainement
M10BMWVP024E561;BMW;640;entrainement
M10BMWVP024F562;BMW;640;entrainement
M10BMWVP024G563;BMW;640;entrainement
M10BMWVP024G660;BMW;640;entrainement
M10BMWVP024H661;BMW;640;entrainement
M10BMWVP024J662;BMW;640;entrainement
M10BMWVP024J663;BMW;640;entrainement
M10BMWVP024K664;BMW;640;entrainement
M10BMWVP024L665;BMW;640;entrainement
M10BMWVP024R502;BMW;640;entrainement
M10BMWVP024S503;BMW;640;entrainement
M10BMWVP024S636;BMW;640;entrainement
M10BMWVP024T504;BMW;640;entrainement
M10BMWVP024T637;BMW;640;entrainement
M10BMWVP024U480;BMW;640;entrainement
M10BMWVP024U505;BMW;640;entrainement
M10BMWVP024U638;BMW;640;entrainement
M10BMWVP024V481;BMW;640;entrainement
M10BMWVP024V506;BMW;640;entrainement
M10BMWVP024V639;BMW;640;entrainement
M10BMWVP024W482;BMW;640;entrainement
M10BMWVP024W507;BMW;640;entrainement
M10BMWVP024W640;BMW;640;entrainement
M10BMWVP024X483;BMW;640;entrainement
M10BMWVP024X508;BMW;640;entrainement
M10BMWVP024X641;BMW;640;entrainement
M10BMWVP024Y484;BMW;640;entrainement
M10BMWVP024Y509;BMW;640;entrainement
M10BMWVP0092140;BMW;SERIE 7 ACTIVEHYBRID;entrainement
M10BMWVP0094142;BMW;SERIE 7 ACTIVEHYBRID;entrainement
M10BMWVP0122852;BMW;SERIE 7 ACTIVEHYBRID;entrainement
M10BMWVP012E828;BMW;SERIE 7 ACTIVEHYBRID;entrainement
M10BMWVP0126856;BMW;740;calibration
M10BMWVP012J832;BMW;740;calibration
M10BMWVP012F865;BMW;750;entrainement
M10BMWVP012R840;BMW;750;entrainement
M10BMWVP012G866;BMW;760;entrainement
M10BMWVP012H831;BMW;760;entrainement
M10BMWVP012K870;BMW;730;calibration
M10BMWVP012U844;BMW;730;calibration
M10BMWVP012Y848;BMW;730;calibration
M10BMWVP0120850;BMW;740;calibration
M10BMWVP012P838;BMW;740;calibration
M10BMWVP012D863;BMW;750;entrainement
M10BMWVP012R841;BMW;750;entrainement
M10BMWVP017E690;BMW;X1;entrainement
M10BMWVP017F691;BMW;X1;entrainement
M10BMWVP017G692;BMW;X1;entrainement
M10BMWVP017H693;BMW;X1;entrainement
M10BMWVP017J694;BMW;X1;entrainement
M10BMWVP017J695;BMW;X1;entrainement
M10BMWVP017J730;BMW;X1;entrainement
M10BMWVP017J731;BMW;X1;entrainement
M10BMWVP017K696;BMW;X1;entrainement
M10BMWVP017K732;BMW;X1;entrainement
M10BMWVP017L697;BMW;X1;entrainement
M10BMWVP017L733;BMW;X1;entrainement
M10BMWVP017M734;BMW;X1;entrainement
M10BMWVP017N735;BMW;X1;entrainement
M10BMWVP017P736;BMW;X1;entrainement
M10BMWVP017P737;BMW;X1;entrainement
M10BMWVP0195618;BMW;X3;entrainement
M10BMWVP0197620;BMW;X3;entrainement
M10BMWVP0199622;BMW;X3;entrainement
M10BMWVP017U706;BMW;X1;entrainement
M10BMWVP017V707;BMW;X1;entrainement
M10BMWVP017W708;BMW;X1;entrainement
M10BMWVP017X709;BMW;X1;entrainement
M10BMWVP019G726;BMW;X4;entrainement
M10BMWVP019H727;BMW;X4;entrainement
M10BMWVP019J728;BMW;X4;entrainement
M10BMWVP019R542;BMW;X3;entrainement
M10BMWVP019R543;BMW;X3;entrainement
M10BMWVP019S544;BMW;X3;entrainement
M10BMWVP019T545;BMW;X3;entrainement
M10BMWVP019U546;BMW;X3;entrainement
M10BMWVP019V547;BMW;X3;entrainement
M10BMWVP022K278;BMW;X4;entrainement
M10BMWVP022L279;BMW;X4;entrainement
M10BMWVP022M280;BMW;X4;entrainement
M10BMWVP019P540;BMW;X3;entrainement
M10BMWVP019P541;BMW;X3;entrainement
M10BMWVP019P734;BMW;X4;entrainement
M10BMWVP019P735;BMW;X4;entrainement
M1GBMWVP0164119;BMW;X5;entrainement
M1GBMWVP0165095;BMW;X5;entrainement
M1GBMWVP0165120;BMW;X5;entrainement
M1GBMWVP0166096;BMW;X5;entrainement
M1GBMWVP0166121;BMW;X5;entrainement
M1GBMWVP0167122;BMW;X5;entrainement
M1GBMWVP016C127;BMW;X5;entrainement
M1GBMWVP016D128;BMW;X5;entrainement
M1GBMWVP016E129;BMW;X5;entrainement
M1GBMWVP016F130;BMW;X5;entrainement
M1GBMWVP016J097;BMW;X5;entrainement
M1GBMWVP016J098;BMW;X5;entrainement
M1GBMWVP016K135;BMW;X5;entrainement
M1GBMWVP016L136;BMW;X5;entrainement
M1GBMWVP016M137;BMW;X5;entrainement
M1GBMWVP016N138;BMW;X5;entrainement
M1GBMWVP016P103;BMW;X5;entrainement
M1GBMWVP016P104;BMW;X5;entrainement
M1GBMWVP016R105;BMW;X5;entrainement
M1GBMWVP016R106;BMW;X5;entrainement
M1GBMWVP016W111;BMW;X5;entrainement
M1GBMWVP016X112;BMW;X5;entrainement
M1GBMWVP016Y113;BMW;X5;entrainement
M1GBMWVP016Z114;BMW;X5;entrainement
M1GBMWVP023C217;BMW;X6;test
M1GBMWVP023D218;BMW;X6;test
M1GBMWVP023E219;BMW;X6;test
M1GBMWVP023F220;BMW;X6;test
M1GBMWVP023G221;BMW;X6;test
M1GBMWVP023H222;BMW;X6;test
M1GBMWVP023J223;BMW;X6;test
M1GBMWVP023J224;BMW;X6;test
M1GBMWVP023K225;BMW;X6;test
M1GBMWVP023L226;BMW;X6;test
M1GBMWVP023M227;BMW;X6;test
M1GBMWVP023N228;BMW;X6;test
M10BMWVP017A783;BMW;X1;entrainement
M10BMWVP017B784;BMW;X1;entrainement
M10BMWVP0170748;BMW;X1;entrainement
M10BMWVP017G764;BMW;X1;entrainement
M10BMWVP017J766;BMW;X1;entrainement
M10BMWVP017Y746;BMW;X1;entrainement
M10BMWVP017E787;BMW;X1;entrainement
M10BMWVP017F788;BMW;X1;entrainement
M10BMWVP0174752;BMW;X1;entrainement
M10BMWVP0175753;BMW;X1;entrainement
M10BMWVP0178756;BMW;X1;entrainement
M10BMWVP0179757;BMW;X1;entrainement
M10BMWVP017M770;BMW;X1;entrainement
M10BMWVP017N771;BMW;X1;entrainement
M10BMWVP017R774;BMW;X1;entrainement
M10BMWVP017R775;BMW;X1;entrainement
M10BMWVP0220222;BMW;X4;entrainement
M10BMWVP017A722;BMW;X1;entrainement
M10BMWVP017B723;BMW;X1;entrainement
M10BMWVP017C724;BMW;X1;entrainement
M10BMWVP017D725;BMW;X1;entrainement
M10BMWVP019W997;BMW;X5;entrainement
M10BMWVP019X998;BMW;X5;entrainement
M10BMWVP0207001;BMW;X5;entrainement
M10BMWVP0208002;BMW;X5;entrainement
M10BMWVP020B005;BMW;X5;entrainement
M10BMWVP020C006;BMW;X5;entrainement
M10BMWVP020F009;BMW;X5;entrainement
M10BMWVP020G010;BMW;X5;entrainement
M10BMWVP020J013;BMW;X5;entrainement
M10BMWVP020K014;BMW;X5;entrainement
M10BMWVP020N017;BMW;X5;entrainement
M10BMWVP020P018;BMW;X5;entrainement
M1GBMWVP0162347;BMW;X5;entrainement
M1GBMWVP0163348;BMW;X5;entrainement
M1GBMWVP0166351;BMW;X5;entrainement
M1GBMWVP0167352;BMW;X5;entrainement
M1GBMWVP016M331;BMW;X5;entrainement
M1GBMWVP016N332;BMW;X5;entrainement
M1GBMWVP016R335;BMW;X5;entrainement
M1GBMWVP016R336;BMW;X5;entrainement
M1GBMWVP016U339;BMW;X5;entrainement
M1GBMWVP016V340;BMW;X5;entrainement
M1GBMWVP016Y343;BMW;X5;entrainement
M1GBMWVP016Z344;BMW;X5;entrainement
M10BMWVP0197584;BMW;X3;entrainement
M10BMWVP0198585;BMW;X3;entrainement
M10BMWVP019K572;BMW;X3;entrainement
M10BMWVP019L573;BMW;X3;entrainement
M10BMWVP019L792;BMW;X4;entrainement
M10BMWVP019M793;BMW;X4;entrainement
M10BMWVP019R578;BMW;X3;entrainement
M10BMWVP019R579;BMW;X3;entrainement
M10BMWVP019R798;BMW;X4;entrainement
M10BMWVP019S799;BMW;X4;entrainement
M10BMWVP019X804;BMW;X4;entrainement
M10BMWVP019Y805;BMW;X4;entrainement
M1GBMWVP0230277;BMW;X6;test
M1GBMWVP0230302;BMW;X6;test
M1GBMWVP0231278;BMW;X6;test
M1GBMWVP0231303;BMW;X6;test
M1GBMWVP0232279;BMW;X6;test
M1GBMWVP0232304;BMW;X6;test
M1GBMWVP0233280;BMW;X6;test
M1GBMWVP023C289;BMW;X6;test
M1GBMWVP023D290;BMW;X6;test
M1GBMWVP023P291;BMW;X6;test
M1GBMWVP023R292;BMW;X6;test
M1GBMWVP023Z301;BMW;X6;test
M10BMWVP0191614;BMW;X3;entrainement
M10BMWVP0192615;BMW;X3;entrainement
M10BMWVP019T836;BMW;X4;entrainement
M10BMWVP019U837;BMW;X4;entrainement
M1GBMWVP023R389;BMW;X6;test
M1GBMWVP023R390;BMW;X6;test
M1GBMWVP023S391;BMW;X6;test
M1GBMWVP023T392;BMW;X6;test
M10BMWVP0170130;BMW;Z4;entrainement
M10BMWVP0171131;BMW;Z4;entrainement
M10BMWVP0174134;BMW;Z4;entrainement
M10BMWVP0176136;BMW;Z4;entrainement
M10BMWVP017A140;BMW;Z4;entrainement
M10BMWVP017B141;BMW;Z4;entrainement
M10BMWVP017J148;BMW;Z4;entrainement
M10BMWVP017J149;BMW;Z4;entrainement
M10BMWVP017K150;BMW;Z4;entrainement
M10BMWVP017L151;BMW;Z4;entrainement
M10BMWVP017E144;BMW;Z4;entrainement
M10BMWVP017F145;BMW;Z4;entrainement
M10BM2VP0000008;BMW;I3;entrainement
M10BM2VP0002010;BMW;I8;entrainement
M10CDCVP0008183;CADILLAC;ATS;test
M10CDCVP0009184;CADILLAC;ATS;test
M10CDCVP000A185;CADILLAC;ATS;test
M10CDCVP000B186;CADILLAC;ATS;test
M10CDCVP000C187;CADILLAC;ATS;test
M10CDCVP000D188;CADILLAC;ATS;test
M10CDCVP000E189;CADILLAC;ATS;test
M10CDCVP000J193;CADILLAC;ATS;test
M10CDCVP000U194;CADILLAC;ATS;test
M10CDCVP000V195;CADILLAC;ATS;test
M10CDCVP0000200;CADILLAC;CTS;entrainement
M10CDCVP0004179;CADILLAC;CTS;entrainement
M10CDCVP0005180;CADILLAC;CTS;entrainement
M10CDCVP000Z199;CADILLAC;CTS;entrainement
M1GCDCVP000J105;CADILLAC;ESCALADE;entrainement
M1GCDCVP000J106;CADILLAC;ESCALADE;entrainement
M10CDCVP0000175;CADILLAC;SRX;calibration
M10CDCVP0001176;CADILLAC;SRX;calibration
M10CDCVP0002177;CADILLAC;SRX;calibration
M10CDCVP0003178;CADILLAC;SRX;calibration
M10CDCVP000Y173;CADILLAC;SRX;calibration
M10CDCVP000Z174;CADILLAC;SRX;calibration
M10CHEVP001J962;CHEVROLET;CAMARO;entrainement
M10CHEVP001L965;CHEVROLET;CAMARO;entrainement
M10CHEVP001J963;CHEVROLET;CAMARO;entrainement
M10CHEVP001M966;CHEVROLET;CAMARO;entrainement
M10CHEVP001P968;CHEVROLET;CORVETTE;entrainement
M10CHEVP001P969;CHEVROLET;CORVETTE;entrainement
M10CTRVP0124621;CITROEN;BERLINGO;test
M10CTRVP0125622;CITROEN;BERLINGO;test
M10CTRVP0126623;CITROEN;BERLINGO;test
M10CTRVP008H444;CITROEN;BERLINGO;test
M10CTRVP011J090;CITROEN;BERLINGO;test
M10CTRVP011J091;CITROEN;BERLINGO;test
M10CTRVP011K092;CITROEN;BERLINGO;test
M10CTRVP011L093;CITROEN;BERLINGO;test
M10CTRVP011M094;CITROEN;BERLINGO;test
M10CTRVP011N095;CITROEN;BERLINGO;test
M10CTRVP011P096;CITROEN;BERLINGO;test
M10CTRVP0127624;CITROEN;BERLINGO;test
M10CTRVP0128625;CITROEN;BERLINGO;test
M10CTRVP005U618;CITROEN;BERLINGO;test
M10CTRVP005W620;CITROEN;BERLINGO;test
M10CTRVP016N600;CITROEN;C1;calibration
M10CTRVP016P601;CITROEN;C1;calibration
M10CTRVP016R604;CITROEN;C1;calibration
M10CTRVP016S605;CITROEN;C1;calibration
M10CTRVP016T606;CITROEN;C1;calibration
M10CTRVP016U607;CITROEN;C1;calibration
M10CTRVP016V608;CITROEN;C1;calibration
M10CTRVP016W609;CITROEN;C1;calibration
M10CTRVP016X610;CITROEN;C1;calibration
M10CTRVP016Y611;CITROEN;C1;calibration
M10CTRVP016J596;CITROEN;C1;calibration
M10CTRVP016K597;CITROEN;C1;calibration
M10CTRVP016L598;CITROEN;C1;calibration
M10CTRVP016M599;CITROEN;C1;calibration
M10CTRVP0167681;CITROEN;C3;calibration
M10CTRVP0168682;CITROEN;C3;calibration
M10CTRVP0169683;CITROEN;C3;calibration
M10CTRVP016W997;CITROEN;C3;calibration
M10CTRVP016X998;CITROEN;C3;calibration
M10CTRVP0299160;CITROEN;C3;calibration
M10CTRVP029A161;CITROEN;C3;calibration
M10CTRVP029B162;CITROEN;C3;calibration
M10CTRVP035W141;CITROEN;C3;calibration
M10CTRVP029X148;CITROEN;C3;calibration
M10CTRVP029Y149;CITROEN;C3;calibration
M10CTRVP0082623;CITROEN;C3;calibration
M10CTRVP008V616;CITROEN;C3;calibration
M10CTRVP008W617;CITROEN;C3;calibration
M10CTRVP0120653;CITROEN;C3;calibration
M10CTRVP0121654;CITROEN;C3;calibration
M10CTRVP012L638;CITROEN;C3;calibration
M10CTRVP012M639;CITROEN;C3;calibration
M10CTRVP012R644;CITROEN;C3;calibration
M10CTRVP012S645;CITROEN;C3;calibration
M10CTRVP012U647;CITROEN;C3;calibration
M10CTRVP016T994;CITROEN;C3;calibration
M10CTRVP029B259;CITROEN;C3;calibration
M10CTRVP012K310;CITROEN;C3 PICASSO;entrainement
M10CTRVP012L311;CITROEN;C3 PICASSO;entrainement
M10CTRVP0355114;CITROEN;C3 PICASSO;entrainement
M10CTRVP012F305;CITROEN;C3 PICASSO;entrainement
M10CTRVP012G306;CITROEN;C3 PICASSO;entrainement
M10CTRVP012H307;CITROEN;C3 PICASSO;entrainement
M10CTRVP012J308;CITROEN;C3 PICASSO;entrainement
M10CTRVP0071756;CITROEN;C3 PICASSO;entrainement
M10CTRVP0072757;CITROEN;C3 PICASSO;entrainement
M10CTRVP0073758;CITROEN;C3 PICASSO;entrainement
M10CTRVP0074759;CITROEN;C3 PICASSO;entrainement
M10CTRVP007R940;CITROEN;C3 PICASSO;entrainement
M10CTRVP0082429;CITROEN;C3 PICASSO;entrainement
M10CTRVP012V321;CITROEN;C4;entrainement
M10CTRVP012W322;CITROEN;C4;entrainement
M10CTRVP027J487;CITROEN;C4;entrainement
M10CTRVP027J488;CITROEN;C4;entrainement
M10CTRVP027K489;CITROEN;C4;entrainement
M10CTRVP029J267;CITROEN;C4;entrainement
M10CTRVP029K268;CITROEN;C4;entrainement
M10CTRVP029L269;CITROEN;C4;entrainement
M10CTRVP035T174;CITROEN;C4;entrainement
M10CTRVP035U175;CITROEN;C4;entrainement
M10CTRVP029M270;CITROEN;C4;entrainement
M10CTRVP035V176;CITROEN;C4;entrainement
M10CTRVP008G698;CITROEN;C4;entrainement
M10CTRVP008H699;CITROEN;C4;entrainement
M10CTRVP008J736;CITROEN;C4;entrainement
M10CTRVP0270480;CITROEN;C4;entrainement
M10CTRVP027Z479;CITROEN;C4;entrainement
M10CTRVP0080427;CITROEN;C4;entrainement
M10CTRVP0087725;CITROEN;C4;entrainement
M10CTRVP0089727;CITROEN;C4;entrainement
M10CTRVP008B729;CITROEN;C4;entrainement
M10CTRVP008Y425;CITROEN;C4;entrainement
M10CTRVP008Z426;CITROEN;C4;entrainement
M10CTRVP0271481;CITROEN;C4;entrainement
M10CTRVP0272482;CITROEN;C4;entrainement
M10CTRVP0273483;CITROEN;C4;entrainement
M10CTRVP0156656;CITROEN;C4 AIRCROSS;calibration
M10CTRVP0157657;CITROEN;C4 AIRCROSS;calibration
M10CTRVP004C116;CITROEN;C4 AIRCROSS;calibration
M10CTRVP004D117;CITROEN;C4 AIRCROSS;calibration
M10CTRVP0154654;CITROEN;C4 AIRCROSS;calibration
M10CTRVP0155655;CITROEN;C4 AIRCROSS;calibration
M10CTRVP0351146;CITROEN;C4 CACTUS;entrainement
M10CTRVP0352147;CITROEN;C4 CACTUS;entrainement
M10CTRVP012F729;CITROEN;C4 CACTUS;entrainement
M10CTRVP012G730;CITROEN;C4 CACTUS;entrainement
M10CTRVP0353148;CITROEN;C4 CACTUS;entrainement
M10CTRVP0354149;CITROEN;C4 CACTUS;entrainement
M10CTRVP0164617;CITROEN;C4 CACTUS;entrainement
M10CTRVP0165618;CITROEN;C4 CACTUS;entrainement
M10CTRVP0160613;CITROEN;C4 CACTUS;entrainement
M10CTRVP016Z612;CITROEN;C4 CACTUS;entrainement
M10CTRVP0161614;CITROEN;C4 CACTUS;entrainement
M10CTRVP0162615;CITROEN;C4 CACTUS;entrainement
M10CTRVP0163616;CITROEN;C4 CACTUS;entrainement
M10CTRVP0350145;CITROEN;C4 CACTUS;entrainement
M10CTRVP035Z144;CITROEN;C4 CACTUS;entrainement
M10CTRVP005P709;CITROEN;C4 PICASSO;entrainement
M10CTRVP0070974;CITROEN;C4 PICASSO;entrainement
M10CTRVP012P703;CITROEN;C4 PICASSO;entrainement
M10CTRVP035G125;CITROEN;C4 PICASSO;entrainement
M10CTRVP035H126;CITROEN;C4 PICASSO;entrainement
M10CTRVP035K129;CITROEN;C4 PICASSO;entrainement
M10CTRVP035P133;CITROEN;C4 PICASSO;entrainement
M10CTRVP035P134;CITROEN;C4 PICASSO;entrainement
M10CTRVP0166874;CITROEN;C4 PICASSO;entrainement
M10CTRVP0167875;CITROEN;C4 PICASSO;entrainement
M10CTRVP0168876;CITROEN;C4 PICASSO;entrainement
M10CTRVP0169877;CITROEN;C4 PICASSO;entrainement
M10CTRVP016A878;CITROEN;C4 PICASSO;entrainement
M10CTRVP016B879;CITROEN;C4 PICASSO;entrainement
M10CTRVP0120714;CITROEN;C4 PICASSO;entrainement
M10CTRVP0121715;CITROEN;C4 PICASSO;entrainement
M10CTRVP0123717;CITROEN;C4 PICASSO;entrainement
M10CTRVP0124718;CITROEN;C4 PICASSO;entrainement
M10CTRVP0125719;CITROEN;C4 PICASSO;entrainement
M10CTRVP0127721;CITROEN;C4 PICASSO;entrainement
M10CTRVP0128722;CITROEN;C4 PICASSO;entrainement
M10CTRVP0129723;CITROEN;C4 PICASSO;entrainement
M10CTRVP012Z713;CITROEN;C4 PICASSO;entrainement
M10CTRVP0278452;CITROEN;C4 PICASSO;entrainement
M10CTRVP0279453;CITROEN;C4 PICASSO;entrainement
M10CTRVP027C456;CITROEN;C4 PICASSO;entrainement
M10CTRVP027D457;CITROEN;C4 PICASSO;entrainement
M10CTRVP027G460;CITROEN;C4 PICASSO;entrainement
M10CTRVP027H461;CITROEN;C4 PICASSO;entrainement
M10CTRVP0051589;CITROEN;C4 PICASSO;entrainement
M10CTRVP0052590;CITROEN;C4 PICASSO;entrainement
M10CTRVP0076980;CITROEN;C4 PICASSO;entrainement
M10CTRVP007K969;CITROEN;C4 PICASSO;entrainement
M10CTRVP035E123;CITROEN;C4 PICASSO;entrainement
M10CTRVP035F124;CITROEN;C4 PICASSO;entrainement
M10CTRVP035J127;CITROEN;C4 PICASSO;entrainement
M10CTRVP035J128;CITROEN;C4 PICASSO;entrainement
M10CTRVP035M131;CITROEN;C4 PICASSO;entrainement
M10CTRVP035N132;CITROEN;C4 PICASSO;entrainement
M10CTRVP0050588;CITROEN;C4 PICASSO;entrainement
M10CTRVP005Y586;CITROEN;C4 PICASSO;entrainement
M10CTRVP005Z587;CITROEN;C4 PICASSO;entrainement
M10CTRVP0073977;CITROEN;C4 PICASSO;entrainement
M10CTRVP0074978;CITROEN;C4 PICASSO;entrainement
M10CTRVP0075979;CITROEN;C4 PICASSO;entrainement
M10CTRVP007H966;CITROEN;C4 PICASSO;entrainement
M10CTRVP007J967;CITROEN;C4 PICASSO;entrainement
M10CTRVP007J968;CITROEN;C4 PICASSO;entrainement
M10CTRVP0290187;CITROEN;C4 PICASSO;entrainement
M10CTRVP0291188;CITROEN;C4 PICASSO;entrainement
M10CTRVP029M198;CITROEN;C4 PICASSO;entrainement
M10CTRVP029N199;CITROEN;C4 PICASSO;entrainement
M10CTRVP029P200;CITROEN;C4 PICASSO;entrainement
M10CTRVP029Z186;CITROEN;C4 PICASSO;entrainement
M10CTRVP0356115;CITROEN;C4 PICASSO;entrainement
M10CTRVP0357116;CITROEN;C4 PICASSO;entrainement
M10CTRVP0358117;CITROEN;C4 PICASSO;entrainement
M10CTRVP0359118;CITROEN;C4 PICASSO;entrainement
M10CTRVP035A119;CITROEN;C4 PICASSO;entrainement
M10CTRVP035B120;CITROEN;C4 PICASSO;entrainement
M10CTRVP0122328;CITROEN;C5;calibration
M10CTRVP0123329;CITROEN;C5;calibration
M10CTRVP0124330;CITROEN;C5;calibration
M10CTRVP0129335;CITROEN;C5;calibration
M10CTRVP012A336;CITROEN;C5;calibration
M10CTRVP0125331;CITROEN;C5;calibration
M10CTRVP012B337;CITROEN;C5;calibration
M10CTRVP016K888;CITROEN;C5;calibration
M10CTRVP016U898;CITROEN;C5;calibration
M10CTRVP0290248;CITROEN;C5;calibration
M10CTRVP0295253;CITROEN;C5;calibration
M10CTRVP0161905;CITROEN;C5;calibration
M10CTRVP016R895;CITROEN;C5;calibration
M10CTRVP0293251;CITROEN;C5;calibration
M10CTRVP0298256;CITROEN;C5;calibration
M10CTRVP016J887;CITROEN;C5;calibration
M10CTRVP016T897;CITROEN;C5;calibration
M10CTRVP007B985;CITROEN;C8;calibration
M10CTRVP007C986;CITROEN;C8;calibration
M10CTRVP008F636;CITROEN;DS3;entrainement
M10CTRVP016U995;CITROEN;DS3;entrainement
M10CTRVP016V996;CITROEN;DS3;entrainement
M10CTRVP0291152;CITROEN;DS3;entrainement
M10CTRVP0293154;CITROEN;DS3;entrainement
M10CTRVP0294155;CITROEN;DS3;entrainement
M10CTRVP0295156;CITROEN;DS3;entrainement
M10CTRVP035U139;CITROEN;DS3;entrainement
M10CTRVP035V140;CITROEN;DS3;entrainement
M10CTRVP0292153;CITROEN;DS3;entrainement
M10CTRVP029V146;CITROEN;DS3;entrainement
M10CTRVP029W147;CITROEN;DS3;entrainement
M10CTRVP035R136;CITROEN;DS3;entrainement
M10CTRVP035T138;CITROEN;DS3;entrainement
M10CTRVP0085432;CITROEN;DS3;entrainement
M10CTRVP011C400;CITROEN;DS3;entrainement
M10CTRVP011D401;CITROEN;DS3;entrainement
M10CTRVP008T614;CITROEN;DS3;entrainement
M10CTRVP008U615;CITROEN;DS3;entrainement
M10CTRVP0126659;CITROEN;DS3;entrainement
M10CTRVP0127660;CITROEN;DS3;entrainement
M10CTRVP012C665;CITROEN;DS3;entrainement
M10CTRVP012P642;CITROEN;DS3;entrainement
M10CTRVP012R643;CITROEN;DS3;entrainement
M10CTRVP012Y651;CITROEN;DS3;entrainement
M10CTRVP012Z652;CITROEN;DS3;entrainement
M10CTRVP029A258;CITROEN;DS3;entrainement
M10CTRVP016P989;CITROEN;DS3;entrainement
M10CTRVP0177001;CITROEN;DS3;entrainement
M10CTRVP027X502;CITROEN;DS4;calibration
M10CTRVP027Y503;CITROEN;DS4;calibration
M10CTRVP027Z504;CITROEN;DS4;calibration
M10CTRVP027L490;CITROEN;DS4;calibration
M10CTRVP027M491;CITROEN;DS4;calibration
M10CTRVP012S318;CITROEN;DS4;calibration
M10CTRVP029T277;CITROEN;DS4;calibration
M10CTRVP029U278;CITROEN;DS4;calibration
M10CTRVP0081719;CITROEN;DS4;calibration
M10CTRVP008D731;CITROEN;DS4;calibration
M10CTRVP008E732;CITROEN;DS4;calibration
M10CTRVP008F733;CITROEN;DS4;calibration
M10CTRVP008G734;CITROEN;DS4;calibration
M10CTRVP008X424;CITROEN;DS4;calibration
M10CTRVP027U499;CITROEN;DS4;calibration
M10CTRVP027V500;CITROEN;DS4;calibration
M10CTRVP027W501;CITROEN;DS4;calibration
M10CTRVP029V279;CITROEN;DS4;calibration
M10CTRVP0165970;CITROEN;DS5;entrainement
M10CTRVP016T969;CITROEN;DS5;entrainement
M10CTRVP029T374;CITROEN;DS5;entrainement
M10CTRVP029U375;CITROEN;DS5;entrainement
M10CTRVP029V376;CITROEN;DS5;entrainement
M10CTRVP0357152;CITROEN;DS5;entrainement
M10CTRVP0352183;CITROEN;DS5;entrainement
M10CTRVP0353184;CITROEN;DS5;entrainement
M10CTRVP035H162;CITROEN;DS5;entrainement
M10CTRVP029P201;CITROEN;DS5;entrainement
M10CTRVP029R202;CITROEN;DS5;entrainement
M10CTRVP029R203;CITROEN;DS5;entrainement
M10CTRVP0275449;CITROEN;DS5;entrainement
M10CTRVP0276450;CITROEN;DS5;entrainement
M10CTRVP0277451;CITROEN;DS5;entrainement
M10CTRVP0359154;CITROEN;DS5;entrainement
M10CTRVP035A155;CITROEN;DS5;entrainement
M10CTRVP035B156;CITROEN;DS5;entrainement
M10CTRVP0166971;CITROEN;DS5;entrainement
M10CTRVP035J163;CITROEN;DS5;entrainement
M10CTRVP035J164;CITROEN;DS5;entrainement
M10CTRVP015M503;CITROEN;JUMPER;test
M10CTRVP015N504;CITROEN;JUMPER;test
M10CTRVP0150517;CITROEN;JUMPER;test
M10CTRVP0151518;CITROEN;JUMPER;test
M10CTRVP0154582;CITROEN;JUMPER;test
M10CTRVP015S581;CITROEN;JUMPER;test
M10CTRVP015G533;CITROEN;JUMPER;test
M10CTRVP015H534;CITROEN;JUMPER;test
M10CTRVP015R605;CITROEN;JUMPER;test
M10CTRVP015S606;CITROEN;JUMPER;test
M10CTRVP008N353;CITROEN;JUMPY;entrainement
M10CTRVP008R357;CITROEN;JUMPY;entrainement
M10CTRVP008P354;CITROEN;JUMPY;entrainement
M10CTRVP008S358;CITROEN;JUMPY;entrainement
M10CTRVP008W362;CITROEN;JUMPY;entrainement
M10CTRVP008P355;CITROEN;JUMPY;entrainement
M10CTRVP008R356;CITROEN;JUMPY;entrainement
M10CTRVP008T359;CITROEN;JUMPY;entrainement
M10CTRVP008U360;CITROEN;JUMPY;entrainement
M10CTRVP016C977;CITROEN;NEMO;entrainement
M10CTRVP016D978;CITROEN;NEMO;entrainement
M10CTRVP016F980;CITROEN;NEMO;entrainement
M10DACVP0003859;DACIA;DOKKER;calibration
M10DACVP000H801;DACIA;DOKKER;calibration
M10DACVP000Y757;DACIA;DOKKER;calibration
M10DACVP000U753;DACIA;DOKKER;calibration
M10DACVP0005861;DACIA;DOKKER;calibration
M10DACVP000W755;DACIA;DOKKER;calibration
M10DACVP000Y757;DACIA;DOKKER;calibration
M10DACVP000Z758;DACIA;DUSTER;entrainement
M10DACVP0008731;DACIA;DUSTER;entrainement
M10DACVP000D700;DACIA;DUSTER;entrainement
M10DACVP0009696;DACIA;DUSTER;entrainement
M10DACVP000A733;DACIA;DUSTER;entrainement
M10DACVP0008731;DACIA;DUSTER;entrainement
M10DACVP0006862;DACIA;LODGY;entrainement
M10DACVP0009865;DACIA;LODGY;entrainement
M10DACVP000V682;DACIA;LODGY;entrainement
M10DACVP000Z686;DACIA;LODGY;entrainement
M10DACVP000D772;DACIA;LODGY;entrainement
M10DACVP000F774;DACIA;LODGY;entrainement
M10DACVP0009768;DACIA;LODGY;entrainement
M10DACVP000B770;DACIA;LODGY;entrainement
M10DACVP0004763;DACIA;LODGY;entrainement
M10DACVP0006765;DACIA;LODGY;entrainement
M10DACVP0008864;DACIA;LODGY;entrainement
M10DACVP000B867;DACIA;LODGY;entrainement
M10DACVP000D772;DACIA;LODGY;entrainement
M10DACVP000F774;DACIA;LODGY;entrainement
M10DACVP0006668;DACIA;LOGAN;entrainement
M10DACVP000S654;DACIA;LOGAN;entrainement
M10DACVP0005667;DACIA;LOGAN;entrainement
M10DACVP000T619;DACIA;LOGAN;entrainement
M10DACVP0003665;DACIA;LOGAN;entrainement
M10DACVP000R653;DACIA;LOGAN;entrainement
M10DACVP000B673;DACIA;LOGAN;entrainement
M10DACVP000U656;DACIA;LOGAN;entrainement
M10DACVP000Y660;DACIA;SANDERO;entrainement
M10DACVP000J609;DACIA;SANDERO;entrainement
M10DACVP000W622;DACIA;SANDERO;entrainement
M10DACVP000Y624;DACIA;SANDERO;entrainement
M10DACVP000X659;DACIA;SANDERO;entrainement
M10DACVP0000662;DACIA;SANDERO;entrainement
M10DACVP0001663;DACIA;SANDERO;entrainement
M10DACVP000Y624;DACIA;SANDERO;entrainement
M10DGLVP002R794;CITROEN;BERLINGO;test
M10DGLVP002S795;CITROEN;BERLINGO;test
M10DGLVP002T796;CITROEN;BERLINGO;test
M10DGLVP002U797;CITROEN;BERLINGO;test
M10DGLVP002V798;CITROEN;BERLINGO;test
M10DGLVP002W799;CITROEN;BERLINGO;test
M10DGLVP002P792;CITROEN;BERLINGO;test
M10DGLVP002R793;CITROEN;BERLINGO;test
M10DGLVP0042415;CITROEN;BERLINGO;test
M10DGLVP004K494;PEUGEOT;BIPPER;test
M10DGLVP004L495;PEUGEOT;BIPPER;test
M10DGLVP003V021;PEUGEOT;BOXER;calibration
M10DGLVP0037033;PEUGEOT;BOXER;calibration
M10DGLVP0038070;FIAT;DUCATO;calibration
M10DGLVP0039071;FIAT;DUCATO;calibration
M10DGLVP003A072;FIAT;DUCATO;calibration
M10DGLVP003B073;FIAT;DUCATO;calibration
M10DGLVP003C074;FIAT;DUCATO;calibration
M10DGLVP003D075;FIAT;DUCATO;calibration
M10DGLVP003M084;FIAT;DUCATO;calibration
M10DGLVP003N085;FIAT;DUCATO;calibration
M10DGLVP003P086;FIAT;DUCATO;calibration
M10DGLVP003P087;FIAT;DUCATO;calibration
M10DGLVP003P112;FIAT;DUCATO;calibration
M10DGLVP003R113;FIAT;DUCATO;calibration
M10DGLVP003H104;FIAT;DUCATO;calibration
M10DGLVP003J105;FIAT;DUCATO;calibration
M10DGLVP003J106;FIAT;DUCATO;calibration
M10DGLVP003K107;FIAT;DUCATO;calibration
M10DGLVP003S090;FIAT;DUCATO;calibration
M10DGLVP003T091;FIAT;DUCATO;calibration
M10DGLVP003U092;FIAT;DUCATO;calibration
M10DGLVP003V093;FIAT;DUCATO;calibration
M10DGLVP003V118;FIAT;DUCATO;calibration
M10DGLVP003W094;FIAT;DUCATO;calibration
M10DGLVP003W119;FIAT;DUCATO;calibration
M10DGLVP003X095;FIAT;DUCATO;calibration
M10DGLVP004B388;PEUGEOT;EXPERT;entrainement
M10DGLVP004C389;PEUGEOT;EXPERT;entrainement
M10DGLVP004W384;PEUGEOT;EXPERT;entrainement
M10DGLVP004X385;PEUGEOT;EXPERT;entrainement
M10DGLVP004Y386;PEUGEOT;EXPERT;entrainement
M10DGLVP004Z387;PEUGEOT;EXPERT;entrainement
M10DGLVP003R052;CITROEN;JUMPER;test
M10DGLVP003R053;CITROEN;JUMPER;test
M10DGLVP0032064;CITROEN;JUMPER;test
M10DGLVP0033065;CITROEN;JUMPER;test
M10DGLVP004D390;CITROEN;JUMPY;entrainement
M10DGLVP004E391;CITROEN;JUMPY;entrainement
M10DGLVP004F392;CITROEN;JUMPY;entrainement
M10DGLVP004G393;CITROEN;JUMPY;entrainement
M10DGLVP004H394;CITROEN;JUMPY;entrainement
M10DGLVP004J395;CITROEN;JUMPY;entrainement
M10DGLVP004P499;CITROEN;NEMO;entrainement
M10DGLVP004R500;CITROEN;NEMO;entrainement
M10DGLVP0020803;PEUGEOT;PARTNER;test
M10DGLVP0021804;PEUGEOT;PARTNER;test
M10DGLVP0022805;PEUGEOT;PARTNER;test
M10DGLVP0023806;PEUGEOT;PARTNER;test
M10DGLVP0024807;PEUGEOT;PARTNER;test
M10DGLVP0025808;PEUGEOT;PARTNER;test
M10DGLVP002Y801;PEUGEOT;PARTNER;test
M10DGLVP002Z802;PEUGEOT;PARTNER;test
M10DGLVP0041414;PEUGEOT;PARTNER;test
M10DGLVP004B485;FIAT;SCUDO;test
M10DGLVP004C486;FIAT;SCUDO;test
M10DGLVP004D487;FIAT;SCUDO;test
M10DGLVP004E488;FIAT;SCUDO;test
M10DGLVP004F489;FIAT;SCUDO;test
M10DGLVP004Z484;FIAT;SCUDO;test
M10FERVP0000156;FERRARI;458;entrainement
M10FERVP0003159;FERRARI;458;entrainement
M10FERVP0004160;FERRARI;458;entrainement
M10FERVP0006126;FERRARI;458;entrainement
M10FERVP0007127;FERRARI;458;entrainement
M10FERVP0008128;FERRARI;458;entrainement
M10FERVP0009129;FERRARI;458;entrainement
M10FERVP0009165;FERRARI;458;entrainement
M10FERVP000A166;FERRARI;458;entrainement
M10FERVP000T016;FERRARI;458;entrainement
M10FERVP000V151;FERRARI;458;entrainement
M10FERVP000W019;FERRARI;458;entrainement
M10FERVP000W152;FERRARI;458;entrainement
M10FERVP000X020;FERRARI;458;entrainement
M10FERVP000Y021;FERRARI;458;entrainement
M10FERVP000Z155;FERRARI;458;entrainement
M10FERVP0001157;FERRARI;458;entrainement
M10FERVP0002158;FERRARI;458;entrainement
M10FERVP0005161;FERRARI;458;entrainement
M10FERVP0006162;FERRARI;458;entrainement
M10FERVP000B167;FERRARI;458;entrainement
M10FERVP000C168;FERRARI;458;entrainement
M10FERVP000J139;FERRARI;458;entrainement
M10FERVP000L141;FERRARI;458;entrainement
M10FERVP000X153;FERRARI;458;entrainement
M10FERVP000Y154;FERRARI;458;entrainement
M10FERVP0000023;FERRARI;CALIFORNIA;entrainement
M10FERVP0001024;FERRARI;CALIFORNIA;entrainement
M10FERVP0002025;FERRARI;CALIFORNIA;entrainement
M10FERVP0002122;FERRARI;CALIFORNIA;entrainement
M10FERVP0003123;FERRARI;CALIFORNIA;entrainement
M10FERVP0004124;FERRARI;CALIFORNIA;entrainement
M10FERVP0005125;FERRARI;CALIFORNIA;entrainement
M10FERVP000Z022;FERRARI;CALIFORNIA;entrainement
M10FERVP000R147;FERRARI;CALIFORNIA;entrainement
M10FERVP000S148;FERRARI;CALIFORNIA;entrainement
M10FERVP000T149;FERRARI;CALIFORNIA;entrainement
M10FERVP000U150;FERRARI;CALIFORNIA;entrainement
M10FERVP000D169;FERRARI;F12;test
M10FERVP000U053;FERRARI;F12;test
M10FERVP000V054;FERRARI;F12;test
M10FERVP000A130;FERRARI;FF;entrainement
M10FERVP0007163;FERRARI;LAFERRARI;test
M10FERVP0008164;FERRARI;LAFERRARI;test
M10FERVP000P145;FERRARI;LAFERRARI;test
M10FERVP000R146;FERRARI;LAFERRARI;test
M10FERVP000U017;FERRARI;FF;entrainement
M10FERVP000V018;FERRARI;FF;entrainement
M10FATVP0085676;FIAT;500;calibration
M10FATVP0086677;FIAT;500;calibration
M10FATVP0087678;FIAT;500;calibration
M10FATVP008J679;FIAT;500;calibration
M10FATVP014B543;FIAT;500;calibration
M10FATVP014D545;FIAT;500;calibration
M10FATVP0011510;FIAT;500;calibration
M10FATVP0012511;FIAT;500;calibration
M10FATVP0013742;FIAT;500;calibration
M10FATVP0015514;FIAT;500;calibration
M10FATVP0016745;FIAT;500;calibration
M10FATVP0018517;FIAT;500;calibration
M10FATVP0018747;FIAT;500;calibration
M10FATVP0019518;FIAT;500;calibration
M10FATVP001A519;FIAT;500;calibration
M10FATVP001F524;FIAT;500;calibration
M10FATVP001G525;FIAT;500;calibration
M10FATVP001G780;FIAT;500;calibration
M10FATVP0140532;FIAT;500;calibration
M10FATVP0141533;FIAT;500;calibration
M10FATVP0142534;FIAT;500;calibration
M10FATVP0145537;FIAT;500;calibration
M10FATVP0146538;FIAT;500;calibration
M10FATVP0147539;FIAT;500;calibration
M10FATVP0148540;FIAT;500;calibration
M10FATVP014Z531;FIAT;500;calibration
MFT11211W513;FIAT;500;calibration
M10FATVP0018553;FIAT;500;calibration
M10FATVP001A555;FIAT;500;calibration
M10FATVP001K784;FIAT;500;calibration
M10FATVP001M786;FIAT;500;calibration
M10FATVP014J551;FIAT;500;calibration
M10FATVP014L553;FIAT;500;calibration
M10FATVP014M554;FIAT;500;calibration
M10FATVP001J528;FIAT;500;calibration
M10FATVP001K529;FIAT;500;calibration
M10FATVP001N532;FIAT;500;calibration
M10FATVP001N762;FIAT;500;calibration
M10FATVP001R536;FIAT;500;calibration
M10FATVP001S537;FIAT;500;calibration
M10FATVP001V540;FIAT;500;calibration
M10FATVP001V770;FIAT;500;calibration
MFT132110630;FIAT;500;calibration
MFT132114634;FIAT;500;calibration
MFT13211H514;FIAT;500;calibration
MFT13211J515;FIAT;500;calibration
MFT152113516;FIAT;500;calibration
MFT17211P517;FIAT;500;calibration
M10FATVP001M592;FIAT;500;calibration
M10FATVP001H526;FIAT;500;calibration
M10FATVP000H588;FIAT;500;calibration
M10FATVP0013548;FIAT;500;calibration
M10FATVP014R522;FIAT;500;calibration
M10FATVP001M592;FIAT;500;calibration
M10FATVP022C281;FIAT;500;calibration
M10FATVP022K289;FIAT;500;calibration
M10FATVP014F547;FIAT;500;calibration
M10FATVP022Z293;FIAT;500;calibration
M10FATVP014H549;FIAT;500;calibration
M10FATVP0221295;FIAT;500;calibration
M10FATVP022E283;FIAT;500;calibration
M10FATVP022X291;FIAT;500;calibration
M10FATVP014C544;FIAT;500;calibration
M10FATVP014E546;FIAT;500;calibration
M10FATVP0013512;FIAT;500;calibration
M10FATVP0014513;FIAT;500;calibration
M10FATVP0015744;FIAT;500;calibration
M10FATVP0016515;FIAT;500;calibration
M10FATVP0017746;FIAT;500;calibration
M10FATVP001B520;FIAT;500;calibration
M10FATVP001C751;FIAT;500;calibration
M10FATVP001D522;FIAT;500;calibration
M10FATVP001H781;FIAT;500;calibration
M10FATVP0143535;FIAT;500;calibration
M10FATVP0144536;FIAT;500;calibration
M10FATVP0149541;FIAT;500;calibration
M10FATVP014A542;FIAT;500;calibration
M10FATVP0019554;FIAT;500;calibration
M10FATVP001B556;FIAT;500;calibration
M10FATVP001L785;FIAT;500;calibration
M10FATVP001N787;FIAT;500;calibration
M10FATVP014K552;FIAT;500;calibration
M10FATVP001L530;FIAT;500;calibration
M10FATVP001M531;FIAT;500;calibration
M10FATVP001P534;FIAT;500;calibration
M10FATVP001P764;FIAT;500;calibration
M10FATVP001R535;FIAT;500;calibration
M10FATVP001T538;FIAT;500;calibration
M10FATVP001U539;FIAT;500;calibration
M10FATVP001X542;FIAT;500;calibration
M10FATVP001X772;FIAT;500;calibration
M10FATVP001Y543;FIAT;500;calibration
MFT132112632;FIAT;500;calibration
M10FATVP001J527;FIAT;500;calibration
M10FATVP0014549;FIAT;500;calibration
M10FATVP014R523;FIAT;500;calibration
M10FATVP022D282;FIAT;500;calibration
M10FATVP022L290;FIAT;500;calibration
M10FATVP014G548;FIAT;500;calibration
M10FATVP0220294;FIAT;500;calibration
M10FATVP014J550;FIAT;500;calibration
M10FATVP0222296;FIAT;500;calibration
M10FATVP022F284;FIAT;500;calibration
M10FATVP022Y292;FIAT;500;calibration
M10FATVP0221270;FIAT;500;calibration
M10FATVP007X342;FIAT;500L;test
M10FATVP0140241;FIAT;500L;test
M10FATVP014A772;FIAT;500L;test
M10FATVP014Z240;FIAT;500L;test
M10FATVP007Y343;FIAT;500L;test
M10FATVP007Z344;FIAT;500L;test
M10FATVP008U690;FIAT;500L;test
M10FATVP0136187;FIAT;500L;test
M10FATVP0137188;FIAT;500L;test
M10FATVP0141242;FIAT;500L;test
M10FATVP0142243;FIAT;500L;test
M10FATVP0143244;FIAT;500L;test
M10FATVP0144245;FIAT;500L;test
M10FATVP0145246;FIAT;500L;test
M10FATVP0146247;FIAT;500L;test
M10FATVP0147248;FIAT;500L;test
M10FATVP014B773;FIAT;500L;test
M10FATVP014C774;FIAT;500L;test
M10FATVP007V340;FIAT;500L;test
M10FATVP007W341;FIAT;500L;test
M10FATVP008L972;FIAT;500L;test
M10FATVP008M973;FIAT;500L;test
M10FATVP0145767;FIAT;500L;test
M10FATVP0146768;FIAT;500L;test
M10FATVP0147769;FIAT;500L;test
M10FATVP0148770;FIAT;500L;test
M10FATVP014A251;FIAT;500L;test
M10FATVP014R231;FIAT;500L;test
M10FATVP014R232;FIAT;500L;test
M10FATVP014S233;FIAT;500L;test
M10FATVP014T234;FIAT;500L;test
M10FATVP014U235;FIAT;500L;test
M10FATVP014V236;FIAT;500L;test
M10FATVP014W237;FIAT;500L;test
M10FATVP014X238;FIAT;500L;test
M10FATVP014Y239;FIAT;500L;test
M10FATVP008N974;FIAT;500L;test
M10FATVP008P975;FIAT;500L;test
M10FATVP0148249;FIAT;500L;test
M10FATVP0149250;FIAT;500L;test
M10FATVP014D775;FIAT;500L;test
M10FATVP014P776;FIAT;500L;test
M10FATVP0247493;FIAT;500L;test
M10FATVP000P693;FIAT;BRAVO;entrainement
M10FATVP001U090;FIAT;BRAVO;entrainement
M10FATVP001V091;FIAT;BRAVO;entrainement
M10FATVP001W092;FIAT;BRAVO;entrainement
M10FATVP001X093;FIAT;BRAVO;entrainement
M10FATVP001P595;FIAT;BRAVO;entrainement
M10FATVP000R307;FIAT;BRAVO;entrainement
M10FATVP000S308;FIAT;BRAVO;entrainement
M10FATVP001E487;FIAT;BRAVO;entrainement
MFT5322JJ519;FIAT;BRAVO;entrainement
MFT5322JJ520;FIAT;BRAVO;entrainement
M10FATVP0001317;FIAT;BRAVO;entrainement
M10FATVP0002318;FIAT;BRAVO;entrainement
M10FATVP0003319;FIAT;BRAVO;entrainement
M10FATVP000X313;FIAT;BRAVO;entrainement
M10FATVP000Y314;FIAT;BRAVO;entrainement
M10FATVP001G489;FIAT;BRAVO;entrainement
MFT5422JU521;FIAT;BRAVO;entrainement
MFT5422JV522;FIAT;BRAVO;entrainement
MFT5422JW523;FIAT;BRAVO;entrainement
MFT5422JX524;FIAT;BRAVO;entrainement
M10FATVP001M495;FIAT;BRAVO;entrainement
M10FATVP001N496;FIAT;BRAVO;entrainement
M10FATVP000B327;FIAT;BRAVO;entrainement
M10FATVP000C328;FIAT;BRAVO;entrainement
M10FATVP001K493;FIAT;BRAVO;entrainement
M10FATVP001L494;FIAT;BRAVO;entrainement
MFT5722JS525;FIAT;BRAVO;entrainement
MFT5722JT526;FIAT;BRAVO;entrainement
M10FATVP001P595;FIAT;BRAVO;entrainement
M10FATVP0006843;FIAT;DOBLO;entrainement
M10FATVP0008845;FIAT;DOBLO;entrainement
M10FATVP000J468;FIAT;DOBLO;entrainement
M10FATVP004D519;FIAT;DOBLO;entrainement
M10FATVP004E520;FIAT;DOBLO;entrainement
M10FATVP005P081;FIAT;DOBLO;entrainement
M10FATVP005R082;FIAT;DOBLO;entrainement
M10FATVP005V087;FIAT;DOBLO;entrainement
M10FATVP005W088;FIAT;DOBLO;entrainement
M10FATVP001J854;FIAT;DOBLO;entrainement
M10FATVP001Z447;FIAT;DOBLO;entrainement
M10FATVP004M528;FIAT;DOBLO;entrainement
M10FATVP022C342;FIAT;DOBLO;entrainement
M10FATVP022D343;FIAT;DOBLO;entrainement
M10FATVP001J854;FIAT;DOBLO;entrainement
M10FATVP001Z447;FIAT;DOBLO;entrainement
M10FATVP004M528;FIAT;DOBLO;entrainement
M10FATVP022C342;FIAT;DOBLO;entrainement
M10FATVP022D343;FIAT;DOBLO;entrainement
M10FATVP0010448;FIAT;DOBLO;entrainement
M10FATVP0011449;FIAT;DOBLO;entrainement
M10FATVP0012450;FIAT;DOBLO;entrainement
M10FATVP0013451;FIAT;DOBLO;entrainement
M10FATVP0014452;FIAT;DOBLO;entrainement
M10FATVP0015453;FIAT;DOBLO;entrainement
M10FATVP001S864;FIAT;DOBLO;entrainement
M10FATVP001T865;FIAT;DOBLO;entrainement
M10FATVP001V479;FIAT;DOBLO;entrainement
M10FATVP001V867;FIAT;DOBLO;entrainement
M10FATVP001W480;FIAT;DOBLO;entrainement
M10FATVP001W868;FIAT;DOBLO;entrainement
M10FATVP001X481;FIAT;DOBLO;entrainement
M10FATVP004N529;FIAT;DOBLO;entrainement
M10FATVP004R532;FIAT;DOBLO;entrainement
M10FATVP0050092;FIAT;DOBLO;entrainement
M10FATVP005X089;FIAT;DOBLO;entrainement
M10FATVP005Y090;FIAT;DOBLO;entrainement
M10FATVP005Z091;FIAT;DOBLO;entrainement
M10FATVP0008942;FIAT;DOBLO;entrainement
M10FATVP0009943;FIAT;DOBLO;entrainement
M10FATVP001M858;FIAT;DOBLO;entrainement
M10FATVP001N859;FIAT;DOBLO;entrainement
M10FATVP004G522;FIAT;DOBLO;entrainement
M10FATVP005R083;FIAT;DOBLO;entrainement
M10FATVP005S084;FIAT;DOBLO;entrainement
M10FATVP0009846;FIAT;DOBLO;entrainement
M10FATVP000A847;FIAT;DOBLO;entrainement
M10FATVP001P861;FIAT;DOBLO;entrainement
M10FATVP001R862;FIAT;DOBLO;entrainement
M10FATVP004J525;FIAT;DOBLO;entrainement
M10FATVP005T085;FIAT;DOBLO;entrainement
M10FATVP005U086;FIAT;DOBLO;entrainement
M10FATVP007C357;FIAT;DUCATO;calibration
M10FATVP007D358;FIAT;DUCATO;calibration
M10FATVP0095215;FIAT;DUCATO;calibration
M10FATVP0096216;FIAT;DUCATO;calibration
M10FATVP0097217;FIAT;DUCATO;calibration
M10FATVP009B221;FIAT;DUCATO;calibration
M10FATVP009C222;FIAT;DUCATO;calibration
M10FATVP009R237;FIAT;DUCATO;calibration
M10FATVP009S141;FIAT;DUCATO;calibration
M10FATVP009T142;FIAT;DUCATO;calibration
M10FATVP009U143;FIAT;DUCATO;calibration
M10FATVP009V144;FIAT;DUCATO;calibration
M10FATVP0031835;FIAT;DUCATO;calibration
M10FATVP0032836;FIAT;DUCATO;calibration
M10FATVP003F849;FIAT;DUCATO;calibration
M10FATVP003M820;FIAT;DUCATO;calibration
M10FATVP003N821;FIAT;DUCATO;calibration
M10FATVP003P822;FIAT;DUCATO;calibration
M10FATVP003P823;FIAT;DUCATO;calibration
M10FATVP003V829;FIAT;DUCATO;calibration
M10FATVP003W830;FIAT;DUCATO;calibration
M10FATVP003X831;FIAT;DUCATO;calibration
M10FATVP0071382;FIAT;DUCATO;calibration
M10FATVP0074349;FIAT;DUCATO;calibration
M10FATVP0075350;FIAT;DUCATO;calibration
M10FATVP0076351;FIAT;DUCATO;calibration
M10FATVP007J425;FIAT;DUCATO;calibration
M10FATVP007K426;FIAT;DUCATO;calibration
M10FATVP007X378;FIAT;DUCATO;calibration
M10FATVP007Z380;FIAT;DUCATO;calibration
M10FATVP0090113;FIAT;DUCATO;calibration
M10FATVP0090149;FIAT;DUCATO;calibration
M10FATVP0091114;FIAT;DUCATO;calibration
M10FATVP0091150;FIAT;DUCATO;calibration
M10FATVP0092115;FIAT;DUCATO;calibration
M10FATVP0092151;FIAT;DUCATO;calibration
M10FATVP0093116;FIAT;DUCATO;calibration
M10FATVP0093152;FIAT;DUCATO;calibration
M10FATVP0094117;FIAT;DUCATO;calibration
M10FATVP0095118;FIAT;DUCATO;calibration
M10FATVP0096119;FIAT;DUCATO;calibration
M10FATVP0096155;FIAT;DUCATO;calibration
M10FATVP0097120;FIAT;DUCATO;calibration
M10FATVP0097156;FIAT;DUCATO;calibration
M10FATVP0098157;FIAT;DUCATO;calibration
M10FATVP0099158;FIAT;DUCATO;calibration
M10FATVP009A159;FIAT;DUCATO;calibration
M10FATVP009B160;FIAT;DUCATO;calibration
M10FATVP009C161;FIAT;DUCATO;calibration
M10FATVP009D162;FIAT;DUCATO;calibration
M10FATVP009E163;FIAT;DUCATO;calibration
M10FATVP009F164;FIAT;DUCATO;calibration
M10FATVP009K169;FIAT;DUCATO;calibration
M10FATVP009L170;FIAT;DUCATO;calibration
M10FATVP009L231;FIAT;DUCATO;calibration
M10FATVP009M171;FIAT;DUCATO;calibration
M10FATVP009M232;FIAT;DUCATO;calibration
M10FATVP009N172;FIAT;DUCATO;calibration
M10FATVP009N233;FIAT;DUCATO;calibration
M10FATVP009W109;FIAT;DUCATO;calibration
M10FATVP009X110;FIAT;DUCATO;calibration
M10FATVP009Y111;FIAT;DUCATO;calibration
M10FATVP009Z112;FIAT;DUCATO;calibration
M10FATVP0034838;FIAT;DUCATO;calibration
M10FATVP0035839;FIAT;DUCATO;calibration
M10FATVP0036840;FIAT;DUCATO;calibration
M10FATVP003A844;FIAT;DUCATO;calibration
M10FATVP003B845;FIAT;DUCATO;calibration
M10FATVP003G850;FIAT;DUCATO;calibration
M10FATVP003R824;FIAT;DUCATO;calibration
M10FATVP003R825;FIAT;DUCATO;calibration
M10FATVP003S826;FIAT;DUCATO;calibration
M10FATVP003T827;FIAT;DUCATO;calibration
M10FATVP007U400;FIAT;DUCATO;calibration
M10FATVP007V401;FIAT;DUCATO;calibration
M10FATVP007W402;FIAT;DUCATO;calibration
M10FATVP007X403;FIAT;DUCATO;calibration
M10FATVP0090185;FIAT;DUCATO;calibration
M10FATVP0091186;FIAT;DUCATO;calibration
M10FATVP0092187;FIAT;DUCATO;calibration
M10FATVP0093188;FIAT;DUCATO;calibration
M10FATVP0098121;FIAT;DUCATO;calibration
M10FATVP0098193;FIAT;DUCATO;calibration
M10FATVP0099122;FIAT;DUCATO;calibration
M10FATVP009A123;FIAT;DUCATO;calibration
M10FATVP009B124;FIAT;DUCATO;calibration
M10FATVP009C125;FIAT;DUCATO;calibration
M10FATVP009D126;FIAT;DUCATO;calibration
M10FATVP009E127;FIAT;DUCATO;calibration
M10FATVP009F128;FIAT;DUCATO;calibration
M10FATVP009G129;FIAT;DUCATO;calibration
M10FATVP009H130;FIAT;DUCATO;calibration
M10FATVP009J131;FIAT;DUCATO;calibration
M10FATVP009J132;FIAT;DUCATO;calibration
M10FATVP009K194;FIAT;DUCATO;calibration
M10FATVP009L195;FIAT;DUCATO;calibration
M10FATVP009M196;FIAT;DUCATO;calibration
M10FATVP009P173;FIAT;DUCATO;calibration
M10FATVP009P174;FIAT;DUCATO;calibration
M10FATVP009P234;FIAT;DUCATO;calibration
M10FATVP009P235;FIAT;DUCATO;calibration
M10FATVP009R175;FIAT;DUCATO;calibration
M10FATVP009R236;FIAT;DUCATO;calibration
M10FATVP009U179;FIAT;DUCATO;calibration
M10FATVP009V180;FIAT;DUCATO;calibration
M10FATVP009W181;FIAT;DUCATO;calibration
M10FATVP009X182;FIAT;DUCATO;calibration
M10FATVP009Y183;FIAT;DUCATO;calibration
M10FATVP0072408;FIAT;DUCATO;calibration
M10FATVP009K133;FIAT;DUCATO;calibration
M10FATVP009L134;FIAT;DUCATO;calibration
M10FATVP009M135;FIAT;DUCATO;calibration
M10FATVP009N136;FIAT;DUCATO;calibration
M10FATVP009N197;FIAT;DUCATO;calibration
M10FATVP009P137;FIAT;DUCATO;calibration
M10FATVP009P138;FIAT;DUCATO;calibration
M10FATVP009P198;FIAT;DUCATO;calibration
M10FATVP009P199;FIAT;DUCATO;calibration
M10FATVP009R139;FIAT;DUCATO;calibration
M10FATVP009R140;FIAT;DUCATO;calibration
M10FATVP009V205;FIAT;DUCATO;calibration
M10FATVP009W206;FIAT;DUCATO;calibration
M10FATVP009X207;FIAT;DUCATO;calibration
M10FATVP001R438;FIAT;FIORINO;test
M10FATVP0012159;FIAT;FIORINO;test
M10FATVP024A496;FIAT;FIORINO;test
M10FATVP0012159;FIAT;FIORINO;test
M10FATVP024A496;FIAT;FIORINO;test
M10FATVP001F851;FIAT;FIORINO;test
M10FATVP001G852;FIAT;FIORINO;test
M10FATVP003R012;FIAT;FIORINO;test
M10FATVP003R013;FIAT;FIORINO;test
M10FATVP0140302;FIAT;FIORINO;test
M10FATVP0141303;FIAT;FIORINO;test
M10FATVP0142304;FIAT;FIORINO;test
M10FATVP0143305;FIAT;FIORINO;test
M10FATVP0144306;FIAT;FIORINO;test
M10FATVP014X299;FIAT;FIORINO;test
M10FATVP014Y300;FIAT;FIORINO;test
M10FATVP014Z301;FIAT;FIORINO;test
M10FATVP001H853;FIAT;FIORINO;test
M10FATVP0145307;FIAT;FIORINO;test
M10FATVP0146308;FIAT;FIORINO;test
M10FATVP0147309;FIAT;FIORINO;test
M10FATVP008V666;FIAT;FREEMONT;calibration
M10FATVP008W667;FIAT;FREEMONT;calibration
M10FATVP008L656;FIAT;FREEMONT;calibration
M10FATVP008P660;FIAT;FREEMONT;calibration
M10FATVP008N658;FIAT;FREEMONT;calibration
M10FATVP008R662;FIAT;FREEMONT;calibration
M10FATVP008T664;FIAT;FREEMONT;calibration
M10FATVP0000934;FIAT;PANDA;entrainement
M10FATVP001P084;FIAT;PANDA;entrainement
M10FATVP001P085;FIAT;PANDA;entrainement
M10FATVP004L563;FIAT;PANDA;entrainement
M10FATVP004M564;FIAT;PANDA;entrainement
M10FATVP008P684;FIAT;PANDA;entrainement
M10FATVP008P685;FIAT;PANDA;entrainement
M10FATVP008R686;FIAT;PANDA;entrainement
M10FATVP008R687;FIAT;PANDA;entrainement
M10FATVP012A192;FIAT;PANDA;entrainement
M10FATVP012B193;FIAT;PANDA;entrainement
M10FATVP001R148;FIAT;PANDA;entrainement
M10FATVP0262849;FIAT;PANDA;entrainement
M10FATVP0263850;FIAT;PANDA;entrainement
M10FATVP0264851;FIAT;PANDA;entrainement
M10FATVP0265852;FIAT;PANDA;entrainement
M10FATVP0266853;FIAT;PANDA;entrainement
M10FATVP0267854;FIAT;PANDA;entrainement
M10FATVP007R335;FIAT;PANDA;entrainement
M10FATVP026F862;FIAT;PANDA;entrainement
M10FATVP001R148;FIAT;PANDA;entrainement
M10FATVP0262849;FIAT;PANDA;entrainement
M10FATVP0263850;FIAT;PANDA;entrainement
M10FATVP0264851;FIAT;PANDA;entrainement
M10FATVP0265852;FIAT;PANDA;entrainement
M10FATVP0266853;FIAT;PANDA;entrainement
M10FATVP0267854;FIAT;PANDA;entrainement
M10FATVP001M143;FIAT;PANDA;entrainement
M10FATVP001N144;FIAT;PANDA;entrainement
M10FATVP008S688;FIAT;PANDA;entrainement
M10FATVP014S524;FIAT;PANDA;entrainement
M10FATVP014V527;FIAT;PANDA;entrainement
M10FATVP0327036;FIAT;PANDA;entrainement
M10FATVP032A039;FIAT;PANDA;entrainement
M10FATVP032B040;FIAT;PANDA;entrainement
M10FATVP032C041;FIAT;PANDA;entrainement
M10FATVP007R335;FIAT;PANDA;entrainement
M10FATVP026F862;FIAT;PANDA;entrainement
M10FATVP0047513;FIAT;PUNTO;test
M10FATVP0048514;FIAT;PUNTO;test
M10FATVP004B517;FIAT;PUNTO;test
M10FATVP004C518;FIAT;PUNTO;test
M10FATVP0009422;FIAT;PUNTO;test
M10FATVP000C364;FIAT;PUNTO;test
M10FATVP000L592;FIAT;PUNTO;test
M10FATVP000X604;FIAT;PUNTO;test
M10FATVP002T925;FIAT;PUNTO;test
M10FATVP002Z931;FIAT;PUNTO;test
M10FATVP001H102;FIAT;PUNTO;test
M10FATVP001R111;FIAT;PUNTO;test
M10FATVP0005418;FIAT;PUNTO;test
M10FATVP0008360;FIAT;PUNTO;test
M10FATVP001E559;FIAT;PUNTO;test
M10FATVP001K565;FIAT;PUNTO;test
M10FATVP0005418;FIAT;PUNTO;test
M10FATVP0008360;FIAT;PUNTO;test
M10FATVP0045511;FIAT;PUNTO;test
M10FATVP0046512;FIAT;PUNTO;test
M10FATVP0049515;FIAT;PUNTO;test
M10FATVP004A516;FIAT;PUNTO;test
M10FATVP002E461;FIAT;PUNTO;test
M10FATVP002H464;FIAT;PUNTO;test
M10FATVP000A459;FIAT;PUNTO;test
M10FATVP000L398;FIAT;PUNTO;test
M10FATVP001E559;FIAT;PUNTO;test
M10FATVP001K565;FIAT;PUNTO;test
M10FATVP0015708;FIAT;SCUDO;test
M10FATVP0016709;FIAT;SCUDO;test
M10FATVP0017710;FIAT;SCUDO;test
M10FATVP014T173;FIAT;SCUDO;test
M10FATVP014U174;FIAT;SCUDO;test
M10FATVP014V175;FIAT;SCUDO;test
M10FATVP0010606;FIAT;SCUDO;test
M10FATVP001Y604;FIAT;SCUDO;test
M10FATVP001Z605;FIAT;SCUDO;test
M10FATVP014R170;FIAT;SCUDO;test
M10FATVP014R171;FIAT;SCUDO;test
M10FATVP014S172;FIAT;SCUDO;test
M10FATVP000C001;FIAT;SEDICI;calibration
M10FATVP000D002;FIAT;SEDICI;calibration
M10FATVP000F004;FIAT;SEDICI;calibration
M10FATVP000W991;FIAT;SEDICI;calibration
M10FATVP000X992;FIAT;SEDICI;calibration
M10FATVP000Z994;FIAT;SEDICI;calibration
M10FATVP001P304;FIAT;SEDICI;calibration
M10FATVP001R305;FIAT;SEDICI;calibration
M10FATVP001R306;FIAT;SEDICI;calibration
M10FATVP001S307;FIAT;SEDICI;calibration
M10FATVP000Y993;FIAT;SEDICI;calibration
M10FATVP001T308;FIAT;SEDICI;calibration
M10FATVP001U478;FIAT;SEDICI;calibration
M10FATVP0039067;FIAT;SEDICI;calibration
M10FATVP007H035;FIAT;SEDICI;calibration
M10FATVP007J037;FIAT;SEDICI;calibration
M10FRDVP0571852;FORD;B-MAX;calibration
M10FRDVP0575856;FORD;B-MAX;calibration
M10FRDVP0583490;FORD;B-MAX;calibration
M10FRDVP0576857;FORD;B-MAX;calibration
M10FRDVP0585492;FORD;B-MAX;calibration
M10FRDVP0573854;FORD;B-MAX;calibration
M10FRDVP0572853;FORD;B-MAX;calibration
M10FRDVP039H099;FORD;C-MAX;entrainement
M10FRDVP0393096;FORD;C-MAX;entrainement
M10FRDVP0579436;FORD;C-MAX;entrainement
M10FRDVP039T086;FORD;C-MAX;entrainement
M10FRDVP039R083;FORD;C-MAX;entrainement
M10FRDVP057B959;FORD;C-MAX;entrainement
M10FRDVP057H965;FORD;C-MAX;entrainement
M10FRDVP0956880;FORD;ECOSPORT;entrainement
M10FRDVP057A861;FORD;ECOSPORT;entrainement
M10FRDVP105H651;FORD;FIESTA;calibration
M10FRDVP105J652;FORD;FIESTA;calibration
M10FRDVP057K386;FORD;FIESTA;calibration
M10FRDVP057X388;FORD;FIESTA;calibration
M10FRDVP1050634;FORD;FIESTA;calibration
M10FRDVP105Z633;FORD;FIESTA;calibration
M10FRDVP105D647;FORD;FIESTA;calibration
M10FRDVP105E648;FORD;FIESTA;calibration
M10FRDVP0574395;FORD;FIESTA;calibration
M10FRDVP0575396;FORD;FIESTA;calibration
M10FRDVP0577398;FORD;FIESTA;calibration
M10FRDVP0579400;FORD;FIESTA;calibration
M10FRDVP1055639;FORD;FIESTA;calibration
M10FRDVP1056640;FORD;FIESTA;calibration
M10FRDVP1057641;FORD;FIESTA;calibration
M10FRDVP1058642;FORD;FIESTA;calibration
M10FRDVP105A644;FORD;FIESTA;calibration
M10FRDVP105C646;FORD;FIESTA;calibration
M10FRDVP057G382;FORD;FIESTA;calibration
M10FRDVP057J384;FORD;FIESTA;calibration
M10FRDVP105X631;FORD;FIESTA;calibration
M10FRDVP105Y632;FORD;FIESTA;calibration
M10FRDVP105V665;FORD;FIESTA;calibration
M10FRDVP105W666;FORD;FIESTA;calibration
M10FRDVP057F381;FORD;FIESTA;calibration
M10FRDVP105Z669;FORD;FIESTA;calibration
M10FRDVP057P416;FORD;FIESTA;calibration
M10FRDVP057S419;FORD;FIESTA;calibration
M10FRDVP105R661;FORD;FIESTA;calibration
M10FRDVP105S662;FORD;FIESTA;calibration
M10FRDVP105T663;FORD;FIESTA;calibration
M10FRDVP105U664;FORD;FIESTA;calibration
M10FRDVP0827700;FORD;FOCUS;entrainement
M10FRDVP0828701;FORD;FOCUS;entrainement
M10FRDVP082L653;FORD;FOCUS;entrainement
M10FRDVP082M654;FORD;FOCUS;entrainement
M10FRDVP082F647;FORD;FOCUS;entrainement
M10FRDVP082G648;FORD;FOCUS;entrainement
M10FRDVP082R659;FORD;FOCUS;entrainement
M10FRDVP082S660;FORD;FOCUS;entrainement
M10FRDVP082X665;FORD;FOCUS;entrainement
M10FRDVP082Y666;FORD;FOCUS;entrainement
M10FRDVP095B860;FORD;FOCUS;entrainement
M10FRDVP095C861;FORD;FOCUS;entrainement
M10FRDVP0824697;FORD;FOCUS;entrainement
M10FRDVP0825698;FORD;FOCUS;entrainement
M10FRDVP0957856;FORD;FOCUS;entrainement
M10FRDVP0958857;FORD;FOCUS;entrainement
M10FRDVP082Y691;FORD;FOCUS;entrainement
M10FRDVP082Z692;FORD;FOCUS;entrainement
M10FRDVP082A703;FORD;FOCUS;entrainement
M10FRDVP082B704;FORD;FOCUS;entrainement
M10FRDVP095J867;FORD;FOCUS;entrainement
M10FRDVP095J868;FORD;FOCUS;entrainement
M10FRDVP095K869;FORD;FOCUS;entrainement
M10FRDVP095L870;FORD;FOCUS;entrainement
M10FRDVP095M871;FORD;FOCUS;entrainement
M10FRDVP095N872;FORD;FOCUS;entrainement
M10FRDVP039G098;FORD;C-MAX;entrainement
M10FRDVP0392095;FORD;C-MAX;entrainement
M10FRDVP0578435;FORD;C-MAX;entrainement
M10FRDVP039S085;FORD;C-MAX;entrainement
M10FRDVP039P082;FORD;C-MAX;entrainement
M10FRDVP057A958;FORD;C-MAX;entrainement
M10FRDVP057E962;FORD;C-MAX;entrainement
M10FRDVP057F963;FORD;C-MAX;entrainement
M10FRDVP039J100;FORD;KA;test
M10FRDVP083S296;FORD;KUGA;entrainement
M10FRDVP083T297;FORD;KUGA;entrainement
M10FRDVP0834308;FORD;KUGA;entrainement
M10FRDVP083U298;FORD;KUGA;entrainement
M10FRDVP083V299;FORD;KUGA;entrainement
M10FRDVP083W300;FORD;KUGA;entrainement
M10FRDVP0830304;FORD;KUGA;entrainement
M10FRDVP0831305;FORD;KUGA;entrainement
M10FRDVP082R622;FORD;MONDEO;entrainement
M10FRDVP082U626;FORD;MONDEO;entrainement
M10FRDVP082C547;FORD;MONDEO;entrainement
M10FRDVP082E549;FORD;MONDEO;entrainement
M10FRDVP0825540;FORD;MONDEO;entrainement
M10FRDVP0826541;FORD;MONDEO;entrainement
M10FRDVP082B607;FORD;MONDEO;entrainement
M10FRDVP082C608;FORD;MONDEO;entrainement
M10FRDVP0821572;FORD;MONDEO;entrainement
M10FRDVP0824575;FORD;MONDEO;entrainement
M10FRDVP0825576;FORD;MONDEO;entrainement
M10FRDVP082V566;FORD;MONDEO;entrainement
M10FRDVP082X568;FORD;MONDEO;entrainement
M10FRDVP082Z570;FORD;MONDEO;entrainement
M10FRDVP0826638;FORD;MONDEO;entrainement
M10FRDVP0828640;FORD;MONDEO;entrainement
M10FRDVP082A581;FORD;MONDEO;entrainement
M10FRDVP082N583;FORD;MONDEO;entrainement
M10FRDVP035J783;FORD;S-MAX;entrainement
M10FRDVP035R791;FORD;S-MAX;entrainement
M10FRDVP047P196;FORD;S-MAX;entrainement
M10FRDVP047R197;FORD;S-MAX;entrainement
M10FRDVP047A192;FORD;S-MAX;entrainement
M10FRDVP047B193;FORD;S-MAX;entrainement
M10FRDVP058F405;FORD;TOURNEO CONNECT;calibration
M10FRDVP058H407;FORD;TOURNEO CONNECT;calibration
M10FRDVP058J409;FORD;TOURNEO CONNECT;calibration
M10FRDVP0585395;FORD;TOURNEO CONNECT;calibration
M10FRDVP0588398;FORD;TOURNEO CONNECT;calibration
M10FRDVP058B401;FORD;TOURNEO CONNECT;calibration
M10FRDVP058S454;FORD;TOURNEO CONNECT;calibration
M10FRDVP058T455;FORD;TOURNEO CONNECT;calibration
M10FRDVP058W458;FORD;TOURNEO CONNECT;calibration
M10FRDVP058X459;FORD;TOURNEO CONNECT;calibration
M10FRDVP0580426;FORD;TOURNEO CONNECT;calibration
M10FRDVP0581427;FORD;TOURNEO CONNECT;calibration
M10FRDVP0582428;FORD;TOURNEO CONNECT;calibration
M10FRDVP0583429;FORD;TOURNEO CONNECT;calibration
M10FRDVP0586432;FORD;TOURNEO CONNECT;calibration
M10FRDVP0587433;FORD;TOURNEO CONNECT;calibration
M10FRDVP0588434;FORD;TOURNEO CONNECT;calibration
M10FRDVP0589435;FORD;TOURNEO CONNECT;calibration
M10FRDVP058C438;FORD;TOURNEO CONNECT;calibration
M10FRDVP058D439;FORD;TOURNEO CONNECT;calibration
M10FRDVP058W422;FORD;TOURNEO CONNECT;calibration
M10FRDVP058X423;FORD;TOURNEO CONNECT;calibration
M10FRDVP058K410;FORD;TOURNEO CONNECT;calibration
M10FRDVP058M412;FORD;TOURNEO CONNECT;calibration
M10FRDVP058N413;FORD;TOURNEO CONNECT;calibration
M10FRDVP058P415;FORD;TOURNEO CONNECT;calibration
M10FRDVP058R416;FORD;TOURNEO CONNECT;calibration
M10FRDVP058S418;FORD;TOURNEO CONNECT;calibration
M10FRDVP0584466;FORD;TOURNEO COURIER;calibration
M10FRDVP0586468;FORD;TOURNEO COURIER;calibration
M10FRDVP058C474;FORD;TOURNEO COURIER;calibration
M10FRDVP058E476;FORD;TOURNEO COURIER;calibration
M10FRDVP0669197;FORD;TOURNEO COURIER;calibration
M10FRDVP066B199;FORD;TOURNEO COURIER;calibration
M10FRDVP065C273;FORD;TOURNEO CUSTOM;calibration
M10FRDVP065D274;FORD;TOURNEO CUSTOM;calibration
M10FRDVP065E203;FORD;TOURNEO CUSTOM;calibration
M10FRDVP065E275;FORD;TOURNEO CUSTOM;calibration
M10FRDVP065F204;FORD;TOURNEO CUSTOM;calibration
M10FRDVP065G205;FORD;TOURNEO CUSTOM;calibration
M10FRDVP065H206;FORD;TOURNEO CUSTOM;calibration
M10FRDVP065J207;FORD;TOURNEO CUSTOM;calibration
M10FRDVP065J208;FORD;TOURNEO CUSTOM;calibration
M10FRDVP0652130;FORD;TOURNEO CUSTOM;calibration
M10FRDVP0653131;FORD;TOURNEO CUSTOM;calibration
M10FRDVP0654132;FORD;TOURNEO CUSTOM;calibration
M10FRDVP0655133;FORD;TOURNEO CUSTOM;calibration
M10FRDVP0656134;FORD;TOURNEO CUSTOM;calibration
M10FRDVP0657135;FORD;TOURNEO CUSTOM;calibration
M10FRDVP065B200;FORD;TOURNEO CUSTOM;calibration
M10FRDVP065C201;FORD;TOURNEO CUSTOM;calibration
M10FRDVP065D202;FORD;TOURNEO CUSTOM;calibration
M10FRDVP0833149;FORD;TRANSIT;calibration
M10FRDVP0835151;FORD;TRANSIT;calibration
M10FRDVP0837153;FORD;TRANSIT;calibration
M10FRDVP0839155;FORD;TRANSIT;calibration
M10FRDVP083E160;FORD;TRANSIT;calibration
M10FRDVP083H163;FORD;TRANSIT;calibration
M10FRDVP083J165;FORD;TRANSIT;calibration
M10FRDVP083L167;FORD;TRANSIT;calibration
M10FRDVP083N169;FORD;TRANSIT;calibration
M10FRDVP083S174;FORD;TRANSIT;calibration
M10FRDVP0826929;FORD;TRANSIT;calibration
M10FRDVP0828931;FORD;TRANSIT;calibration
M10FRDVP082A933;FORD;TRANSIT;calibration
M10FRDVP082C935;FORD;TRANSIT;calibration
M10FRDVP082H940;FORD;TRANSIT;calibration
M10FRDVP082K943;FORD;TRANSIT;calibration
M10FRDVP082M945;FORD;TRANSIT;calibration
M10FRDVP082P947;FORD;TRANSIT;calibration
M10FRDVP082R949;FORD;TRANSIT;calibration
M10FRDVP082V954;FORD;TRANSIT;calibration
M10FRDVP048A385;FORD;TRANSIT CUSTOM;entrainement
M10FRDVP048B386;FORD;TRANSIT CUSTOM;entrainement
M10FRDVP048P389;FORD;TRANSIT CUSTOM;entrainement
M10FRDVP048R390;FORD;TRANSIT CUSTOM;entrainement
M10FRDVP0655291;FORD;TRANSIT CUSTOM;entrainement
M10FRDVP0656292;FORD;TRANSIT CUSTOM;entrainement
M10FRDVP0657293;FORD;TRANSIT CUSTOM;entrainement
M10FRDVP0658294;FORD;TRANSIT CUSTOM;entrainement
M10FRDVP0659295;FORD;TRANSIT CUSTOM;entrainement
M10FRDVP065A296;FORD;TRANSIT CUSTOM;entrainement
M10FRDVP065B297;FORD;TRANSIT CUSTOM;entrainement
M10FRDVP065C298;FORD;TRANSIT CUSTOM;entrainement
M10FRDVP065D299;FORD;TRANSIT CUSTOM;entrainement
M10FRDVP065E300;FORD;TRANSIT CUSTOM;entrainement
M10FRDVP065F301;FORD;TRANSIT CUSTOM;entrainement
M10FRDVP065L282;FORD;TRANSIT CUSTOM;entrainement
M10FRDVP065M283;FORD;TRANSIT CUSTOM;entrainement
M10FRDVP065N284;FORD;TRANSIT CUSTOM;entrainement
M10FRDVP065P285;FORD;TRANSIT CUSTOM;entrainement
M10FRDVP065P286;FORD;TRANSIT CUSTOM;entrainement
M10FRDVP065R287;FORD;TRANSIT CUSTOM;entrainement
M10FRDVP065R288;FORD;TRANSIT CUSTOM;entrainement
M10FRDVP065S289;FORD;TRANSIT CUSTOM;entrainement
M10FRDVP065T290;FORD;TRANSIT CUSTOM;entrainement
M10FRDVP048D352;FORD;TRANSIT CUSTOM;entrainement
M10FRDVP048E353;FORD;TRANSIT CUSTOM;entrainement
M10FRDVP048G355;FORD;TRANSIT CUSTOM;entrainement
M10FRDVP048J358;FORD;TRANSIT CUSTOM;entrainement
M10FRDVP048K359;FORD;TRANSIT CUSTOM;entrainement
M10FRDVP048M361;FORD;TRANSIT CUSTOM;entrainement
M10FRDVP0650225;FORD;TRANSIT CUSTOM;entrainement
M10FRDVP0651226;FORD;TRANSIT CUSTOM;entrainement
M10FRDVP0652227;FORD;TRANSIT CUSTOM;entrainement
M10FRDVP0653228;FORD;TRANSIT CUSTOM;entrainement
M10FRDVP0654229;FORD;TRANSIT CUSTOM;entrainement
M10FRDVP0655230;FORD;TRANSIT CUSTOM;entrainement
M10FRDVP0656231;FORD;TRANSIT CUSTOM;entrainement
M10FRDVP0657232;FORD;TRANSIT CUSTOM;entrainement
M10FRDVP065K209;FORD;TRANSIT CUSTOM;entrainement
M10FRDVP065L210;FORD;TRANSIT CUSTOM;entrainement
M10FRDVP065M211;FORD;TRANSIT CUSTOM;entrainement
M10FRDVP065N212;FORD;TRANSIT CUSTOM;entrainement
M10FRDVP065P213;FORD;TRANSIT CUSTOM;entrainement
M10FRDVP065P214;FORD;TRANSIT CUSTOM;entrainement
M10FRDVP065R215;FORD;TRANSIT CUSTOM;entrainement
M10FRDVP065R216;FORD;TRANSIT CUSTOM;entrainement
M10FRDVP065S217;FORD;TRANSIT CUSTOM;entrainement
M10FRDVP065T218;FORD;TRANSIT CUSTOM;entrainement
M10FRDVP065U219;FORD;TRANSIT CUSTOM;entrainement
M10FRDVP065V220;FORD;TRANSIT CUSTOM;entrainement
M10FRDVP065W221;FORD;TRANSIT CUSTOM;entrainement
M10FRDVP065X222;FORD;TRANSIT CUSTOM;entrainement
M10FRDVP065Y223;FORD;TRANSIT CUSTOM;entrainement
M10FRDVP065Z224;FORD;TRANSIT CUSTOM;entrainement
M10FRDVP048G319;FORD;TRANSIT CUSTOM;entrainement
M10FRDVP048H320;FORD;TRANSIT CUSTOM;entrainement
M10FRDVP048J322;FORD;TRANSIT CUSTOM;entrainement
M10FRDVP048M325;FORD;TRANSIT CUSTOM;entrainement
M10FRDVP048N326;FORD;TRANSIT CUSTOM;entrainement
M10FRDVP048P328;FORD;TRANSIT CUSTOM;entrainement
M10FRDVP0658136;FORD;TRANSIT CUSTOM;entrainement
M10FRDVP0659137;FORD;TRANSIT CUSTOM;entrainement
M10FRDVP065A138;FORD;TRANSIT CUSTOM;entrainement
M10FRDVP065B139;FORD;TRANSIT CUSTOM;entrainement
M10FRDVP065C140;FORD;TRANSIT CUSTOM;entrainement
M10FRDVP065D141;FORD;TRANSIT CUSTOM;entrainement
M10FRDVP065E142;FORD;TRANSIT CUSTOM;entrainement
M10FRDVP065F143;FORD;TRANSIT CUSTOM;entrainement
M10FRDVP065G144;FORD;TRANSIT CUSTOM;entrainement
M10FRDVP065H145;FORD;TRANSIT CUSTOM;entrainement
M10FRDVP065J146;FORD;TRANSIT CUSTOM;entrainement
M10FRDVP065J147;FORD;TRANSIT CUSTOM;entrainement
M10FRDVP065K148;FORD;TRANSIT CUSTOM;entrainement
M10FRDVP065L149;FORD;TRANSIT CUSTOM;entrainement
M10FRDVP065M150;FORD;TRANSIT CUSTOM;entrainement
M10FRDVP065N151;FORD;TRANSIT CUSTOM;entrainement
M10FRDVP065P152;FORD;TRANSIT CUSTOM;entrainement
M10FRDVP065P153;FORD;TRANSIT CUSTOM;entrainement
M10FRDVP065R154;FORD;TRANSIT CUSTOM;entrainement
M10FRDVP065R155;FORD;TRANSIT CUSTOM;entrainement
M10FRDVP065S156;FORD;TRANSIT CUSTOM;entrainement
M10FRDVP065T157;FORD;TRANSIT CUSTOM;entrainement
M10FRDVP065U158;FORD;TRANSIT CUSTOM;entrainement
M10FRDVP065V159;FORD;TRANSIT CUSTOM;entrainement
M10FCTVP0009711;FORD;MONDEO;entrainement
M10HNDVP0000414;HONDA;ACCORD;entrainement
M10HNDVP0004418;HONDA;ACCORD;entrainement
M10HNDVP000D391;HONDA;ACCORD;entrainement
M10HNDVP000M400;HONDA;ACCORD;entrainement
M10HNDVP000R404;HONDA;ACCORD;entrainement
M10HNDVP000S406;HONDA;ACCORD;entrainement
M10HNDVP0000547;HONDA;CIVIC;entrainement
M10HNDVP0001548;HONDA;CIVIC;entrainement
M10HNDVP0002319;HONDA;CIVIC;entrainement
M10HNDVP0003320;HONDA;CIVIC;entrainement
M10HNDVP000Z546;HONDA;CIVIC;entrainement
M10HNDVP0000317;HONDA;CIVIC;entrainement
M10HNDVP0004551;HONDA;CIVIC;entrainement
M10HNDVP0005552;HONDA;CIVIC;entrainement
M10HNDVP0006553;HONDA;CIVIC;entrainement
M10HNDVP0007554;HONDA;CIVIC;entrainement
M10HNDVP0009556;HONDA;CIVIC;entrainement
M10HNDVP000A424;HONDA;CIVIC;entrainement
M10HNDVP000E428;HONDA;CIVIC;entrainement
M10HNDVP000X314;HONDA;CIVIC;entrainement
M10HNDVP0002549;HONDA;CIVIC;entrainement
M10HNDVP0003550;HONDA;CIVIC;entrainement
M10HNDVP0008422;HONDA;CIVIC;entrainement
M10HNDVP0009423;HONDA;CIVIC;entrainement
M10HNDVP000D585;HONDA;CIVIC;entrainement
M10HNDVP000T310;HONDA;CIVIC;entrainement
M10HNDVP000H528;HONDA;CR-V;entrainement
M10HNDVP000K373;HONDA;CR-V;entrainement
M10HNDVP000L532;HONDA;CR-V;entrainement
M10HNDVP000P377;HONDA;CR-V;entrainement
M10HNDVP000F526;HONDA;CR-V;entrainement
M10HNDVP000G527;HONDA;CR-V;entrainement
M10HNDVP000B522;HONDA;CR-V;entrainement
M10HNDVP000C523;HONDA;CR-V;entrainement
M10HNDVP000D524;HONDA;CR-V;entrainement
M10HNDVP000P596;HONDA;CR-V;entrainement
M10HNDVP000P597;HONDA;CR-V;entrainement
M10HNDVP000R379;HONDA;CR-V;entrainement
M10HNDVP000R598;HONDA;CR-V;entrainement
M10HNDVP000R599;HONDA;CR-V;entrainement
M10HNDVP000S381;HONDA;CR-V;entrainement
M10HNDVP000W385;HONDA;CR-Z;entrainement
M10HNDVP000J300;HONDA;INSIGHT;entrainement
M10HNDVP000K301;HONDA;INSIGHT;entrainement
M10HNDVP0002222;HONDA;JAZZ;entrainement
M10HNDVP0003223;HONDA;JAZZ;entrainement
M10HNDVP0005225;HONDA;JAZZ;entrainement
M10HNDVP0008228;HONDA;JAZZ;entrainement
M10HNDVP0009229;HONDA;JAZZ;entrainement
M10HNDVP0009362;HONDA;JAZZ;entrainement
M10HNDVP000C232;HONDA;JAZZ;entrainement
M10HNDVP000D233;HONDA;JAZZ;entrainement
M10HNDVP000G236;HONDA;JAZZ;entrainement
M10HNDVP0001221;HONDA;JAZZ;entrainement
M10HMCVP0016712;HYUNDAI;GENESIS;entrainement
M10HMCVP0014552;HYUNDAI;I 10;entrainement
M10HMCVP0016554;HYUNDAI;I 10;entrainement
M10HMCVP0017555;HYUNDAI;I 10;entrainement
M10HMCVP001C851;HYUNDAI;I 20;test
M10HMCVP0018847;HYUNDAI;I 20;test
M10HMCVP0019848;HYUNDAI;I 20;test
M10HMCVP001J954;HYUNDAI;I 20;test
M10HMCVP001J955;HYUNDAI;I 20;test
M10HMCVP0012841;HYUNDAI;I 20;test
M10HMCVP0013842;HYUNDAI;I 20;test
M10HMCVP001V967;HYUNDAI;I 20;test
M10HMCVP0015844;HYUNDAI;I 20;test
M10HMCVP0019945;HYUNDAI;I 20;test
M10HMCVP001A946;HYUNDAI;I 20;test
M10HMCVP001S928;HYUNDAI;I 20;test
M10HMCVP001G952;HYUNDAI;I 20;test
M10HMCVP001R829;HYUNDAI;I 20;test
M10HMCVP001R830;HYUNDAI;I 20;test
M10HMCVP0011901;HYUNDAI;I 30;calibration
M10HMCVP0012902;HYUNDAI;I 30;calibration
M10HMCVP0016906;HYUNDAI;I 30;calibration
M10HMCVP0018908;HYUNDAI;I 30;calibration
M10HMCVP001M886;HYUNDAI;I 30;calibration
M10HMCVP001A910;HYUNDAI;I 30;calibration
M10HMCVP001N887;HYUNDAI;I 30;calibration
M10HMCVP001H917;HYUNDAI;I 30;calibration
M10HMCVP001J918;HYUNDAI;I 30;calibration
M10HMCVP001W896;HYUNDAI;I 30;calibration
M10HMCVP001X897;HYUNDAI;I 30;calibration
M10HMCVP001Y898;HYUNDAI;I 30;calibration
M10HMCVP001Z899;HYUNDAI;I 30;calibration
M10HMCVP0010997;HYUNDAI;I 40;calibration
M10HMCVP001H978;HYUNDAI;I 40;calibration
M10HMCVP001D974;HYUNDAI;I 40;calibration
M10HMCVP001E975;HYUNDAI;I 40;calibration
M10HMCVP001F976;HYUNDAI;I 40;calibration
M10HMCVP001G977;HYUNDAI;I 40;calibration
M10HMCVP001W993;HYUNDAI;I 40;calibration
M10HMCVP001X994;HYUNDAI;I 40;calibration
M10HMCVP001Y995;HYUNDAI;I 40;calibration
M10HMCVP001Z996;HYUNDAI;I 40;calibration
M10HMCVP001X448;HYUNDAI;IX 35;entrainement
M10HMCVP001U445;HYUNDAI;IX 35;entrainement
M10HMCVP001V446;HYUNDAI;IX 35;entrainement
M10HMCVP0012453;HYUNDAI;IX 35;entrainement
M10HMCVP0013454;HYUNDAI;IX 35;entrainement
M10HMCVP001Y449;HYUNDAI;IX 35;entrainement
M10HMCVP001Z450;HYUNDAI;IX 35;entrainement
M10HMCVP001P439;HYUNDAI;IX 35;entrainement
M10HMCVP001P440;HYUNDAI;IX 35;entrainement
M10HMCVP001S479;HYUNDAI;IX 20;entrainement
M10HMCVP0019485;HYUNDAI;IX 20;entrainement
M10HMCVP001W483;HYUNDAI;IX 20;entrainement
M10HMCVP001X484;HYUNDAI;IX 20;entrainement
M10HMCVP001K787;HYUNDAI;IX 20;entrainement
M10HMCVP001A486;HYUNDAI;IX 20;entrainement
M10HMCVP001B487;HYUNDAI;IX 20;entrainement
M10HMCVP001B753;HYUNDAI;SANTA FE;entrainement
M10HMCVP0012029;HYUNDAI;SANTA FE;entrainement
M10HMCVP0016033;HYUNDAI;SANTA FE;entrainement
M10HMCVP0017749;HYUNDAI;SANTA FE;entrainement
M10HMCVP001G431;HYUNDAI;SANTA FE;entrainement
M10HMCVP001L436;HYUNDAI;SANTA FE;entrainement
M10HMCVP001P766;HYUNDAI;SANTA FE;entrainement
M10HMCVP001N862;HYUNDAI;VELOSTER;entrainement
M10HMCVP001P863;HYUNDAI;VELOSTER;entrainement
M10NFNVP0000115;INFINITI;Q50;entrainement
M10NFNVP000X112;INFINITI;Q50;entrainement
M10NFNVP000Y113;INFINITI;Q50;entrainement
M10NFNVP000Z114;INFINITI;Q50;entrainement
M10NFNVP0001116;INFINITI;Q50;entrainement
M10NFNVP0002117;INFINITI;Q50;entrainement
M10NFNVP0003118;INFINITI;Q50;entrainement
M10NFNVP0004119;INFINITI;Q50;entrainement
M10NFNVP0009124;INFINITI;Q50;entrainement
M10NFNVP000A125;INFINITI;Q50;entrainement
M10NFNVP000B126;INFINITI;Q50;entrainement
M10NFNVP000C127;INFINITI;Q50;entrainement
M10NFNVP000T108;INFINITI;Q50;entrainement
M10NFNVP000U109;INFINITI;Q50;entrainement
M10NFNVP000V110;INFINITI;Q50;entrainement
M10NFNVP000W111;INFINITI;Q50;entrainement
M10NFNVP000M101;INFINITI;Q60;test
M10NFNVP000N102;INFINITI;Q60;test
M10NFNVP000P103;INFINITI;Q60;test
M10NFNVP000D128;INFINITI;Q70;calibration
M10NFNVP000E129;INFINITI;Q70;calibration
M10NFNVP000F130;INFINITI;Q70;calibration
M10NFNVP000J133;INFINITI;Q70;calibration
M10NFNVP000J134;INFINITI;Q70;calibration
M10NFNVP000G131;INFINITI;Q70;calibration
M10NFNVP000H132;INFINITI;Q70;calibration
M10NFNVP000R106;INFINITI;QX50;entrainement
M10NFNVP0001091;INFINITI;QX50;entrainement
M10NFNVP000P104;INFINITI;QX70;test
M10NFNVP000R105;INFINITI;QX70;test
M10NFNVP0006096;INFINITI;QX70;test
M10NFNVP000K099;INFINITI;QX70;test
M1GJLRVP000M284;LAND ROVER;DISCOVERY;entrainement
M1GJLRVP000N285;LAND ROVER;DISCOVERY;entrainement
M1GJLRVP000T546;LAND ROVER;DISCOVERY;entrainement
M1GJLRVP000U547;LAND ROVER;DISCOVERY;entrainement
M1GJLRVP000V548;LAND ROVER;DISCOVERY;entrainement
M1GJLRVP000W549;LAND ROVER;DISCOVERY;entrainement
M1GJLRVP000Y551;LAND ROVER;DISCOVERY;entrainement
M1GJLRVP000Z552;LAND ROVER;DISCOVERY;entrainement
M1GJLRVP000K537;LAND ROVER;DISCOVERY SPORT;test
M1GJLRVP000S545;LAND ROVER;DISCOVERY SPORT;test
M1GJLRVP000M539;LAND ROVER;DISCOVERY SPORT;test
M1GJLRVP000N540;LAND ROVER;DISCOVERY SPORT;test
M1GJLRVP000P541;LAND ROVER;DISCOVERY SPORT;test
M1GJLRVP000P542;LAND ROVER;DISCOVERY SPORT;test
M1GJLRVP000G533;LAND ROVER;DISCOVERY SPORT;test
M1GJLRVP000J535;LAND ROVER;DISCOVERY SPORT;test
M1GJLRVP000R543;LAND ROVER;DISCOVERY SPORT;test
M1GJLRVP000R544;LAND ROVER;DISCOVERY SPORT;test
M10JLRVP0002571;JAGUAR;F-TYPE;entrainement
M10JLRVP0003572;JAGUAR;F-TYPE;entrainement
M10JLRVP0004573;JAGUAR;F-TYPE;entrainement
M10JLRVP000W565;JAGUAR;F-TYPE;entrainement
M10JLRVP000X566;JAGUAR;F-TYPE;entrainement
M10JLRVP000Y567;JAGUAR;F-TYPE;entrainement
M10JLRVP0000569;JAGUAR;F-TYPE;entrainement
M10JLRVP0005574;JAGUAR;F-TYPE;entrainement
M10JLRVP0006575;JAGUAR;F-TYPE;entrainement
M10JLRVP0008577;JAGUAR;F-TYPE;entrainement
M10JLRVP000A579;JAGUAR;F-TYPE;entrainement
M10JLRVP000Z568;JAGUAR;F-TYPE;entrainement
M10JLRVP0001570;JAGUAR;F-TYPE;entrainement
M10JLRVP0007576;JAGUAR;F-TYPE;entrainement
M10JLRVP0009578;JAGUAR;F-TYPE;entrainement
M10JLRVP000B580;JAGUAR;F-TYPE;entrainement
M1GJLRVP0009138;LAND ROVER;FREELANDER;test
M10JLRVP000R136;LAND ROVER;FREELANDER;test
M1GJLRVP0005134;LAND ROVER;FREELANDER;test
M1GJLRVP0006135;LAND ROVER;FREELANDER;test
M1GJLRVP0008137;LAND ROVER;FREELANDER;test
M1GJLRVP0000359;LAND ROVER;RANGE ROVER;entrainement
M1GJLRVP0001360;LAND ROVER;RANGE ROVER;entrainement
M1GJLRVP0002361;LAND ROVER;RANGE ROVER;entrainement
M1GJLRVP000G400;LAND ROVER;RANGE ROVER;entrainement
M1GJLRVP000J341;LAND ROVER;RANGE ROVER;entrainement
M1GJLRVP000J402;LAND ROVER;RANGE ROVER;entrainement
M1GJLRVP000K343;LAND ROVER;RANGE ROVER;entrainement
M1GJLRVP000V354;LAND ROVER;RANGE ROVER;entrainement
M1GJLRVP000W355;LAND ROVER;RANGE ROVER;entrainement
M1GJLRVP000X356;LAND ROVER;RANGE ROVER;entrainement
M1GJLRVP000Y357;LAND ROVER;RANGE ROVER;entrainement
M1GJLRVP000Z358;LAND ROVER;RANGE ROVER;entrainement
M1GJLRVP000H595;LAND ROVER;RANGE ROVER;entrainement
M1GJLRVP000J596;LAND ROVER;RANGE ROVER;entrainement
M1GJLRVP000P603;LAND ROVER;RANGE ROVER;entrainement
M1GJLRVP000R604;LAND ROVER;RANGE ROVER;entrainement
M1GJLRVP0000614;LAND ROVER;RANGE ROVER;entrainement
M1GJLRVP0001615;LAND ROVER;RANGE ROVER;entrainement
M1GJLRVP0002616;LAND ROVER;RANGE ROVER;entrainement
M1GJLRVP000Z613;LAND ROVER;RANGE ROVER;entrainement
M1GJLRVP000D336;LAND ROVER;RANGE ROVER;entrainement
M1GJLRVP000E337;LAND ROVER;RANGE ROVER;entrainement
M1GJLRVP000F338;LAND ROVER;RANGE ROVER;entrainement
M1GJLRVP000G339;LAND ROVER;RANGE ROVER;entrainement
M1GJLRVP000R350;LAND ROVER;RANGE ROVER;entrainement
M1GJLRVP000S351;LAND ROVER;RANGE ROVER;entrainement
M1GJLRVP0004230;LAND ROVER;RANGE ROVER EVOQUE;test
M1GJLRVP000Y224;LAND ROVER;RANGE ROVER EVOQUE;test
M1GJLRVP000Z225;LAND ROVER;RANGE ROVER EVOQUE;test
M10JLRVP0007213;LAND ROVER;RANGE ROVER EVOQUE;test
M10JLRVP0008214;LAND ROVER;RANGE ROVER EVOQUE;test
M10JLRVP0009215;LAND ROVER;RANGE ROVER EVOQUE;test
M1GJLRVP0000226;LAND ROVER;RANGE ROVER EVOQUE;test
M1GJLRVP0001227;LAND ROVER;RANGE ROVER EVOQUE;test
M1GJLRVP000R216;LAND ROVER;RANGE ROVER EVOQUE;test
M1GJLRVP000R217;LAND ROVER;RANGE ROVER EVOQUE;test
M1GJLRVP000S218;LAND ROVER;RANGE ROVER EVOQUE;test
M1GJLRVP000T219;LAND ROVER;RANGE ROVER EVOQUE;test
M1GJLRVP0002228;LAND ROVER;RANGE ROVER EVOQUE;test
M1GJLRVP0003229;LAND ROVER;RANGE ROVER EVOQUE;test
M1GJLRVP000U220;LAND ROVER;RANGE ROVER EVOQUE;test
M1GJLRVP000V221;LAND ROVER;RANGE ROVER EVOQUE;test
M1GJLRVP000W222;LAND ROVER;RANGE ROVER EVOQUE;test
M1GJLRVP000X223;LAND ROVER;RANGE ROVER EVOQUE;test
M1GJLRVP0007560;LAND ROVER;RANGE ROVER SPORT;test
M1GJLRVP0009199;LAND ROVER;RANGE ROVER SPORT;test
M1GJLRVP000B370;LAND ROVER;RANGE ROVER SPORT;test
M1GJLRVP000C371;LAND ROVER;RANGE ROVER SPORT;test
M1GJLRVP000S509;LAND ROVER;RANGE ROVER SPORT;test
M1GJLRVP000T510;LAND ROVER;RANGE ROVER SPORT;test
M1GJLRVP000B564;LAND ROVER;RANGE ROVER SPORT;test
M1GJLRVP000D591;LAND ROVER;RANGE ROVER SPORT;test
M1GJLRVP000E592;LAND ROVER;RANGE ROVER SPORT;test
M1GJLRVP000F593;LAND ROVER;RANGE ROVER SPORT;test
M1GJLRVP000G594;LAND ROVER;RANGE ROVER SPORT;test
M1GJLRVP0004582;LAND ROVER;RANGE ROVER SPORT;test
M1GJLRVP000S581;LAND ROVER;RANGE ROVER SPORT;test
M1GJLRVP0009587;LAND ROVER;RANGE ROVER SPORT;test
M1GJLRVP000A588;LAND ROVER;RANGE ROVER SPORT;test
M1GJLRVP000B589;LAND ROVER;RANGE ROVER SPORT;test
M1GJLRVP000C590;LAND ROVER;RANGE ROVER SPORT;test
M1GJLRVP0005389;LAND ROVER;RANGE ROVER SPORT;test
M1GJLRVP0006390;LAND ROVER;RANGE ROVER SPORT;test
M10JLRVP0000303;JAGUAR;XF;entrainement
M10JLRVP000N459;JAGUAR;XF;entrainement
M10JLRVP000G452;JAGUAR;XF;entrainement
M10JLRVP000H453;JAGUAR;XF;entrainement
M10JLRVP000J455;JAGUAR;XF;entrainement
M10JLRVP000X300;JAGUAR;XF;entrainement
M10JLRVP000Y301;JAGUAR;XF;entrainement
M10JLRVP000V298;JAGUAR;XF;entrainement
M10JLRVP000W299;JAGUAR;XF;entrainement
M10JLRVP000U297;JAGUAR;XF;entrainement
M10JLRVP000T296;JAGUAR;XF;entrainement
M10JLRVP000P460;JAGUAR;XF;entrainement
M10JLRVP0007310;JAGUAR;XF;entrainement
M10JLRVP0008311;JAGUAR;XF;entrainement
M10JLRVP0005308;JAGUAR;XF;entrainement
M10JLRVP0006309;JAGUAR;XF;entrainement
M10JLRVP000A313;JAGUAR;XF;entrainement
M10JLRVP0009312;JAGUAR;XF;entrainement
M10JLRVP000L263;JAGUAR;XJ;calibration
M10JLRVP000M264;JAGUAR;XJ;calibration
M10JLRVP000P267;JAGUAR;XJ;calibration
M10JLRVP000A507;JAGUAR;XJ;calibration
M10JLRVP000B508;JAGUAR;XJ;calibration
M10JEPVP000J621;JEEP;CHEROKEE;test
M1GJEPVP0000623;JEEP;CHEROKEE;test
M10JEPVP000G619;JEEP;CHEROKEE;test
M10JEPVP000W599;JEEP;CHEROKEE;test
M10JEPVP000W635;JEEP;CHEROKEE;test
M10JEPVP000W538;JEEP;COMPASS;entrainement
M1GJEPVP000A536;JEEP;COMPASS;entrainement
M1GJEPVP000B537;JEEP;COMPASS;entrainement
M10JEPVP0005511;JEEP;GRAND CHEROKEE;entrainement
M10JEPVP000M528;JEEP;GRAND CHEROKEE;entrainement
M1GJEPVP0001527;JEEP;GRAND CHEROKEE;entrainement
M10JEPVP000J525;JEEP;GRAND CHEROKEE;entrainement
M1GJEPVP000R553;JEEP;WRANGLER;entrainement
M1GJEPVP000S554;JEEP;WRANGLER;entrainement
M1GJEPVP000D575;JEEP;WRANGLER;entrainement
M1GJEPVP000E576;JEEP;WRANGLER;entrainement
M1GJEPVP000F577;JEEP;WRANGLER;entrainement
M1GJEPVP000G578;JEEP;WRANGLER;entrainement
M1GJEPVP0004566;JEEP;WRANGLER;entrainement
M1GJEPVP000X584;JEEP;WRANGLER;entrainement
M1GJEPVP000Z586;JEEP;WRANGLER;entrainement
M10K1AVP002A250;KIA;CARENS;calibration
M10K1AVP002B251;KIA;CARENS;calibration
M10K1AVP002R267;KIA;CARENS;calibration
M10K1AVP002S268;KIA;CARENS;calibration
M10K1AVP0020240;KIA;CARENS;calibration
M10K1AVP0023243;KIA;CARENS;calibration
M10K1AVP002H257;KIA;CARENS;calibration
M10K1AVP002K260;KIA;CARENS;calibration
M10K1AVP0027247;KIA;CARENS;calibration
M10K1AVP002P264;KIA;CARENS;calibration
M10K1AVP002Y274;KIA;CARENS;calibration
M10K1AVP002Z275;KIA;CARENS;calibration
M10K1AVP0020082;KIA;CEE'D;entrainement
M10K1AVP0021083;KIA;CEE'D;entrainement
M10K1AVP0020143;KIA;CEE'D;entrainement
M10K1AVP0022145;KIA;CEE'D;entrainement
M10K1AVP0023085;KIA;CEE'D;entrainement
M10K1AVP0025087;KIA;CEE'D;entrainement
M10K1AVP0025112;KIA;CEE'D;entrainement
M10K1AVP0029116;KIA;CEE'D;entrainement
M10K1AVP002A117;KIA;CEE'D;entrainement
M10K1AVP0026149;KIA;CEE'D;entrainement
M10K1AVP0027150;KIA;CEE'D;entrainement
M10K1AVP002C094;KIA;CEE'D;entrainement
M10K1AVP002G062;KIA;CEE'D;entrainement
M10K1AVP002H063;KIA;CEE'D;entrainement
M10K1AVP002P131;KIA;CEE'D;entrainement
M10K1AVP002R073;KIA;CEE'D;entrainement
M10K1AVP002T075;KIA;CEE'D;entrainement
M10K1AVP002V077;KIA;CEE'D;entrainement
M10K1AVP002V102;KIA;CEE'D;entrainement
M10K1AVP002R097;KIA;CEE'D;entrainement
M10K1AVP002S099;KIA;CEE'D;entrainement
M10K1AVP002Y238;KIA;OPTIMA;calibration
M10K1AVP002A311;KIA;PICANTO;entrainement
M10K1AVP002D314;KIA;PICANTO;entrainement
M10K1AVP002R327;KIA;PICANTO;entrainement
M10K1AVP002R328;KIA;PICANTO;entrainement
M10K1AVP002C349;KIA;RIO;entrainement
M10K1AVP002D350;KIA;RIO;entrainement
M10K1AVP0029346;KIA;RIO;entrainement
M10K1AVP0020337;KIA;RIO;entrainement
M10K1AVP0022339;KIA;RIO;entrainement
M10K1AVP0028309;KIA;SORENTO;test
M10K1AVP002Y299;KIA;SORENTO;test
M10K1AVP0025015;KIA;SOUL;entrainement
M10K1AVP0026016;KIA;SOUL;entrainement
M10K1AVP002M226;KIA;SPORTAGE;entrainement
M10K1AVP002P229;KIA;SPORTAGE;entrainement
M10K1AVP002R230;KIA;SPORTAGE;entrainement
M10K1AVP002F219;KIA;SPORTAGE;entrainement
M10K1AVP002G220;KIA;SPORTAGE;entrainement
M10K1AVP002H221;KIA;SPORTAGE;entrainement
M10K1AVP002J222;KIA;SPORTAGE;entrainement
M10K1AVP002J223;KIA;SPORTAGE;entrainement
M10K1AVP002K224;KIA;SPORTAGE;entrainement
M10K1AVP002T233;KIA;SPORTAGE;entrainement
M10K1AVP002U234;KIA;SPORTAGE;entrainement
M10K1AVP0014924;KIA;VENGA;entrainement
M10K1AVP0015925;KIA;VENGA;entrainement
M10K1AVP0016926;KIA;VENGA;entrainement
M10K1AVP0018928;KIA;VENGA;entrainement
M10K1AVP0026210;KIA;VENGA;entrainement
M10K1AVP0028212;KIA;VENGA;entrainement
M10K1AVP0029213;KIA;VENGA;entrainement
M10LADVP0008043;LADA;NIVA;calibration
M10LADVP000A045;LADA;NIVA;calibration
M10LADVP000A045;LADA;NIVA;calibration
M10LBGVP0000843;LAMBORGHINI;AVENTADOR;test
M10LBGVP0003616;LAMBORGHINI;AVENTADOR;test
M10LBGVP000V741;LAMBORGHINI;AVENTADOR;test
M10LBGVP000X610;LAMBORGHINI;AVENTADOR;test
M10LBGVP000X743;LAMBORGHINI;AVENTADOR;test
M10LBGVP000Y841;LAMBORGHINI;AVENTADOR;test
M10LBGVP0005751;LAMBORGHINI;AVENTADOR;test
M10LBGVP0008851;LAMBORGHINI;AVENTADOR;test
M10LBGVP000F761;LAMBORGHINI;AVENTADOR;test
M10LBGVP000J861;LAMBORGHINI;AVENTADOR;test
M10LBGVP0006874;LAMBORGHINI;AVENTADOR;test
M10LBGVP000D820;LAMBORGHINI;AVENTADOR;test
M10LBGVP000P868;LAMBORGHINI;AVENTADOR;test
M10LBGVP0007681;LAMBORGHINI;GALLARDO;calibration
M10LBGVP0008621;LAMBORGHINI;GALLARDO;calibration
M10LBGVP000A684;LAMBORGHINI;GALLARDO;calibration
M10LBGVP000B624;LAMBORGHINI;GALLARDO;calibration
M10LBGVP000K633;LAMBORGHINI;GALLARDO;calibration
M10LBGVP000K669;LAMBORGHINI;GALLARDO;calibration
M10LBGVP000N636;LAMBORGHINI;GALLARDO;calibration
M10LBGVP000N672;LAMBORGHINI;GALLARDO;calibration
M10LBGVP0006680;LAMBORGHINI;GALLARDO;calibration
M10LBGVP000A623;LAMBORGHINI;GALLARDO;calibration
M10LBGVP000D626;LAMBORGHINI;GALLARDO;calibration
M10LBGVP000F689;LAMBORGHINI;GALLARDO;calibration
M10LBGVP000G629;LAMBORGHINI;GALLARDO;calibration
M10LBGVP000J632;LAMBORGHINI;GALLARDO;calibration
M10LBGVP000J692;LAMBORGHINI;GALLARDO;calibration
M10LBGVP000M671;LAMBORGHINI;GALLARDO;calibration
M10LBGVP000P674;LAMBORGHINI;GALLARDO;calibration
M10LBGVP000S641;LAMBORGHINI;GALLARDO;calibration
M10LBGVP000S677;LAMBORGHINI;GALLARDO;calibration
M10LBGVP000V644;LAMBORGHINI;GALLARDO;calibration
M10LBGVP0002712;LAMBORGHINI;GALLARDO;calibration
M10LBGVP0003652;LAMBORGHINI;GALLARDO;calibration
M10LBGVP0005715;LAMBORGHINI;GALLARDO;calibration
M10LBGVP0006655;LAMBORGHINI;GALLARDO;calibration
M10LBGVP000F664;LAMBORGHINI;GALLARDO;calibration
M10LBGVP000J667;LAMBORGHINI;GALLARDO;calibration
M10LBGVP000R700;LAMBORGHINI;GALLARDO;calibration
M10LBGVP000T703;LAMBORGHINI;GALLARDO;calibration
M10LBGVP000S835;LAMBORGHINI;HURACAN;test
M10LNCVP000F171;LANCIA;DELTA;entrainement
M10LNCVP000G172;LANCIA;DELTA;entrainement
M10LNCVP000R207;LANCIA;DELTA;entrainement
M10LNCVP0000253;LANCIA;DELTA;entrainement
M10LNCVP000Y251;LANCIA;DELTA;entrainement
M10LNCVP000Z252;LANCIA;DELTA;entrainement
M10LNCVP000P181;LANCIA;DELTA;entrainement
M10LNCVP000R182;LANCIA;DELTA;entrainement
M10LNCVP000N179;LANCIA;DELTA;entrainement
M10LNCVP000P180;LANCIA;DELTA;entrainement
M10LNCVP000U247;LANCIA;DELTA;entrainement
M10LNCVP000V248;LANCIA;DELTA;entrainement
M10LNCVP000W249;LANCIA;DELTA;entrainement
M10LNCVP000X250;LANCIA;DELTA;entrainement
MLC5402BX575;LANCIA;DELTA;entrainement
M10LNCVP000R183;LANCIA;DELTA;entrainement
M10LNCVP000S184;LANCIA;DELTA;entrainement
MLC5802B7581;LANCIA;DELTA;entrainement
M10LNCVP000R207;LANCIA;DELTA;entrainement
M10LNCVP0000217;LANCIA;FLAVIA;calibration
M10LNCVP000W213;LANCIA;FLAVIA;calibration
M10LNCVP000D133;LANCIA;MUSA;entrainement
M10LNCVP000H137;LANCIA;MUSA;entrainement
M10LNCVP0003159;LANCIA;MUSA;entrainement
M10LNCVP0005161;LANCIA;MUSA;entrainement
M10LNCVP0004221;LANCIA;THEMA;entrainement
M10LNCVP0005222;LANCIA;THEMA;entrainement
M10LNCVP0006223;LANCIA;THEMA;entrainement
M10LNCVP0009226;LANCIA;THEMA;entrainement
M10LNCVP0007224;LANCIA;THEMA;entrainement
M10LNCVP0008225;LANCIA;THEMA;entrainement
M10LNCVP0003220;LANCIA;VOYAGER;entrainement
M10LNCVP0002219;LANCIA;VOYAGER;entrainement
M10LNCVP0001218;LANCIA;VOYAGER;entrainement
M10LNCVP000C265;LANCIA;YPSILON;entrainement
M10LNCVP000D266;LANCIA;YPSILON;entrainement
M10LNCVP000J235;LANCIA;YPSILON;entrainement
M10LNCVP000J236;LANCIA;YPSILON;entrainement
M10LNCVP000X214;LANCIA;YPSILON;entrainement
M10LNCVP000Y215;LANCIA;YPSILON;entrainement
M10LNCVP000Z191;LANCIA;YPSILON;entrainement
M10LNCVP0001254;LANCIA;YPSILON;entrainement
M10LNCVP0002255;LANCIA;YPSILON;entrainement
M10LNCVP0003256;LANCIA;YPSILON;entrainement
M10LNCVP0004257;LANCIA;YPSILON;entrainement
M10LNCVP0006259;LANCIA;YPSILON;entrainement
M10LNCVP0007260;LANCIA;YPSILON;entrainement
M10LNCVP0008261;LANCIA;YPSILON;entrainement
M10LNCVP0009262;LANCIA;YPSILON;entrainement
M10LNCVP000C229;LANCIA;YPSILON;entrainement
M10LNCVP000D230;LANCIA;YPSILON;entrainement
M10LNCVP000E195;LANCIA;YPSILON;entrainement
M10LNCVP000E231;LANCIA;YPSILON;entrainement
M10LNCVP000F232;LANCIA;YPSILON;entrainement
M10LNCVP000H198;LANCIA;YPSILON;entrainement
M10LNCVP0001193;LANCIA;YPSILON;entrainement
M10LNCVP000G233;LANCIA;YPSILON;entrainement
M10LNCVP000H234;LANCIA;YPSILON;entrainement
M10LNCVP000P278;LANCIA;YPSILON;entrainement
M10LNCVP000R279;LANCIA;YPSILON;entrainement
M10LEXVP0000144;LEXUS;CT;calibration
M10LEXVP0000593;LEXUS;CT;calibration
M10LEXVP0001145;LEXUS;CT;calibration
M10LEXVP0005501;LEXUS;CT;calibration
M10LEXVP0006502;LEXUS;CT;calibration
M10LEXVP0007503;LEXUS;CT;calibration
M10LEXVP0008504;LEXUS;CT;calibration
M10LEXVP0009505;LEXUS;CT;calibration
M10LEXVP000A506;LEXUS;CT;calibration
M10LEXVP000B507;LEXUS;CT;calibration
M10LEXVP000C508;LEXUS;CT;calibration
M10LEXVP000D509;LEXUS;CT;calibration
M10LEXVP000E255;LEXUS;CT;calibration
M10LEXVP000E510;LEXUS;CT;calibration
M10LEXVP000F256;LEXUS;CT;calibration
M10LEXVP000F511;LEXUS;CT;calibration
M10LEXVP000G257;LEXUS;CT;calibration
M10LEXVP000H258;LEXUS;CT;calibration
M10LEXVP000J259;LEXUS;CT;calibration
M10LEXVP000J260;LEXUS;CT;calibration
M10LEXVP000K261;LEXUS;CT;calibration
M10LEXVP000L262;LEXUS;CT;calibration
M10LEXVP000M263;LEXUS;CT;calibration
M10LEXVP000N264;LEXUS;CT;calibration
M10LEXVP000P265;LEXUS;CT;calibration
M10LEXVP000R135;LEXUS;CT;calibration
M10LEXVP000R583;LEXUS;CT;calibration
M10LEXVP000R584;LEXUS;CT;calibration
M10LEXVP000S136;LEXUS;CT;calibration
M10LEXVP000S585;LEXUS;CT;calibration
M10LEXVP000T137;LEXUS;CT;calibration
M10LEXVP000T586;LEXUS;CT;calibration
M10LEXVP000U138;LEXUS;CT;calibration
M10LEXVP000U587;LEXUS;CT;calibration
M10LEXVP000V139;LEXUS;CT;calibration
M10LEXVP000V588;LEXUS;CT;calibration
M10LEXVP000W140;LEXUS;CT;calibration
M10LEXVP000W589;LEXUS;CT;calibration
M10LEXVP000X141;LEXUS;CT;calibration
M10LEXVP000X590;LEXUS;CT;calibration
M10LEXVP000Y142;LEXUS;CT;calibration
M10LEXVP000Y591;LEXUS;CT;calibration
M10LEXVP000Z143;LEXUS;CT;calibration
M10LEXVP000Z592;LEXUS;CT;calibration
M10LEXVP0000435;LEXUS;GS;calibration
M10LEXVP0001436;LEXUS;GS;calibration
M10LEXVP0002304;LEXUS;GS;calibration
M10LEXVP0002437;LEXUS;GS;calibration
M10LEXVP0003305;LEXUS;GS;calibration
M10LEXVP0003438;LEXUS;GS;calibration
M10LEXVP0003668;LEXUS;GS;calibration
M10LEXVP0004306;LEXUS;GS;calibration
M10LEXVP0004669;LEXUS;GS;calibration
M10LEXVP0005307;LEXUS;GS;calibration
M10LEXVP0005670;LEXUS;GS;calibration
M10LEXVP0006308;LEXUS;GS;calibration
M10LEXVP0006671;LEXUS;GS;calibration
M10LEXVP0007309;LEXUS;GS;calibration
M10LEXVP0007672;LEXUS;GS;calibration
M10LEXVP0008310;LEXUS;GS;calibration
M10LEXVP0008673;LEXUS;GS;calibration
M10LEXVP0009311;LEXUS;GS;calibration
M10LEXVP0009674;LEXUS;GS;calibration
M10LEXVP000A312;LEXUS;GS;calibration
M10LEXVP000A675;LEXUS;GS;calibration
M10LEXVP000B676;LEXUS;GS;calibration
M10LEXVP000C677;LEXUS;GS;calibration
M10LEXVP000D678;LEXUS;GS;calibration
M10LEXVP000K419;LEXUS;GS;calibration
M10LEXVP000L420;LEXUS;GS;calibration
M10LEXVP000M421;LEXUS;GS;calibration
M10LEXVP000N422;LEXUS;GS;calibration
M10LEXVP000P423;LEXUS;GS;calibration
M10LEXVP000P424;LEXUS;GS;calibration
M10LEXVP000P679;LEXUS;GS;calibration
M10LEXVP000R425;LEXUS;GS;calibration
M10LEXVP000R426;LEXUS;GS;calibration
M10LEXVP000R680;LEXUS;GS;calibration
M10LEXVP000R681;LEXUS;GS;calibration
M10LEXVP000S427;LEXUS;GS;calibration
M10LEXVP000S682;LEXUS;GS;calibration
M10LEXVP000T428;LEXUS;GS;calibration
M10LEXVP000T683;LEXUS;GS;calibration
M10LEXVP000U429;LEXUS;GS;calibration
M10LEXVP000U684;LEXUS;GS;calibration
M10LEXVP000V430;LEXUS;GS;calibration
M10LEXVP000V685;LEXUS;GS;calibration
M10LEXVP000W431;LEXUS;GS;calibration
M10LEXVP000W686;LEXUS;GS;calibration
M10LEXVP000X432;LEXUS;GS;calibration
M10LEXVP000X687;LEXUS;GS;calibration
M10LEXVP000Y433;LEXUS;GS;calibration
M10LEXVP000Z434;LEXUS;GS;calibration
M10LEXVP0000629;LEXUS;GS;calibration
M10LEXVP0001594;LEXUS;GS;calibration
M10LEXVP0002595;LEXUS;GS;calibration
M10LEXVP0003596;LEXUS;GS;calibration
M10LEXVP0004439;LEXUS;GS;calibration
M10LEXVP0004597;LEXUS;GS;calibration
M10LEXVP0005440;LEXUS;GS;calibration
M10LEXVP0005598;LEXUS;GS;calibration
M10LEXVP0006441;LEXUS;GS;calibration
M10LEXVP0006599;LEXUS;GS;calibration
M10LEXVP0007442;LEXUS;GS;calibration
M10LEXVP0007600;LEXUS;GS;calibration
M10LEXVP0008443;LEXUS;GS;calibration
M10LEXVP0008601;LEXUS;GS;calibration
M10LEXVP0009444;LEXUS;GS;calibration
M10LEXVP0009602;LEXUS;GS;calibration
M10LEXVP000A445;LEXUS;GS;calibration
M10LEXVP000A603;LEXUS;GS;calibration
M10LEXVP000B446;LEXUS;GS;calibration
M10LEXVP000B604;LEXUS;GS;calibration
M10LEXVP000C447;LEXUS;GS;calibration
M10LEXVP000C605;LEXUS;GS;calibration
M10LEXVP000D448;LEXUS;GS;calibration
M10LEXVP000D606;LEXUS;GS;calibration
M10LEXVP000E449;LEXUS;GS;calibration
M10LEXVP000E607;LEXUS;GS;calibration
M10LEXVP000F450;LEXUS;GS;calibration
M10LEXVP000F608;LEXUS;GS;calibration
M10LEXVP000G451;LEXUS;GS;calibration
M10LEXVP000G609;LEXUS;GS;calibration
M10LEXVP000H452;LEXUS;GS;calibration
M10LEXVP000H610;LEXUS;GS;calibration
M10LEXVP000J453;LEXUS;GS;calibration
M10LEXVP000J454;LEXUS;GS;calibration
M10LEXVP000J611;LEXUS;GS;calibration
M10LEXVP000J612;LEXUS;GS;calibration
M10LEXVP000K455;LEXUS;GS;calibration
M10LEXVP000K613;LEXUS;GS;calibration
M10LEXVP000L456;LEXUS;GS;calibration
M10LEXVP000L614;LEXUS;GS;calibration
M10LEXVP000M457;LEXUS;GS;calibration
M10LEXVP000M615;LEXUS;GS;calibration
M10LEXVP000N458;LEXUS;GS;calibration
M10LEXVP000N616;LEXUS;GS;calibration
M10LEXVP000P459;LEXUS;GS;calibration
M10LEXVP000P460;LEXUS;GS;calibration
M10LEXVP000P617;LEXUS;GS;calibration
M10LEXVP000P618;LEXUS;GS;calibration
M10LEXVP000R461;LEXUS;GS;calibration
M10LEXVP000R462;LEXUS;GS;calibration
M10LEXVP000R619;LEXUS;GS;calibration
M10LEXVP000R620;LEXUS;GS;calibration
M10LEXVP000S463;LEXUS;GS;calibration
M10LEXVP000S621;LEXUS;GS;calibration
M10LEXVP000T464;LEXUS;GS;calibration
M10LEXVP000T622;LEXUS;GS;calibration
M10LEXVP000U465;LEXUS;GS;calibration
M10LEXVP000U623;LEXUS;GS;calibration
M10LEXVP000V466;LEXUS;GS;calibration
M10LEXVP000V624;LEXUS;GS;calibration
M10LEXVP000W467;LEXUS;GS;calibration
M10LEXVP000W625;LEXUS;GS;calibration
M10LEXVP000X468;LEXUS;GS;calibration
M10LEXVP000X626;LEXUS;GS;calibration
M10LEXVP000Y627;LEXUS;GS;calibration
M10LEXVP000Z628;LEXUS;GS;calibration
M10LEXVP0000471;LEXUS;GS;calibration
M10LEXVP0000496;LEXUS;GS;calibration
M10LEXVP0000665;LEXUS;GS;calibration
M10LEXVP0001472;LEXUS;GS;calibration
M10LEXVP0001497;LEXUS;GS;calibration
M10LEXVP0001630;LEXUS;GS;calibration
M10LEXVP0001666;LEXUS;GS;calibration
M10LEXVP0002473;LEXUS;GS;calibration
M10LEXVP0002498;LEXUS;GS;calibration
M10LEXVP0002631;LEXUS;GS;calibration
M10LEXVP0002667;LEXUS;GS;calibration
M10LEXVP0003474;LEXUS;GS;calibration
M10LEXVP0003499;LEXUS;GS;calibration
M10LEXVP0003632;LEXUS;GS;calibration
M10LEXVP0004475;LEXUS;GS;calibration
M10LEXVP0004500;LEXUS;GS;calibration
M10LEXVP0004633;LEXUS;GS;calibration
M10LEXVP0005476;LEXUS;GS;calibration
M10LEXVP0005634;LEXUS;GS;calibration
M10LEXVP0006477;LEXUS;GS;calibration
M10LEXVP0006635;LEXUS;GS;calibration
M10LEXVP0007478;LEXUS;GS;calibration
M10LEXVP0007636;LEXUS;GS;calibration
M10LEXVP0008479;LEXUS;GS;calibration
M10LEXVP0008637;LEXUS;GS;calibration
M10LEXVP0009480;LEXUS;GS;calibration
M10LEXVP0009638;LEXUS;GS;calibration
M10LEXVP000A481;LEXUS;GS;calibration
M10LEXVP000A639;LEXUS;GS;calibration
M10LEXVP000B313;LEXUS;GS;calibration
M10LEXVP000B482;LEXUS;GS;calibration
M10LEXVP000B640;LEXUS;GS;calibration
M10LEXVP000C314;LEXUS;GS;calibration
M10LEXVP000C483;LEXUS;GS;calibration
M10LEXVP000C641;LEXUS;GS;calibration
M10LEXVP000D315;LEXUS;GS;calibration
M10LEXVP000D484;LEXUS;GS;calibration
M10LEXVP000D642;LEXUS;GS;calibration
M10LEXVP000E316;LEXUS;GS;calibration
M10LEXVP000E643;LEXUS;GS;calibration
M10LEXVP000F317;LEXUS;GS;calibration
M10LEXVP000F644;LEXUS;GS;calibration
M10LEXVP000G318;LEXUS;GS;calibration
M10LEXVP000G645;LEXUS;GS;calibration
M10LEXVP000H319;LEXUS;GS;calibration
M10LEXVP000H646;LEXUS;GS;calibration
M10LEXVP000J224;LEXUS;GS;calibration
M10LEXVP000J320;LEXUS;GS;calibration
M10LEXVP000J321;LEXUS;GS;calibration
M10LEXVP000J647;LEXUS;GS;calibration
M10LEXVP000J648;LEXUS;GS;calibration
M10LEXVP000K225;LEXUS;GS;calibration
M10LEXVP000K322;LEXUS;GS;calibration
M10LEXVP000K649;LEXUS;GS;calibration
M10LEXVP000L226;LEXUS;GS;calibration
M10LEXVP000L323;LEXUS;GS;calibration
M10LEXVP000L650;LEXUS;GS;calibration
M10LEXVP000M324;LEXUS;GS;calibration
M10LEXVP000M651;LEXUS;GS;calibration
M10LEXVP000N325;LEXUS;GS;calibration
M10LEXVP000N652;LEXUS;GS;calibration
M10LEXVP000P485;LEXUS;GS;calibration
M10LEXVP000P653;LEXUS;GS;calibration
M10LEXVP000P654;LEXUS;GS;calibration
M10LEXVP000R486;LEXUS;GS;calibration
M10LEXVP000R487;LEXUS;GS;calibration
M10LEXVP000R655;LEXUS;GS;calibration
M10LEXVP000R656;LEXUS;GS;calibration
M10LEXVP000S233;LEXUS;GS;calibration
M10LEXVP000S488;LEXUS;GS;calibration
M10LEXVP000S657;LEXUS;GS;calibration
M10LEXVP000T234;LEXUS;GS;calibration
M10LEXVP000T489;LEXUS;GS;calibration
M10LEXVP000T658;LEXUS;GS;calibration
M10LEXVP000U490;LEXUS;GS;calibration
M10LEXVP000U659;LEXUS;GS;calibration
M10LEXVP000V491;LEXUS;GS;calibration
M10LEXVP000V660;LEXUS;GS;calibration
M10LEXVP000W492;LEXUS;GS;calibration
M10LEXVP000W661;LEXUS;GS;calibration
M10LEXVP000X493;LEXUS;GS;calibration
M10LEXVP000X662;LEXUS;GS;calibration
M10LEXVP000Y469;LEXUS;GS;calibration
M10LEXVP000Y494;LEXUS;GS;calibration
M10LEXVP000Y663;LEXUS;GS;calibration
M10LEXVP000Z470;LEXUS;GS;calibration
M10LEXVP000Z495;LEXUS;GS;calibration
M10LEXVP000Z664;LEXUS;GS;calibration
M10LEXVP000J066;LEXUS;GS;calibration
M10LEXVP000K067;LEXUS;GS;calibration
M10LEXVP000K128;LEXUS;GS;calibration
M10LEXVP000L129;LEXUS;GS;calibration
M10LEXVP000M130;LEXUS;GS;calibration
M10LEXVP000A251;LEXUS;IS;entrainement
M10LEXVP000B252;LEXUS;IS;entrainement
M10LEXVP000C253;LEXUS;IS;entrainement
M10LEXVP000D254;LEXUS;IS;entrainement
M10LEXVP000G160;LEXUS;IS;entrainement
M10LEXVP000H064;LEXUS;IS;entrainement
M10LEXVP000H161;LEXUS;IS;entrainement
M10LEXVP000J162;LEXUS;IS;entrainement
M10LEXVP000J163;LEXUS;IS;entrainement
M10LEXVP000R390;LEXUS;IS;entrainement
M10LEXVP000S391;LEXUS;IS;entrainement
M10LEXVP000T392;LEXUS;IS;entrainement
M10LEXVP000U393;LEXUS;IS;entrainement
M10LEXVP000R074;LEXUS;IS;entrainement
M10LEXVP000R170;LEXUS;IS;entrainement
M10LEXVP000R171;LEXUS;IS;entrainement
M10LEXVP000S172;LEXUS;IS;entrainement
M10LEXVP000T173;LEXUS;IS;entrainement
M10LEXVP000U174;LEXUS;IS;entrainement
M10LEXVP000V175;LEXUS;IS;entrainement
M10LEXVP000K164;LEXUS;IS;entrainement
M10LEXVP000L165;LEXUS;IS;entrainement
M10LEXVP000M166;LEXUS;IS;entrainement
M10LEXVP000N167;LEXUS;IS;entrainement
M10LEXVP000P168;LEXUS;IS;entrainement
M10LEXVP000P169;LEXUS;IS;entrainement
M10LEXVP0000180;LEXUS;IS;entrainement
M10LEXVP0001181;LEXUS;IS;entrainement
M10LEXVP0002182;LEXUS;IS;entrainement
M10LEXVP0003183;LEXUS;IS;entrainement
M10LEXVP0004184;LEXUS;IS;entrainement
M10LEXVP0005185;LEXUS;IS;entrainement
M10LEXVP0006186;LEXUS;IS;entrainement
M10LEXVP0007187;LEXUS;IS;entrainement
M10LEXVP0008188;LEXUS;IS;entrainement
M10LEXVP0009189;LEXUS;IS;entrainement
M10LEXVP000A190;LEXUS;IS;entrainement
M10LEXVP000B798;LEXUS;IS;entrainement
M10LEXVP000C350;LEXUS;IS;entrainement
M10LEXVP000C799;LEXUS;IS;entrainement
M10LEXVP000D351;LEXUS;IS;entrainement
M10LEXVP000D800;LEXUS;IS;entrainement
M10LEXVP000E352;LEXUS;IS;entrainement
M10LEXVP000E801;LEXUS;IS;entrainement
M10LEXVP000F353;LEXUS;IS;entrainement
M10LEXVP000F802;LEXUS;IS;entrainement
M10LEXVP000G354;LEXUS;IS;entrainement
M10LEXVP000G803;LEXUS;IS;entrainement
M10LEXVP000H355;LEXUS;IS;entrainement
M10LEXVP000H804;LEXUS;IS;entrainement
M10LEXVP000J356;LEXUS;IS;entrainement
M10LEXVP000J357;LEXUS;IS;entrainement
M10LEXVP000J550;LEXUS;IS;entrainement
M10LEXVP000J551;LEXUS;IS;entrainement
M10LEXVP000J805;LEXUS;IS;entrainement
M10LEXVP000J806;LEXUS;IS;entrainement
M10LEXVP000K358;LEXUS;IS;entrainement
M10LEXVP000K552;LEXUS;IS;entrainement
M10LEXVP000K807;LEXUS;IS;entrainement
M10LEXVP000L359;LEXUS;IS;entrainement
M10LEXVP000L553;LEXUS;IS;entrainement
M10LEXVP000L808;LEXUS;IS;entrainement
M10LEXVP000M360;LEXUS;IS;entrainement
M10LEXVP000M554;LEXUS;IS;entrainement
M10LEXVP000M809;LEXUS;IS;entrainement
M10LEXVP000N361;LEXUS;IS;entrainement
M10LEXVP000N555;LEXUS;IS;entrainement
M10LEXVP000P556;LEXUS;IS;entrainement
M10LEXVP000P557;LEXUS;IS;entrainement
M10LEXVP000R558;LEXUS;IS;entrainement
M10LEXVP000R559;LEXUS;IS;entrainement
M10LEXVP000S560;LEXUS;IS;entrainement
M10LEXVP000T076;LEXUS;IS;entrainement
M10LEXVP000T561;LEXUS;IS;entrainement
M10LEXVP000W079;LEXUS;IS;entrainement
M10LEXVP000W176;LEXUS;IS;entrainement
M10LEXVP000X177;LEXUS;IS;entrainement
M10LEXVP000Y178;LEXUS;IS;entrainement
M10LEXVP000Z179;LEXUS;IS;entrainement
M10LEXVP0000338;LEXUS;IS;entrainement
M10LEXVP0000532;LEXUS;IS;entrainement
M10LEXVP0000787;LEXUS;IS;entrainement
M10LEXVP0001339;LEXUS;IS;entrainement
M10LEXVP0001533;LEXUS;IS;entrainement
M10LEXVP0001788;LEXUS;IS;entrainement
M10LEXVP0002340;LEXUS;IS;entrainement
M10LEXVP0002534;LEXUS;IS;entrainement
M10LEXVP0002789;LEXUS;IS;entrainement
M10LEXVP0003341;LEXUS;IS;entrainement
M10LEXVP0003535;LEXUS;IS;entrainement
M10LEXVP0003790;LEXUS;IS;entrainement
M10LEXVP0004342;LEXUS;IS;entrainement
M10LEXVP0004536;LEXUS;IS;entrainement
M10LEXVP0004791;LEXUS;IS;entrainement
M10LEXVP0005343;LEXUS;IS;entrainement
M10LEXVP0005537;LEXUS;IS;entrainement
M10LEXVP0005792;LEXUS;IS;entrainement
M10LEXVP0006344;LEXUS;IS;entrainement
M10LEXVP0006538;LEXUS;IS;entrainement
M10LEXVP0006793;LEXUS;IS;entrainement
M10LEXVP0007345;LEXUS;IS;entrainement
M10LEXVP0007539;LEXUS;IS;entrainement
M10LEXVP0007794;LEXUS;IS;entrainement
M10LEXVP0008346;LEXUS;IS;entrainement
M10LEXVP0008540;LEXUS;IS;entrainement
M10LEXVP0008795;LEXUS;IS;entrainement
M10LEXVP0009347;LEXUS;IS;entrainement
M10LEXVP0009541;LEXUS;IS;entrainement
M10LEXVP0009771;LEXUS;IS;entrainement
M10LEXVP0009796;LEXUS;IS;entrainement
M10LEXVP000A348;LEXUS;IS;entrainement
M10LEXVP000A542;LEXUS;IS;entrainement
M10LEXVP000A772;LEXUS;IS;entrainement
M10LEXVP000A797;LEXUS;IS;entrainement
M10LEXVP000B349;LEXUS;IS;entrainement
M10LEXVP000B543;LEXUS;IS;entrainement
M10LEXVP000B773;LEXUS;IS;entrainement
M10LEXVP000C544;LEXUS;IS;entrainement
M10LEXVP000C774;LEXUS;IS;entrainement
M10LEXVP000D545;LEXUS;IS;entrainement
M10LEXVP000D775;LEXUS;IS;entrainement
M10LEXVP000E546;LEXUS;IS;entrainement
M10LEXVP000F547;LEXUS;IS;entrainement
M10LEXVP000G548;LEXUS;IS;entrainement
M10LEXVP000H549;LEXUS;IS;entrainement
M10LEXVP000P326;LEXUS;IS;entrainement
M10LEXVP000P327;LEXUS;IS;entrainement
M10LEXVP000P776;LEXUS;IS;entrainement
M10LEXVP000R328;LEXUS;IS;entrainement
M10LEXVP000R329;LEXUS;IS;entrainement
M10LEXVP000R777;LEXUS;IS;entrainement
M10LEXVP000R778;LEXUS;IS;entrainement
M10LEXVP000S330;LEXUS;IS;entrainement
M10LEXVP000S779;LEXUS;IS;entrainement
M10LEXVP000T331;LEXUS;IS;entrainement
M10LEXVP000T780;LEXUS;IS;entrainement
M10LEXVP000U332;LEXUS;IS;entrainement
M10LEXVP000U526;LEXUS;IS;entrainement
M10LEXVP000U781;LEXUS;IS;entrainement
M10LEXVP000V333;LEXUS;IS;entrainement
M10LEXVP000V527;LEXUS;IS;entrainement
M10LEXVP000V782;LEXUS;IS;entrainement
M10LEXVP000W334;LEXUS;IS;entrainement
M10LEXVP000W528;LEXUS;IS;entrainement
M10LEXVP000W783;LEXUS;IS;entrainement
M10LEXVP000X335;LEXUS;IS;entrainement
M10LEXVP000X529;LEXUS;IS;entrainement
M10LEXVP000X784;LEXUS;IS;entrainement
M10LEXVP000Y336;LEXUS;IS;entrainement
M10LEXVP000Y530;LEXUS;IS;entrainement
M10LEXVP000Y785;LEXUS;IS;entrainement
M10LEXVP000Z337;LEXUS;IS;entrainement
M10LEXVP000Z531;LEXUS;IS;entrainement
M10LEXVP000Z786;LEXUS;IS;entrainement
M10LEXVP0000205;LEXUS;LFA;entrainement
M10LEXVP0001206;LEXUS;LFA;entrainement
M10LEXVP000B191;LEXUS;LFA;entrainement
M10LEXVP000C192;LEXUS;LFA;entrainement
M10LEXVP000D193;LEXUS;LFA;entrainement
M10LEXVP000P194;LEXUS;LFA;entrainement
M10LEXVP000T101;LEXUS;LFA;entrainement
M10LEXVP000U102;LEXUS;LFA;entrainement
M10LEXVP000U199;LEXUS;LFA;entrainement
M10LEXVP000V103;LEXUS;LFA;entrainement
M10LEXVP000V200;LEXUS;LFA;entrainement
M10LEXVP000W104;LEXUS;LFA;entrainement
M10LEXVP000W201;LEXUS;LFA;entrainement
M10LEXVP000X202;LEXUS;LFA;entrainement
M10LEXVP000Y203;LEXUS;LFA;entrainement
M10LEXVP000Z204;LEXUS;LFA;entrainement
M10LEXVP0002207;LEXUS;LFA;entrainement
M10LEXVP0003208;LEXUS;LFA;entrainement
M10LEXVP0004209;LEXUS;LFA;entrainement
M10LEXVP0005210;LEXUS;LFA;entrainement
M10LEXVP0006211;LEXUS;LFA;entrainement
M10LEXVP0007212;LEXUS;LFA;entrainement
M10LEXVP0008213;LEXUS;LFA;entrainement
M10LEXVP0009214;LEXUS;LFA;entrainement
M10LEXVP000R195;LEXUS;LFA;entrainement
M10LEXVP000R196;LEXUS;LFA;entrainement
M10LEXVP000S197;LEXUS;LFA;entrainement
M10LEXVP000T198;LEXUS;LFA;entrainement
M10LEXVP0000690;LEXUS;RC;entrainement
M10LEXVP0000690;LEXUS;RC;entrainement
M10LEXVP000Y688;LEXUS;RC;entrainement
M10LEXVP000Y688;LEXUS;RC;entrainement
M10LEXVP000Z689;LEXUS;RC;entrainement
M10LEXVP000Z689;LEXUS;RC;entrainement
M10LEXVP0008116;LEXUS;LS;calibration
M10LEXVP000W043;LEXUS;LS;calibration
M10LEXVP000A700;LEXUS;LS;calibration
M10LEXVP000D290;LEXUS;LS;calibration
M10LEXVP000J418;LEXUS;LS;calibration
M10LEXVP0005113;LEXUS;LS;calibration
M10LEXVP000T040;LEXUS;LS;calibration
M10LEXVP0001691;LEXUS;LS;calibration
M10LEXVP0002692;LEXUS;LS;calibration
M10LEXVP0003693;LEXUS;LS;calibration
M10LEXVP0004281;LEXUS;LS;calibration
M10LEXVP0004694;LEXUS;LS;calibration
M10LEXVP0005282;LEXUS;LS;calibration
M10LEXVP0005695;LEXUS;LS;calibration
M10LEXVP0006283;LEXUS;LS;calibration
M10LEXVP0006696;LEXUS;LS;calibration
M10LEXVP0007284;LEXUS;LS;calibration
M10LEXVP0007697;LEXUS;LS;calibration
M10LEXVP0008285;LEXUS;LS;calibration
M10LEXVP0008698;LEXUS;LS;calibration
M10LEXVP0009286;LEXUS;LS;calibration
M10LEXVP0009699;LEXUS;LS;calibration
M10LEXVP000A287;LEXUS;LS;calibration
M10LEXVP000A409;LEXUS;LS;calibration
M10LEXVP000B288;LEXUS;LS;calibration
M10LEXVP000B410;LEXUS;LS;calibration
M10LEXVP000C289;LEXUS;LS;calibration
M10LEXVP000C411;LEXUS;LS;calibration
M10LEXVP000D412;LEXUS;LS;calibration
M10LEXVP000E413;LEXUS;LS;calibration
M10LEXVP000F414;LEXUS;LS;calibration
M10LEXVP000G415;LEXUS;LS;calibration
M10LEXVP000H416;LEXUS;LS;calibration
M10LEXVP000J417;LEXUS;LS;calibration
M10LEXVP0000277;LEXUS;LS;calibration
M10LEXVP0000399;LEXUS;LS;calibration
M10LEXVP0001278;LEXUS;LS;calibration
M10LEXVP0001400;LEXUS;LS;calibration
M10LEXVP0002279;LEXUS;LS;calibration
M10LEXVP0002401;LEXUS;LS;calibration
M10LEXVP0003280;LEXUS;LS;calibration
M10LEXVP0003402;LEXUS;LS;calibration
M10LEXVP0004403;LEXUS;LS;calibration
M10LEXVP0005404;LEXUS;LS;calibration
M10LEXVP0006405;LEXUS;LS;calibration
M10LEXVP0007406;LEXUS;LS;calibration
M10LEXVP0008055;LEXUS;LS;calibration
M10LEXVP0008407;LEXUS;LS;calibration
M10LEXVP0009408;LEXUS;LS;calibration
M10LEXVP000B058;LEXUS;LS;calibration
M10LEXVP000B119;LEXUS;LS;calibration
M10LEXVP000B701;LEXUS;LS;calibration
M10LEXVP000C059;LEXUS;LS;calibration
M10LEXVP000C702;LEXUS;LS;calibration
M10LEXVP000D703;LEXUS;LS;calibration
M10LEXVP000E122;LEXUS;LS;calibration
M10LEXVP000E704;LEXUS;LS;calibration
M10LEXVP000F123;LEXUS;LS;calibration
M10LEXVP000F705;LEXUS;LS;calibration
M10LEXVP000G706;LEXUS;LS;calibration
M10LEXVP000H707;LEXUS;LS;calibration
M10LEXVP000J708;LEXUS;LS;calibration
M10LEXVP000J709;LEXUS;LS;calibration
M10LEXVP000K710;LEXUS;LS;calibration
M10LEXVP000L711;LEXUS;LS;calibration
M10LEXVP000M712;LEXUS;LS;calibration
M10LEXVP000N713;LEXUS;LS;calibration
M10LEXVP000P266;LEXUS;LS;calibration
M10LEXVP000R267;LEXUS;LS;calibration
M10LEXVP000R268;LEXUS;LS;calibration
M10LEXVP000S269;LEXUS;LS;calibration
M10LEXVP000T270;LEXUS;LS;calibration
M10LEXVP000U271;LEXUS;LS;calibration
M10LEXVP000V272;LEXUS;LS;calibration
M10LEXVP000V394;LEXUS;LS;calibration
M10LEXVP000W273;LEXUS;LS;calibration
M10LEXVP000W395;LEXUS;LS;calibration
M10LEXVP000X274;LEXUS;LS;calibration
M10LEXVP000X396;LEXUS;LS;calibration
M10LEXVP000Y275;LEXUS;LS;calibration
M10LEXVP000Y397;LEXUS;LS;calibration
M10LEXVP000Z276;LEXUS;LS;calibration
M10LEXVP000Z398;LEXUS;LS;calibration
M10LEXVP0000726;LEXUS;NX;test
M10LEXVP0001727;LEXUS;NX;test
M10LEXVP0002728;LEXUS;NX;test
M10LEXVP0003729;LEXUS;NX;test
M10LEXVP0004730;LEXUS;NX;test
M10LEXVP0005731;LEXUS;NX;test
M10LEXVP0006732;LEXUS;NX;test
M10LEXVP0007733;LEXUS;NX;test
M10LEXVP0008734;LEXUS;NX;test
M10LEXVP0009735;LEXUS;NX;test
M10LEXVP000A736;LEXUS;NX;test
M10LEXVP000B737;LEXUS;NX;test
M10LEXVP000C738;LEXUS;NX;test
M10LEXVP000D739;LEXUS;NX;test
M10LEXVP000E740;LEXUS;NX;test
M10LEXVP000F741;LEXUS;NX;test
M10LEXVP000G742;LEXUS;NX;test
M10LEXVP000H743;LEXUS;NX;test
M10LEXVP000J744;LEXUS;NX;test
M10LEXVP000J745;LEXUS;NX;test
M10LEXVP000K746;LEXUS;NX;test
M10LEXVP000L747;LEXUS;NX;test
M10LEXVP000M748;LEXUS;NX;test
M10LEXVP000N749;LEXUS;NX;test
M10LEXVP000P714;LEXUS;NX;test
M10LEXVP000P715;LEXUS;NX;test
M10LEXVP000R716;LEXUS;NX;test
M10LEXVP000R717;LEXUS;NX;test
M10LEXVP000S718;LEXUS;NX;test
M10LEXVP000T719;LEXUS;NX;test
M10LEXVP000U720;LEXUS;NX;test
M10LEXVP000V721;LEXUS;NX;test
M10LEXVP000W722;LEXUS;NX;test
M10LEXVP000X723;LEXUS;NX;test
M10LEXVP000Y724;LEXUS;NX;test
M10LEXVP000Z725;LEXUS;NX;test
M10LEXVP0000568;LEXUS;NX;test
M10LEXVP0000762;LEXUS;NX;test
M10LEXVP0001569;LEXUS;NX;test
M10LEXVP0001763;LEXUS;NX;test
M10LEXVP0002570;LEXUS;NX;test
M10LEXVP0002764;LEXUS;NX;test
M10LEXVP0003571;LEXUS;NX;test
M10LEXVP0003765;LEXUS;NX;test
M10LEXVP0004572;LEXUS;NX;test
M10LEXVP0004766;LEXUS;NX;test
M10LEXVP0005573;LEXUS;NX;test
M10LEXVP0005767;LEXUS;NX;test
M10LEXVP0006574;LEXUS;NX;test
M10LEXVP0006768;LEXUS;NX;test
M10LEXVP0007575;LEXUS;NX;test
M10LEXVP0007769;LEXUS;NX;test
M10LEXVP0008576;LEXUS;NX;test
M10LEXVP0008770;LEXUS;NX;test
M10LEXVP0009577;LEXUS;NX;test
M10LEXVP000A578;LEXUS;NX;test
M10LEXVP000B579;LEXUS;NX;test
M10LEXVP000C580;LEXUS;NX;test
M10LEXVP000D581;LEXUS;NX;test
M10LEXVP000P582;LEXUS;NX;test
M10LEXVP000P750;LEXUS;NX;test
M10LEXVP000P751;LEXUS;NX;test
M10LEXVP000R752;LEXUS;NX;test
M10LEXVP000R753;LEXUS;NX;test
M10LEXVP000S754;LEXUS;NX;test
M10LEXVP000T755;LEXUS;NX;test
M10LEXVP000U562;LEXUS;NX;test
M10LEXVP000U756;LEXUS;NX;test
M10LEXVP000V563;LEXUS;NX;test
M10LEXVP000V757;LEXUS;NX;test
M10LEXVP000W564;LEXUS;NX;test
M10LEXVP000W758;LEXUS;NX;test
M10LEXVP000X565;LEXUS;NX;test
M10LEXVP000X759;LEXUS;NX;test
M10LEXVP000Y566;LEXUS;NX;test
M10LEXVP000Y760;LEXUS;NX;test
M10LEXVP000Z567;LEXUS;NX;test
M10LEXVP000Z761;LEXUS;NX;test
M10LEXVP0002146;LEXUS;RX;entrainement
M10LEXVP0002376;LEXUS;RX;entrainement
M10LEXVP0003147;LEXUS;RX;entrainement
M10LEXVP0003377;LEXUS;RX;entrainement
M10LEXVP0008249;LEXUS;RX;entrainement
M10LEXVP0009250;LEXUS;RX;entrainement
M10LEXVP000G512;LEXUS;RX;entrainement
M10LEXVP000H513;LEXUS;RX;entrainement
M10LEXVP000P362;LEXUS;RX;entrainement
M10LEXVP000P363;LEXUS;RX;entrainement
M10LEXVP000Z082;LEXUS;RX;entrainement
M10LEXVP0000083;LEXUS;RX;entrainement
M10LEXVP0000374;LEXUS;RX;entrainement
M10LEXVP0003086;LEXUS;RX;entrainement
M10LEXVP0004148;LEXUS;RX;entrainement
M10LEXVP0004378;LEXUS;RX;entrainement
M10LEXVP0005149;LEXUS;RX;entrainement
M10LEXVP0005379;LEXUS;RX;entrainement
M10LEXVP0006150;LEXUS;RX;entrainement
M10LEXVP0006380;LEXUS;RX;entrainement
M10LEXVP0007151;LEXUS;RX;entrainement
M10LEXVP0007381;LEXUS;RX;entrainement
M10LEXVP0008152;LEXUS;RX;entrainement
M10LEXVP0008382;LEXUS;RX;entrainement
M10LEXVP0009153;LEXUS;RX;entrainement
M10LEXVP0009383;LEXUS;RX;entrainement
M10LEXVP000A154;LEXUS;RX;entrainement
M10LEXVP000A384;LEXUS;RX;entrainement
M10LEXVP000B155;LEXUS;RX;entrainement
M10LEXVP000B385;LEXUS;RX;entrainement
M10LEXVP000C156;LEXUS;RX;entrainement
M10LEXVP000C386;LEXUS;RX;entrainement
M10LEXVP000D157;LEXUS;RX;entrainement
M10LEXVP000D387;LEXUS;RX;entrainement
M10LEXVP000E158;LEXUS;RX;entrainement
M10LEXVP000F159;LEXUS;RX;entrainement
M10LEXVP000J514;LEXUS;RX;entrainement
M10LEXVP000J515;LEXUS;RX;entrainement
M10LEXVP000K516;LEXUS;RX;entrainement
M10LEXVP000L517;LEXUS;RX;entrainement
M10LEXVP000M518;LEXUS;RX;entrainement
M10LEXVP000N519;LEXUS;RX;entrainement
M10LEXVP000P388;LEXUS;RX;entrainement
M10LEXVP000P520;LEXUS;RX;entrainement
M10LEXVP000P521;LEXUS;RX;entrainement
M10LEXVP000R364;LEXUS;RX;entrainement
M10LEXVP000R365;LEXUS;RX;entrainement
M10LEXVP000R389;LEXUS;RX;entrainement
M10LEXVP000R522;LEXUS;RX;entrainement
M10LEXVP000R523;LEXUS;RX;entrainement
M10LEXVP000S366;LEXUS;RX;entrainement
M10LEXVP000S524;LEXUS;RX;entrainement
M10LEXVP000T367;LEXUS;RX;entrainement
M10LEXVP000T525;LEXUS;RX;entrainement
M10LEXVP000U368;LEXUS;RX;entrainement
M10LEXVP000V369;LEXUS;RX;entrainement
M10LEXVP000W370;LEXUS;RX;entrainement
M10LEXVP000X371;LEXUS;RX;entrainement
M10LEXVP000Y372;LEXUS;RX;entrainement
M10LEXVP000Z373;LEXUS;RX;entrainement
M10MASVP000J038;MASERATI;GHIBLI;entrainement
M10MASVP000L040;MASERATI;GHIBLI;entrainement
M10MASVP000K039;MASERATI;GHIBLI;entrainement
M10MASVP000G035;MASERATI;GHIBLI;entrainement
M10MASVP000J037;MASERATI;GHIBLI;entrainement
M10MASVP000N042;MASERATI;GRANCABRIO;calibration
M10MASVP000R046;MASERATI;GRANCABRIO;calibration
M10MASVP000R045;MASERATI;GRANCABRIO;calibration
M10MASVP000M041;MASERATI;GRANTURISMO;test
M10MASVP000Y053;MASERATI;GRANTURISMO;test
M10MASVP000P043;MASERATI;GRANTURISMO;test
M10MASVP000P044;MASERATI;GRANTURISMO;test
M10MASVP000S047;MASERATI;QUATTROPORTE;entrainement
M10MASVP000T048;MASERATI;QUATTROPORTE;entrainement
M10MASVP0009028;MASERATI;QUATTROPORTE;entrainement
M10MASVP000V050;MASERATI;QUATTROPORTE;entrainement
M10MASVP000X052;MASERATI;QUATTROPORTE;entrainement
M10MASVP000U049;MASERATI;QUATTROPORTE;entrainement
M10MASVP000W051;MASERATI;QUATTROPORTE;entrainement
M10MASVP000B030;MASERATI;QUATTROPORTE;entrainement
M10MASVP000C031;MASERATI;QUATTROPORTE;entrainement
M10MASVP000D032;MASERATI;QUATTROPORTE;entrainement
M10MASVP000E033;MASERATI;QUATTROPORTE;entrainement
M10MASVP000F034;MASERATI;QUATTROPORTE;entrainement
M10MAZVP000B738;MAZDA;2;entrainement
M10MAZVP0002729;MAZDA;2;entrainement
M10MAZVP0004731;MAZDA;2;entrainement
M10MAZVP0007734;MAZDA;2;entrainement
M10MAZVP0009736;MAZDA;2;entrainement
M10MAZVP000S489;MAZDA;3;entrainement
M10MAZVP000Z496;MAZDA;3;entrainement
M10MAZVP0000497;MAZDA;3;entrainement
M10MAZVP0001498;MAZDA;3;entrainement
M10MAZVP000T490;MAZDA;3;entrainement
M10MAZVP000U491;MAZDA;3;entrainement
M10MAZVP0002499;MAZDA;3;entrainement
M10MAZVP0008505;MAZDA;3;entrainement
M10MAZVP000A507;MAZDA;3;entrainement
M10MAZVP000C509;MAZDA;3;entrainement
M10MAZVP0006539;MAZDA;5;entrainement
M10MAZVP0007540;MAZDA;5;entrainement
M10MAZVP0008541;MAZDA;5;entrainement
M10MAZVP0002668;MAZDA;6;calibration
M10MAZVP0004670;MAZDA;6;calibration
M10MAZVP000F645;MAZDA;6;calibration
M10MAZVP000H647;MAZDA;6;calibration
M10MAZVP0009639;MAZDA;6;calibration
M10MAZVP000B702;MAZDA;6;calibration
M10MAZVP0000630;MAZDA;6;calibration
M10MAZVP0002632;MAZDA;6;calibration
M10MAZVP000R656;MAZDA;6;calibration
M10MAZVP000S658;MAZDA;6;calibration
M10MAZVP0001692;MAZDA;6;calibration
M10MAZVP0004634;MAZDA;6;calibration
M10MAZVP0006636;MAZDA;6;calibration
M10MAZVP000U660;MAZDA;6;calibration
M10MAZVP000W662;MAZDA;6;calibration
M10MAZVP000V722;MAZDA;CX-5;entrainement
M10MAZVP000X724;MAZDA;CX-5;entrainement
M10MAZVP000H708;MAZDA;CX-5;entrainement
M10MAZVP0000727;MAZDA;CX-5;entrainement
M10MAZVP000F706;MAZDA;CX-5;entrainement
M10MAZVP000K711;MAZDA;CX-5;entrainement
M10MAZVP000M713;MAZDA;CX-5;entrainement
M10MAZVP000P715;MAZDA;CX-5;entrainement
M10MAZVP000R717;MAZDA;CX-5;entrainement
M10MAZVP000R559;MAZDA;MX-5;entrainement
M10MAZVP000R560;MAZDA;MX-5;entrainement
M10AMGVP000E433;MERCEDES;A 45 AMG;calibration
M10AMGVP000F373;MERCEDES;A 45 AMG;calibration
M10AMGVP000F434;MERCEDES;A 45 AMG;calibration
M10AMGVP000G374;MERCEDES;A 45 AMG;calibration
M10AMGVP000G435;MERCEDES;A 45 AMG;calibration
M10AMGVP000H375;MERCEDES;A 45 AMG;calibration
M10AMGVP000H436;MERCEDES;A 45 AMG;calibration
M10AMGVP000J376;MERCEDES;A 45 AMG;calibration
M10AMGVP000J667;MERCEDES;A 45 AMG;calibration
M10AMGVP000J668;MERCEDES;A 45 AMG;calibration
M10AMGVP000K669;MERCEDES;A 45 AMG;calibration
M10AMGVP000L670;MERCEDES;A 45 AMG;calibration
M10AMGVP0000649;MERCEDES;C 63 AMG;entrainement
M10AMGVP0001650;MERCEDES;C 63 AMG;entrainement
M10AMGVP0005582;MERCEDES;C 63 AMG;entrainement
M10AMGVP0008585;MERCEDES;C 63 AMG;entrainement
M10AMGVP0008621;MERCEDES;C 63 AMG;entrainement
M10AMGVP0009586;MERCEDES;C 63 AMG;entrainement
M10AMGVP0009622;MERCEDES;C 63 AMG;entrainement
M10AMGVP000C625;MERCEDES;C 63 AMG;entrainement
M10AMGVP000D626;MERCEDES;C 63 AMG;entrainement
M10AMGVP000G629;MERCEDES;C 63 AMG;entrainement
M10AMGVP000H630;MERCEDES;C 63 AMG;entrainement
M10AMGVP000K633;MERCEDES;C 63 AMG;entrainement
M10AMGVP000L573;MERCEDES;C 63 AMG;entrainement
M10AMGVP000L634;MERCEDES;C 63 AMG;entrainement
M10AMGVP000M574;MERCEDES;C 63 AMG;entrainement
M10AMGVP000P577;MERCEDES;C 63 AMG;entrainement
M10AMGVP000P637;MERCEDES;C 63 AMG;entrainement
M10AMGVP000P638;MERCEDES;C 63 AMG;entrainement
M10AMGVP000R578;MERCEDES;C 63 AMG;entrainement
M10AMGVP000S641;MERCEDES;C 63 AMG;entrainement
M10AMGVP000T581;MERCEDES;C 63 AMG;entrainement
M10AMGVP000T642;MERCEDES;C 63 AMG;entrainement
M10AMGVP000W645;MERCEDES;C 63 AMG;entrainement
M10AMGVP000X646;MERCEDES;C 63 AMG;entrainement
M10AMGVP0000613;MERCEDES;C 63 AMG;entrainement
M10AMGVP0001614;MERCEDES;C 63 AMG;entrainement
M10AMGVP0004617;MERCEDES;C 63 AMG;entrainement
M10AMGVP0005557;MERCEDES;C 63 AMG;entrainement
M10AMGVP0005618;MERCEDES;C 63 AMG;entrainement
M10AMGVP0006558;MERCEDES;C 63 AMG;entrainement
M10AMGVP0009561;MERCEDES;C 63 AMG;entrainement
M10AMGVP000A562;MERCEDES;C 63 AMG;entrainement
M10AMGVP000C589;MERCEDES;C 63 AMG;entrainement
M10AMGVP000D565;MERCEDES;C 63 AMG;entrainement
M10AMGVP000D590;MERCEDES;C 63 AMG;entrainement
M10AMGVP000E566;MERCEDES;C 63 AMG;entrainement
M10AMGVP000G593;MERCEDES;C 63 AMG;entrainement
M10AMGVP000H569;MERCEDES;C 63 AMG;entrainement
M10AMGVP000H594;MERCEDES;C 63 AMG;entrainement
M10AMGVP000J570;MERCEDES;C 63 AMG;entrainement
M10AMGVP000K597;MERCEDES;C 63 AMG;entrainement
M10AMGVP000L598;MERCEDES;C 63 AMG;entrainement
M10AMGVP000P601;MERCEDES;C 63 AMG;entrainement
M10AMGVP000P602;MERCEDES;C 63 AMG;entrainement
M10AMGVP000S605;MERCEDES;C 63 AMG;entrainement
M10AMGVP000T606;MERCEDES;C 63 AMG;entrainement
M10AMGVP000W609;MERCEDES;C 63 AMG;entrainement
M10AMGVP000X610;MERCEDES;C 63 AMG;entrainement
M10AMGVP0000358;MERCEDES;CL 63 AMG;entrainement
M10AMGVP000Z357;MERCEDES;CL 63 AMG;entrainement
M10AMGVP0001359;MERCEDES;CL 63 AMG;entrainement
M10AMGVP0002360;MERCEDES;CL 63 AMG;entrainement
M10AMGVP0005679;MERCEDES;CLA 45 AMG;calibration
M10AMGVP0006680;MERCEDES;CLA 45 AMG;calibration
M10AMGVP0007681;MERCEDES;CLA 45 AMG;calibration
M10AMGVP0008682;MERCEDES;CLA 45 AMG;calibration
M10AMGVP000N381;MERCEDES;CLA 45 AMG;calibration
M10AMGVP000P382;MERCEDES;CLA 45 AMG;calibration
M10AMGVP000P383;MERCEDES;CLA 45 AMG;calibration
M10AMGVP000R384;MERCEDES;CLA 45 AMG;calibration
M10AMGVP000R675;MERCEDES;CLA 45 AMG;calibration
M10AMGVP000R676;MERCEDES;CLA 45 AMG;calibration
M10AMGVP000S677;MERCEDES;CLA 45 AMG;calibration
M10AMGVP000T678;MERCEDES;CLA 45 AMG;calibration
M10AMGVP0000710;MERCEDES;CLS 63 AMG;test
M10AMGVP0001711;MERCEDES;CLS 63 AMG;test
M10AMGVP0002712;MERCEDES;CLS 63 AMG;test
M10AMGVP0003325;MERCEDES;CLS 63 AMG;test
M10AMGVP0003713;MERCEDES;CLS 63 AMG;test
M10AMGVP0004326;MERCEDES;CLS 63 AMG;test
M10AMGVP0004714;MERCEDES;CLS 63 AMG;test
M10AMGVP0005327;MERCEDES;CLS 63 AMG;test
M10AMGVP0005521;MERCEDES;CLS 63 AMG;test
M10AMGVP0006328;MERCEDES;CLS 63 AMG;test
M10AMGVP0006522;MERCEDES;CLS 63 AMG;test
M10AMGVP0007329;MERCEDES;CLS 63 AMG;test
M10AMGVP0007523;MERCEDES;CLS 63 AMG;test
M10AMGVP0008330;MERCEDES;CLS 63 AMG;test
M10AMGVP0008524;MERCEDES;CLS 63 AMG;test
M10AMGVP0009331;MERCEDES;CLS 63 AMG;test
M10AMGVP0009525;MERCEDES;CLS 63 AMG;test
M10AMGVP000A332;MERCEDES;CLS 63 AMG;test
M10AMGVP000A526;MERCEDES;CLS 63 AMG;test
M10AMGVP000B527;MERCEDES;CLS 63 AMG;test
M10AMGVP000C528;MERCEDES;CLS 63 AMG;test
M10AMGVP000D723;MERCEDES;CLS 63 AMG;test
M10AMGVP000E724;MERCEDES;CLS 63 AMG;test
M10AMGVP000F725;MERCEDES;CLS 63 AMG;test
M10AMGVP000G726;MERCEDES;CLS 63 AMG;test
M10AMGVP000H727;MERCEDES;CLS 63 AMG;test
M10AMGVP000J341;MERCEDES;CLS 63 AMG;test
M10AMGVP000J728;MERCEDES;CLS 63 AMG;test
M10AMGVP000J729;MERCEDES;CLS 63 AMG;test
M10AMGVP000K342;MERCEDES;CLS 63 AMG;test
M10AMGVP000K730;MERCEDES;CLS 63 AMG;test
M10AMGVP000L343;MERCEDES;CLS 63 AMG;test
M10AMGVP000L537;MERCEDES;CLS 63 AMG;test
M10AMGVP000M344;MERCEDES;CLS 63 AMG;test
M10AMGVP000M538;MERCEDES;CLS 63 AMG;test
M10AMGVP000N345;MERCEDES;CLS 63 AMG;test
M10AMGVP000N539;MERCEDES;CLS 63 AMG;test
M10AMGVP000P346;MERCEDES;CLS 63 AMG;test
M10AMGVP000P347;MERCEDES;CLS 63 AMG;test
M10AMGVP000P540;MERCEDES;CLS 63 AMG;test
M10AMGVP000P541;MERCEDES;CLS 63 AMG;test
M10AMGVP000R348;MERCEDES;CLS 63 AMG;test
M10AMGVP000R542;MERCEDES;CLS 63 AMG;test
M10AMGVP000R543;MERCEDES;CLS 63 AMG;test
M10AMGVP000S544;MERCEDES;CLS 63 AMG;test
M10AMGVP000X707;MERCEDES;CLS 63 AMG;test
M10AMGVP000Y708;MERCEDES;CLS 63 AMG;test
M10AMGVP000Z709;MERCEDES;CLS 63 AMG;test
M10AMGVP0000552;MERCEDES;CLS 63 AMG;test
M10AMGVP0005715;MERCEDES;CLS 63 AMG;test
M10AMGVP0006716;MERCEDES;CLS 63 AMG;test
M10AMGVP0007717;MERCEDES;CLS 63 AMG;test
M10AMGVP0008718;MERCEDES;CLS 63 AMG;test
M10AMGVP0009719;MERCEDES;CLS 63 AMG;test
M10AMGVP000A720;MERCEDES;CLS 63 AMG;test
M10AMGVP000B721;MERCEDES;CLS 63 AMG;test
M10AMGVP000C722;MERCEDES;CLS 63 AMG;test
M10AMGVP000D529;MERCEDES;CLS 63 AMG;test
M10AMGVP000E530;MERCEDES;CLS 63 AMG;test
M10AMGVP000F337;MERCEDES;CLS 63 AMG;test
M10AMGVP000F531;MERCEDES;CLS 63 AMG;test
M10AMGVP000G338;MERCEDES;CLS 63 AMG;test
M10AMGVP000G532;MERCEDES;CLS 63 AMG;test
M10AMGVP000H339;MERCEDES;CLS 63 AMG;test
M10AMGVP000H533;MERCEDES;CLS 63 AMG;test
M10AMGVP000J340;MERCEDES;CLS 63 AMG;test
M10AMGVP000J534;MERCEDES;CLS 63 AMG;test
M10AMGVP000J535;MERCEDES;CLS 63 AMG;test
M10AMGVP000K536;MERCEDES;CLS 63 AMG;test
M10AMGVP000L731;MERCEDES;CLS 63 AMG;test
M10AMGVP000M732;MERCEDES;CLS 63 AMG;test
M10AMGVP000N733;MERCEDES;CLS 63 AMG;test
M10AMGVP000P734;MERCEDES;CLS 63 AMG;test
M10AMGVP000P735;MERCEDES;CLS 63 AMG;test
M10AMGVP000R736;MERCEDES;CLS 63 AMG;test
M10AMGVP000R737;MERCEDES;CLS 63 AMG;test
M10AMGVP000S738;MERCEDES;CLS 63 AMG;test
M10AMGVP000T545;MERCEDES;CLS 63 AMG;test
M10AMGVP000U546;MERCEDES;CLS 63 AMG;test
M10AMGVP000V353;MERCEDES;CLS 63 AMG;test
M10AMGVP000V547;MERCEDES;CLS 63 AMG;test
M10AMGVP000W354;MERCEDES;CLS 63 AMG;test
M10AMGVP000W548;MERCEDES;CLS 63 AMG;test
M10AMGVP000X355;MERCEDES;CLS 63 AMG;test
M10AMGVP000X549;MERCEDES;CLS 63 AMG;test
M10AMGVP000Y356;MERCEDES;CLS 63 AMG;test
M10AMGVP000Y550;MERCEDES;CLS 63 AMG;test
M10AMGVP000Z551;MERCEDES;CLS 63 AMG;test
M10AMGVP0000261;MERCEDES;E 63 AMG;entrainement
M10AMGVP0001262;MERCEDES;E 63 AMG;entrainement
M10AMGVP0002421;MERCEDES;E 63 AMG;entrainement
M10AMGVP0003422;MERCEDES;E 63 AMG;entrainement
M10AMGVP0004423;MERCEDES;E 63 AMG;entrainement
M10AMGVP0005424;MERCEDES;E 63 AMG;entrainement
M10AMGVP0006267;MERCEDES;E 63 AMG;entrainement
M10AMGVP0007268;MERCEDES;E 63 AMG;entrainement
M10AMGVP0009683;MERCEDES;E 63 AMG;entrainement
M10AMGVP000A271;MERCEDES;E 63 AMG;entrainement
M10AMGVP000A429;MERCEDES;E 63 AMG;entrainement
M10AMGVP000A684;MERCEDES;E 63 AMG;entrainement
M10AMGVP000B272;MERCEDES;E 63 AMG;entrainement
M10AMGVP000B430;MERCEDES;E 63 AMG;entrainement
M10AMGVP000B685;MERCEDES;E 63 AMG;entrainement
M10AMGVP000C273;MERCEDES;E 63 AMG;entrainement
M10AMGVP000C686;MERCEDES;E 63 AMG;entrainement
M10AMGVP000D274;MERCEDES;E 63 AMG;entrainement
M10AMGVP000H691;MERCEDES;E 63 AMG;entrainement
M10AMGVP000J279;MERCEDES;E 63 AMG;entrainement
M10AMGVP000J280;MERCEDES;E 63 AMG;entrainement
M10AMGVP000J692;MERCEDES;E 63 AMG;entrainement
M10AMGVP000L695;MERCEDES;E 63 AMG;entrainement
M10AMGVP000M441;MERCEDES;E 63 AMG;entrainement
M10AMGVP000M696;MERCEDES;E 63 AMG;entrainement
M10AMGVP000N442;MERCEDES;E 63 AMG;entrainement
M10AMGVP000N697;MERCEDES;E 63 AMG;entrainement
M10AMGVP000P443;MERCEDES;E 63 AMG;entrainement
M10AMGVP000P444;MERCEDES;E 63 AMG;entrainement
M10AMGVP000P698;MERCEDES;E 63 AMG;entrainement
M10AMGVP000T703;MERCEDES;E 63 AMG;entrainement
M10AMGVP000U449;MERCEDES;E 63 AMG;entrainement
M10AMGVP000U704;MERCEDES;E 63 AMG;entrainement
M10AMGVP000V450;MERCEDES;E 63 AMG;entrainement
M10AMGVP000Y259;MERCEDES;E 63 AMG;entrainement
M10AMGVP000Z260;MERCEDES;E 63 AMG;entrainement
M10AMGVP0008269;MERCEDES;E 63 AMG;entrainement
M10AMGVP0009270;MERCEDES;E 63 AMG;entrainement
M10AMGVP000C431;MERCEDES;E 63 AMG;entrainement
M10AMGVP000D432;MERCEDES;E 63 AMG;entrainement
M10AMGVP000D687;MERCEDES;E 63 AMG;entrainement
M10AMGVP000E275;MERCEDES;E 63 AMG;entrainement
M10AMGVP000E688;MERCEDES;E 63 AMG;entrainement
M10AMGVP000F276;MERCEDES;E 63 AMG;entrainement
M10AMGVP000F689;MERCEDES;E 63 AMG;entrainement
M10AMGVP000G277;MERCEDES;E 63 AMG;entrainement
M10AMGVP000G690;MERCEDES;E 63 AMG;entrainement
M10AMGVP000H278;MERCEDES;E 63 AMG;entrainement
M10AMGVP000J693;MERCEDES;E 63 AMG;entrainement
M10AMGVP000K281;MERCEDES;E 63 AMG;entrainement
M10AMGVP000K694;MERCEDES;E 63 AMG;entrainement
M10AMGVP000L282;MERCEDES;E 63 AMG;entrainement
M10AMGVP000P699;MERCEDES;E 63 AMG;entrainement
M10AMGVP000R700;MERCEDES;E 63 AMG;entrainement
M10AMGVP000R701;MERCEDES;E 63 AMG;entrainement
M10AMGVP000S702;MERCEDES;E 63 AMG;entrainement
M10AMGVP000V705;MERCEDES;E 63 AMG;entrainement
M10AMGVP000W451;MERCEDES;E 63 AMG;entrainement
M10AMGVP000W706;MERCEDES;E 63 AMG;entrainement
M10AMGVP000X452;MERCEDES;E 63 AMG;entrainement
M10AMGVP0008657;MERCEDES;ML 63 AMG;entrainement
M10AMGVP0009658;MERCEDES;ML 63 AMG;entrainement
M10AMGVP000A659;MERCEDES;ML 63 AMG;entrainement
M10AMGVP000B660;MERCEDES;ML 63 AMG;entrainement
M10AMGVP000C661;MERCEDES;GL 63 AMG;entrainement
M10AMGVP000D662;MERCEDES;GL 63 AMG;entrainement
M10AMGVP0000746;MERCEDES;SL 63 AMG;calibration
M10AMGVP0003555;MERCEDES;SL 63 AMG;calibration
M10AMGVP0004556;MERCEDES;SL 63 AMG;calibration
M10AMGVP000Z745;MERCEDES;SL 63 AMG;calibration
M10AMGVP0001553;MERCEDES;SL 65 AMG;test
M10AMGVP0002554;MERCEDES;SL 65 AMG;test
M10AMGVP000S483;MERCEDES;SL 65 AMG;test
M10AMGVP000T484;MERCEDES;SL 65 AMG;test
M10AMGVP000X743;MERCEDES;SL 65 AMG;test
M10AMGVP000Y744;MERCEDES;SL 65 AMG;test
M10AMGVP000R481;MERCEDES;SLK 55 AMG;entrainement
M10AMGVP000R482;MERCEDES;SLK 55 AMG;entrainement
M10AMGVP0001517;MERCEDES;AMG GT;test
M10AMGVP0004653;MERCEDES;AMG GT;test
M10AMGVP000T739;MERCEDES;AMG GT;test
M10AMGVP0002518;MERCEDES;AMG GT S;entrainement
M10AMGVP0003519;MERCEDES;AMG GT S;entrainement
M10AMGVP0004520;MERCEDES;AMG GT S;entrainement
M10AMGVP0005654;MERCEDES;AMG GT S;entrainement
M10AMGVP0006655;MERCEDES;AMG GT S;entrainement
M10AMGVP0007656;MERCEDES;AMG GT S;entrainement
M10AMGVP000U740;MERCEDES;AMG GT S;entrainement
M10AMGVP000V741;MERCEDES;AMG GT S;entrainement
M10AMGVP000W742;MERCEDES;AMG GT S;entrainement
M10AMGVP0000419;MERCEDES;S 63 AMG;test
M10AMGVP0001420;MERCEDES;S 63 AMG;test
M10AMGVP0008463;MERCEDES;S 63 AMG;test
M10AMGVP0009464;MERCEDES;S 63 AMG;test
M10AMGVP000J473;MERCEDES;S 63 AMG;test
M10AMGVP000J474;MERCEDES;S 63 AMG;test
M10AMGVP000K403;MERCEDES;S 63 AMG;test
M10AMGVP000K475;MERCEDES;S 63 AMG;test
M10AMGVP000L404;MERCEDES;S 63 AMG;test
M10AMGVP000L476;MERCEDES;S 63 AMG;test
M10AMGVP000L501;MERCEDES;S 63 AMG;test
M10AMGVP000M502;MERCEDES;S 63 AMG;test
M10AMGVP000N503;MERCEDES;S 63 AMG;test
M10AMGVP000P504;MERCEDES;S 63 AMG;test
M10AMGVP000Y417;MERCEDES;S 63 AMG;test
M10AMGVP000Z418;MERCEDES;S 63 AMG;test
M10AMGVP0009489;MERCEDES;S 65 AMG;entrainement
M10AMGVP000A490;MERCEDES;S 65 AMG;entrainement
M10AMGVP000B491;MERCEDES;S 65 AMG;entrainement
M10AMGVP000C492;MERCEDES;S 65 AMG;entrainement
M10AMGVP000D493;MERCEDES;S 65 AMG;entrainement
M10AMGVP000E494;MERCEDES;S 65 AMG;entrainement
M10AMGVP000F495;MERCEDES;S 65 AMG;entrainement
M10AMGVP000G496;MERCEDES;S 65 AMG;entrainement
M10AMGVP000H497;MERCEDES;S 65 AMG;entrainement
M10AMGVP000J498;MERCEDES;S 65 AMG;entrainement
M10AMGVP000J499;MERCEDES;S 65 AMG;entrainement
M10AMGVP000K500;MERCEDES;S 65 AMG;entrainement
M10AMGVP0004520;MERCEDES;SLS AMG GT S;calibration
M10MCDVPJC19872;MERCEDES;CITAN;entrainement
M10MCDVPJC1L873;MERCEDES;CITAN;entrainement
M10MCDVPJK71681;MERCEDES;CITAN;entrainement
M10MCDVPJK72682;MERCEDES;CITAN;entrainement
M10MCDVPJK75685;MERCEDES;CITAN;entrainement
M10MCDVPJK76686;MERCEDES;CITAN;entrainement
M10MCDVPJK79689;MERCEDES;CITAN;entrainement
M10MCDVPJK7B691;MERCEDES;CITAN;entrainement
M10MCDVPJK7D693;MERCEDES;CITAN;entrainement
M10MCDVPKL05956;MERCEDES;CITAN;entrainement
M10MCDVPPT0V060;MERCEDES;CITAN;entrainement
M10MCDVPPT0X062;MERCEDES;CITAN;entrainement
M10MCDVPJK73683;MERCEDES;CITAN;entrainement
M10MCDVPJK78688;MERCEDES;CITAN;entrainement
M10MCDVPJK7A690;MERCEDES;CITAN;entrainement
M10MCDVPJK7C692;MERCEDES;CITAN;entrainement
M10MCDVPJK7E694;MERCEDES;CITAN;entrainement
M10MCDVPKL06957;MERCEDES;CITAN;entrainement
M10MCDVPKL3X194;MERCEDES;CITAN;entrainement
M10MCDVPKL3Z196;MERCEDES;CITAN;entrainement
M10MCDVPPT0W061;MERCEDES;CITAN;entrainement
M10MCDVPPT0Y063;MERCEDES;CITAN;entrainement
M10MCDVPPT0N052;MERCEDES;CITAN;entrainement
M10MCDVPPT0P053;MERCEDES;CITAN;entrainement
M10MCDVPPT0P054;MERCEDES;CITAN;entrainement
M10MCDVPPT0R055;MERCEDES;CITAN;entrainement
M10MCDVPPT0R056;MERCEDES;CITAN;entrainement
M10MCDVPPT0S057;MERCEDES;CITAN;entrainement
M10MCDVPPT0T058;MERCEDES;CITAN;entrainement
M10MCDVPPT0U059;MERCEDES;CITAN;entrainement
M10MCDVPKP60323;MERCEDES;A 180;entrainement
M10MCDVPKP61324;MERCEDES;A 180;entrainement
M10MCDVPKP62325;MERCEDES;A 180;entrainement
M10MCDVPKP63326;MERCEDES;A 180;entrainement
M10MCDVPKP64327;MERCEDES;A 180;entrainement
M10MCDVPKP65328;MERCEDES;A 180;entrainement
M10MCDVPKP66329;MERCEDES;A 180;entrainement
M10MCDVPKP67330;MERCEDES;A 180;entrainement
M10MCDVPKP68331;MERCEDES;A 180;entrainement
M10MCDVPKP69332;MERCEDES;A 180;entrainement
M10MCDVPKP6A333;MERCEDES;A 180;entrainement
M10MCDVPKP6B334;MERCEDES;A 180;entrainement
M10MCDVPKP6C335;MERCEDES;A 180;entrainement
M10MCDVPKP6D336;MERCEDES;A 180;entrainement
M10MCDVPKP6E337;MERCEDES;A 180;entrainement
M10MCDVPKP6F338;MERCEDES;A 180;entrainement
M10MCDVPKP6G339;MERCEDES;A 180;entrainement
M10MCDVPKP6H340;MERCEDES;A 180;entrainement
M10MCDVPKP6J341;MERCEDES;A 180;entrainement
M10MCDVPKP6J342;MERCEDES;A 180;entrainement
M10MCDVPKP6K343;MERCEDES;A 180;entrainement
M10MCDVPKP6L344;MERCEDES;A 180;entrainement
M10MCDVPKP6M345;MERCEDES;A 180;entrainement
M10MCDVPKP6N346;MERCEDES;A 180;entrainement
M10MCDVPKP6P347;MERCEDES;A 180;entrainement
M10MCDVPKP6P348;MERCEDES;A 180;entrainement
M10MCDVPKP6W319;MERCEDES;A 180;entrainement
M10MCDVPKP6X320;MERCEDES;A 180;entrainement
M10MCDVPKP6Y321;MERCEDES;A 180;entrainement
M10MCDVPKP6Z322;MERCEDES;A 180;entrainement
M10MCDVPPT07097;MERCEDES;A 180;entrainement
M10MCDVPPT08098;MERCEDES;A 180;entrainement
M10MCDVPPT09099;MERCEDES;A 180;entrainement
M10MCDVPPT0A100;MERCEDES;A 180;entrainement
M10MCDVPPT0B101;MERCEDES;A 180;entrainement
M10MCDVPPT0C102;MERCEDES;A 180;entrainement
M10MCDVPPT0D078;MERCEDES;A 180;entrainement
M10MCDVPPT0D103;MERCEDES;A 180;entrainement
M10MCDVPPT0E079;MERCEDES;A 180;entrainement
M10MCDVPPT0F080;MERCEDES;A 180;entrainement
M10MCDVPPT0G081;MERCEDES;A 180;entrainement
M10MCDVPPT0H082;MERCEDES;A 180;entrainement
M10MCDVPPT0J083;MERCEDES;A 180;entrainement
M10MCDVPPT0J084;MERCEDES;A 180;entrainement
M10MCDVPPT0K085;MERCEDES;A 180;entrainement
M10MCDVPPT0L086;MERCEDES;A 180;entrainement
M10MCDVPPT0M087;MERCEDES;A 180;entrainement
M10MCDVPPT0N088;MERCEDES;A 180;entrainement
M10MCDVPPT0P089;MERCEDES;A 180;entrainement
M10MCDVPPT0P090;MERCEDES;A 180;entrainement
M10MCDVPPT0R091;MERCEDES;A 180;entrainement
M10MCDVPPT0R092;MERCEDES;A 180;entrainement
M10MCDVPPT0S093;MERCEDES;A 180;entrainement
M10MCDVPPT0T094;MERCEDES;A 180;entrainement
M10MCDVPPT0U095;MERCEDES;A 180;entrainement
M10MCDVPPT0V096;MERCEDES;A 180;entrainement
M10MCDVPKP62361;MERCEDES;A 200;entrainement
M10MCDVPKP63362;MERCEDES;A 200;entrainement
M10MCDVPKP64363;MERCEDES;A 200;entrainement
M10MCDVPKP65364;MERCEDES;A 200;entrainement
M10MCDVPKP66365;MERCEDES;A 200;entrainement
M10MCDVPKP67366;MERCEDES;A 200;entrainement
M10MCDVPKP68367;MERCEDES;A 200;entrainement
M10MCDVPKP69368;MERCEDES;A 200;entrainement
M10MCDVPKP6A369;MERCEDES;A 200;entrainement
M10MCDVPKP6B370;MERCEDES;A 200;entrainement
M10MCDVPKP6C371;MERCEDES;A 200;entrainement
M10MCDVPKP6D372;MERCEDES;A 200;entrainement
M10MCDVPPT0M112;MERCEDES;A 200;entrainement
M10MCDVPPT0N113;MERCEDES;A 200;entrainement
M10MCDVPPT0P114;MERCEDES;A 200;entrainement
M10MCDVPPT0P115;MERCEDES;A 200;entrainement
M10MCDVPPT0R116;MERCEDES;A 200;entrainement
M10MCDVPPT0R117;MERCEDES;A 200;entrainement
M10MCDVPPT0S118;MERCEDES;A 200;entrainement
M10MCDVPPT0T119;MERCEDES;A 200;entrainement
M10MCDVPKP64388;MERCEDES;A 220;test
M10MCDVPKP65389;MERCEDES;A 220;test
M10MCDVPKP66390;MERCEDES;A 220;test
M10MCDVPKP67391;MERCEDES;A 220;test
M10MCDVPKP68392;MERCEDES;A 220;test
M10MCDVPKP69393;MERCEDES;A 220;test
M10MCDVPKP6A394;MERCEDES;A 220;test
M10MCDVPKP6R385;MERCEDES;A 220;test
M10MCDVPKP6R386;MERCEDES;A 220;test
M10MCDVPKP6S387;MERCEDES;A 220;test
M10MCDVPPT04130;MERCEDES;A 220;test
M10MCDVPPT05131;MERCEDES;A 220;test
M10MCDVPPT06132;MERCEDES;A 220;test
M10MCDVPPT07133;MERCEDES;A 220;test
M10MCDVPPT08134;MERCEDES;A 220;test
M10MCDVPPT09135;MERCEDES;A 220;test
M10MCDVPKP6E373;MERCEDES;A 250;entrainement
M10MCDVPKP6F374;MERCEDES;A 250;entrainement
M10MCDVPKP6G375;MERCEDES;A 250;entrainement
M10MCDVPKP6H376;MERCEDES;A 250;entrainement
M10MCDVPKP6J377;MERCEDES;A 250;entrainement
M10MCDVPKP6J378;MERCEDES;A 250;entrainement
M10MCDVPKP6K379;MERCEDES;A 250;entrainement
M10MCDVPKP6L380;MERCEDES;A 250;entrainement
M10MCDVPKP6M381;MERCEDES;A 250;entrainement
M10MCDVPKP6N382;MERCEDES;A 250;entrainement
M10MCDVPKP6P383;MERCEDES;A 250;entrainement
M10MCDVPKP6P384;MERCEDES;A 250;entrainement
M10MCDVPPT00126;MERCEDES;A 250;entrainement
M10MCDVPPT01127;MERCEDES;A 250;entrainement
M10MCDVPPT02128;MERCEDES;A 250;entrainement
M10MCDVPPT03129;MERCEDES;A 250;entrainement
M10MCDVPPT0U120;MERCEDES;A 250;entrainement
M10MCDVPPT0V121;MERCEDES;A 250;entrainement
M10MCDVPPT0W122;MERCEDES;A 250;entrainement
M10MCDVPPT0X123;MERCEDES;A 250;entrainement
M10MCDVPPT0Y124;MERCEDES;A 250;entrainement
M10MCDVPPT0Z125;MERCEDES;A 250;entrainement
M10MCDVPKP6B395;MERCEDES;A 45 AMG;calibration
M10MCDVPKP6C396;MERCEDES;A 45 AMG;calibration
M10MCDVPKP6D397;MERCEDES;A 45 AMG;calibration
M10MCDVPKP6E398;MERCEDES;A 45 AMG;calibration
M10MCDVPFZ8J784;MERCEDES;A 160;entrainement
M10MCDVPFZ8K785;MERCEDES;A 160;entrainement
M10MCDVPFZ8L786;MERCEDES;A 160;entrainement
M10MCDVPFZ8M787;MERCEDES;A 160;entrainement
M10MCDVPFZ8N788;MERCEDES;A 160;entrainement
M10MCDVPFZ8P789;MERCEDES;A 160;entrainement
M10MCDVPGE0J751;MERCEDES;A 160;entrainement
M10MCDVPGE0K752;MERCEDES;A 160;entrainement
M10MCDVPGE0L753;MERCEDES;A 160;entrainement
M10MCDVPGE0M754;MERCEDES;A 160;entrainement
M10MCDVPGE0N755;MERCEDES;A 160;entrainement
M10MCDVPGE0P756;MERCEDES;A 160;entrainement
M10MCDVPKZ90989;MERCEDES;A 160;entrainement
M10MCDVPKZ91990;MERCEDES;A 160;entrainement
M10MCDVPKZ92991;MERCEDES;A 160;entrainement
M10MCDVPKZ93992;MERCEDES;A 160;entrainement
M10MCDVPKZ94993;MERCEDES;A 160;entrainement
M10MCDVPKZ95994;MERCEDES;A 160;entrainement
M10MCDVPKZ96995;MERCEDES;A 160;entrainement
M10MCDVPKZ97996;MERCEDES;A 160;entrainement
M10MCDVPKZ98997;MERCEDES;A 160;entrainement
M10MCDVPKZ9L974;MERCEDES;A 160;entrainement
M10MCDVPKZ9M975;MERCEDES;A 160;entrainement
M10MCDVPKZ9N976;MERCEDES;A 160;entrainement
M10MCDVPKZ9P977;MERCEDES;A 160;entrainement
M10MCDVPKZ9P978;MERCEDES;A 160;entrainement
M10MCDVPKZ9R979;MERCEDES;A 160;entrainement
M10MCDVPKZ9R980;MERCEDES;A 160;entrainement
M10MCDVPKZ9S981;MERCEDES;A 160;entrainement
M10MCDVPKZ9T982;MERCEDES;A 160;entrainement
M10MCDVPKZ9U983;MERCEDES;A 160;entrainement
M10MCDVPKZ9V984;MERCEDES;A 160;entrainement
M10MCDVPKZ9W985;MERCEDES;A 160;entrainement
M10MCDVPKZ9X986;MERCEDES;A 160;entrainement
M10MCDVPKZ9Y987;MERCEDES;A 160;entrainement
M10MCDVPKZ9Z988;MERCEDES;A 160;entrainement
M10MCDVPNT56905;MERCEDES;A 160;entrainement
M10MCDVPNT57906;MERCEDES;A 160;entrainement
M10MCDVPNT58907;MERCEDES;A 160;entrainement
M10MCDVPNT59908;MERCEDES;A 160;entrainement
M10MCDVPNT5A909;MERCEDES;A 160;entrainement
M10MCDVPNT5B910;MERCEDES;A 160;entrainement
M10MCDVPNT5C911;MERCEDES;A 160;entrainement
M10MCDVPNT5D912;MERCEDES;A 160;entrainement
M10MCDVPNT5E913;MERCEDES;A 160;entrainement
M10MCDVPNT5F914;MERCEDES;A 160;entrainement
M10MCDVPNT5G915;MERCEDES;A 160;entrainement
M10MCDVPNT5H916;MERCEDES;A 160;entrainement
M10MCDVPNT5J917;MERCEDES;A 160;entrainement
M10MCDVPNT5J918;MERCEDES;A 160;entrainement
M10MCDVPNT5K919;MERCEDES;A 160;entrainement
M10MCDVPNT5L920;MERCEDES;A 160;entrainement
M10MCDVPNT5M921;MERCEDES;A 160;entrainement
M10MCDVPNT5N922;MERCEDES;A 160;entrainement
M10MCDVPNT5P923;MERCEDES;A 160;entrainement
M10MCDVPNT5P924;MERCEDES;A 160;entrainement
M10MCDVPNT5R925;MERCEDES;A 160;entrainement
M10MCDVPNT5R926;MERCEDES;A 160;entrainement
M10MCDVPNT5S927;MERCEDES;A 160;entrainement
M10MCDVPNT5T928;MERCEDES;A 160;entrainement
M10MCDVPFZ80801;MERCEDES;A 180;entrainement
M10MCDVPFZ8P790;MERCEDES;A 180;entrainement
M10MCDVPFZ8R791;MERCEDES;A 180;entrainement
M10MCDVPFZ8R792;MERCEDES;A 180;entrainement
M10MCDVPFZ8S793;MERCEDES;A 180;entrainement
M10MCDVPFZ8T794;MERCEDES;A 180;entrainement
M10MCDVPFZ8U795;MERCEDES;A 180;entrainement
M10MCDVPFZ8V796;MERCEDES;A 180;entrainement
M10MCDVPFZ8W797;MERCEDES;A 180;entrainement
M10MCDVPFZ8X798;MERCEDES;A 180;entrainement
M10MCDVPFZ8Y799;MERCEDES;A 180;entrainement
M10MCDVPFZ8Z800;MERCEDES;A 180;entrainement
M10MCDVPGE00732;MERCEDES;A 180;entrainement
M10MCDVPGE00768;MERCEDES;A 180;entrainement
M10MCDVPGE01733;MERCEDES;A 180;entrainement
M10MCDVPGE01769;MERCEDES;A 180;entrainement
M10MCDVPGE02734;MERCEDES;A 180;entrainement
M10MCDVPGE02770;MERCEDES;A 180;entrainement
M10MCDVPGE03735;MERCEDES;A 180;entrainement
M10MCDVPGE04736;MERCEDES;A 180;entrainement
M10MCDVPGE05737;MERCEDES;A 180;entrainement
M10MCDVPGE06738;MERCEDES;A 180;entrainement
M10MCDVPGE0P757;MERCEDES;A 180;entrainement
M10MCDVPGE0R758;MERCEDES;A 180;entrainement
M10MCDVPGE0R759;MERCEDES;A 180;entrainement
M10MCDVPGE0S760;MERCEDES;A 180;entrainement
M10MCDVPGE0T761;MERCEDES;A 180;entrainement
M10MCDVPGE0U762;MERCEDES;A 180;entrainement
M10MCDVPGE0V727;MERCEDES;A 180;entrainement
M10MCDVPGE0V763;MERCEDES;A 180;entrainement
M10MCDVPGE0W728;MERCEDES;A 180;entrainement
M10MCDVPGE0W764;MERCEDES;A 180;entrainement
M10MCDVPGE0X729;MERCEDES;A 180;entrainement
M10MCDVPGE0X765;MERCEDES;A 180;entrainement
M10MCDVPGE0Y730;MERCEDES;A 180;entrainement
M10MCDVPGE0Y766;MERCEDES;A 180;entrainement
M10MCDVPGE0Z731;MERCEDES;A 180;entrainement
M10MCDVPGE0Z767;MERCEDES;A 180;entrainement
M10MCDVPKZ99998;MERCEDES;A 180;entrainement
M10MCDVPKZ9A999;MERCEDES;A 180;entrainement
M10MCDVPLA00016;MERCEDES;A 180;entrainement
M10MCDVPLA01017;MERCEDES;A 180;entrainement
M10MCDVPLA02018;MERCEDES;A 180;entrainement
M10MCDVPLA03019;MERCEDES;A 180;entrainement
M10MCDVPLA04020;MERCEDES;A 180;entrainement
M10MCDVPLA05021;MERCEDES;A 180;entrainement
M10MCDVPLA06022;MERCEDES;A 180;entrainement
M10MCDVPLA07023;MERCEDES;A 180;entrainement
M10MCDVPLA0K000;MERCEDES;A 180;entrainement
M10MCDVPLA0L001;MERCEDES;A 180;entrainement
M10MCDVPLA0M002;MERCEDES;A 180;entrainement
M10MCDVPLA0N003;MERCEDES;A 180;entrainement
M10MCDVPLA0P004;MERCEDES;A 180;entrainement
M10MCDVPLA0P005;MERCEDES;A 180;entrainement
M10MCDVPLA0R006;MERCEDES;A 180;entrainement
M10MCDVPLA0R007;MERCEDES;A 180;entrainement
M10MCDVPLA0S008;MERCEDES;A 180;entrainement
M10MCDVPLA0T009;MERCEDES;A 180;entrainement
M10MCDVPLA0U010;MERCEDES;A 180;entrainement
M10MCDVPLA0V011;MERCEDES;A 180;entrainement
M10MCDVPLA0W012;MERCEDES;A 180;entrainement
M10MCDVPLA0X013;MERCEDES;A 180;entrainement
M10MCDVPLA0Y014;MERCEDES;A 180;entrainement
M10MCDVPLA0Z015;MERCEDES;A 180;entrainement
M10MCDVPNT50935;MERCEDES;A 180;entrainement
M10MCDVPNT51936;MERCEDES;A 180;entrainement
M10MCDVPNT52937;MERCEDES;A 180;entrainement
M10MCDVPNT53938;MERCEDES;A 180;entrainement
M10MCDVPNT54939;MERCEDES;A 180;entrainement
M10MCDVPNT55940;MERCEDES;A 180;entrainement
M10MCDVPNT56941;MERCEDES;A 180;entrainement
M10MCDVPNT57942;MERCEDES;A 180;entrainement
M10MCDVPNT58943;MERCEDES;A 180;entrainement
M10MCDVPNT59944;MERCEDES;A 180;entrainement
M10MCDVPNT5A945;MERCEDES;A 180;entrainement
M10MCDVPNT5B946;MERCEDES;A 180;entrainement
M10MCDVPNT5C947;MERCEDES;A 180;entrainement
M10MCDVPNT5D948;MERCEDES;A 180;entrainement
M10MCDVPNT5E949;MERCEDES;A 180;entrainement
M10MCDVPNT5F950;MERCEDES;A 180;entrainement
M10MCDVPNT5G951;MERCEDES;A 180;entrainement
M10MCDVPNT5H952;MERCEDES;A 180;entrainement
M10MCDVPNT5U929;MERCEDES;A 180;entrainement
M10MCDVPNT5V930;MERCEDES;A 180;entrainement
M10MCDVPNT5W931;MERCEDES;A 180;entrainement
M10MCDVPNT5X932;MERCEDES;A 180;entrainement
M10MCDVPNT5Y933;MERCEDES;A 180;entrainement
M10MCDVPNT5Z934;MERCEDES;A 180;entrainement
M10MCDVPGE07739;MERCEDES;A 200;entrainement
M10MCDVPGE08740;MERCEDES;A 200;entrainement
M10MCDVPGE09741;MERCEDES;A 200;entrainement
M10MCDVPGE0A742;MERCEDES;A 200;entrainement
M10MCDVPGE0B743;MERCEDES;A 200;entrainement
M10MCDVPGE0C744;MERCEDES;A 200;entrainement
M10MCDVPGE0D745;MERCEDES;A 200;entrainement
M10MCDVPGE0E746;MERCEDES;A 200;entrainement
M10MCDVPGE0F747;MERCEDES;A 200;entrainement
M10MCDVPGE0G748;MERCEDES;A 200;entrainement
M10MCDVPGE0H749;MERCEDES;A 200;entrainement
M10MCDVPGE0J750;MERCEDES;A 200;entrainement
M10MCDVPKP6F399;MERCEDES;A 200;entrainement
M10MCDVPKP6G400;MERCEDES;A 200;entrainement
M10MCDVPKP6H401;MERCEDES;A 200;entrainement
M10MCDVPKP6J402;MERCEDES;A 200;entrainement
M10MCDVPKP6J403;MERCEDES;A 200;entrainement
M10MCDVPKP6K404;MERCEDES;A 200;entrainement
M10MCDVPKP6L405;MERCEDES;A 200;entrainement
M10MCDVPKP6M406;MERCEDES;A 200;entrainement
M10MCDVPKP6N407;MERCEDES;A 200;entrainement
M10MCDVPKP6P408;MERCEDES;A 200;entrainement
M10MCDVPKP6P409;MERCEDES;A 200;entrainement
M10MCDVPKP6R410;MERCEDES;A 200;entrainement
M10MCDVPKP6R411;MERCEDES;A 200;entrainement
M10MCDVPKP6S412;MERCEDES;A 200;entrainement
M10MCDVPKP6T413;MERCEDES;A 200;entrainement
M10MCDVPKP6U414;MERCEDES;A 200;entrainement
M10MCDVPKP6V415;MERCEDES;A 200;entrainement
M10MCDVPKP6W416;MERCEDES;A 200;entrainement
M10MCDVPPT0A136;MERCEDES;A 200;entrainement
M10MCDVPPT0B137;MERCEDES;A 200;entrainement
M10MCDVPPT0C138;MERCEDES;A 200;entrainement
M10MCDVPPT0D139;MERCEDES;A 200;entrainement
M10MCDVPPT0E140;MERCEDES;A 200;entrainement
M10MCDVPPT0F141;MERCEDES;A 200;entrainement
M10MCDVPPT0G142;MERCEDES;A 200;entrainement
M10MCDVPPT0H143;MERCEDES;A 200;entrainement
M10MCDVPPT0J144;MERCEDES;A 200;entrainement
M10MCDVPPT0J145;MERCEDES;A 200;entrainement
M10MCDVPPT0K146;MERCEDES;A 200;entrainement
M10MCDVPPT0L147;MERCEDES;A 200;entrainement
M10MCDVPPT0M148;MERCEDES;A 200;entrainement
M10MCDVPPT0N149;MERCEDES;A 200;entrainement
M10MCDVPPT0P150;MERCEDES;A 200;entrainement
M10MCDVPPT0P151;MERCEDES;A 200;entrainement
M10MCDVPPT0R152;MERCEDES;A 200;entrainement
M10MCDVPPT0R153;MERCEDES;A 200;entrainement
M10MCDVPKP60420;MERCEDES;A 220;test
M10MCDVPKP61421;MERCEDES;A 220;test
M10MCDVPKP62422;MERCEDES;A 220;test
M10MCDVPKP63423;MERCEDES;A 220;test
M10MCDVPKP64424;MERCEDES;A 220;test
M10MCDVPKP65425;MERCEDES;A 220;test
M10MCDVPKP66426;MERCEDES;A 220;test
M10MCDVPKP67427;MERCEDES;A 220;test
M10MCDVPKP68428;MERCEDES;A 220;test
M10MCDVPKP69429;MERCEDES;A 220;test
M10MCDVPKP6A430;MERCEDES;A 220;test
M10MCDVPKP6B431;MERCEDES;A 220;test
M10MCDVPKP6C432;MERCEDES;A 220;test
M10MCDVPKP6D433;MERCEDES;A 220;test
M10MCDVPKP6E434;MERCEDES;A 220;test
M10MCDVPKP6F435;MERCEDES;A 220;test
M10MCDVPKP6G436;MERCEDES;A 220;test
M10MCDVPKP6X417;MERCEDES;A 220;test
M10MCDVPKP6Y418;MERCEDES;A 220;test
M10MCDVPKP6Z419;MERCEDES;A 220;test
M10MCDVPPT00162;MERCEDES;A 220;test
M10MCDVPPT01163;MERCEDES;A 220;test
M10MCDVPPT02164;MERCEDES;A 220;test
M10MCDVPPT03165;MERCEDES;A 220;test
M10MCDVPPT04166;MERCEDES;A 220;test
M10MCDVPPT05167;MERCEDES;A 220;test
M10MCDVPPT06168;MERCEDES;A 220;test
M10MCDVPPT07169;MERCEDES;A 220;test
M10MCDVPPT08170;MERCEDES;A 220;test
M10MCDVPPT09171;MERCEDES;A 220;test
M10MCDVPPT0A172;MERCEDES;A 220;test
M10MCDVPPT0B173;MERCEDES;A 220;test
M10MCDVPPT0S154;MERCEDES;A 220;test
M10MCDVPPT0T155;MERCEDES;A 220;test
M10MCDVPPT0U156;MERCEDES;A 220;test
M10MCDVPPT0V157;MERCEDES;A 220;test
M10MCDVPPT0W158;MERCEDES;A 220;test
M10MCDVPPT0X159;MERCEDES;A 220;test
M10MCDVPPT0Y160;MERCEDES;A 220;test
M10MCDVPPT0Z161;MERCEDES;A 220;test
M10MCDVPKP64970;MERCEDES;B 180;entrainement
M10MCDVPKP65971;MERCEDES;B 180;entrainement
M10MCDVPKP66972;MERCEDES;B 180;entrainement
M10MCDVPKP68949;MERCEDES;B 180;entrainement
M10MCDVPKP69950;MERCEDES;B 180;entrainement
M10MCDVPKP6A951;MERCEDES;B 180;entrainement
M10MCDVPKP6B952;MERCEDES;B 180;entrainement
M10MCDVPKP6C953;MERCEDES;B 180;entrainement
M10MCDVPKP6D954;MERCEDES;B 180;entrainement
M10MCDVPKP6E955;MERCEDES;B 180;entrainement
M10MCDVPKP6F956;MERCEDES;B 180;entrainement
M10MCDVPKP6G957;MERCEDES;B 180;entrainement
M10MCDVPKP6H958;MERCEDES;B 180;entrainement
M10MCDVPKP6J959;MERCEDES;B 180;entrainement
M10MCDVPKP6J960;MERCEDES;B 180;entrainement
M10MCDVPKP6K961;MERCEDES;B 180;entrainement
M10MCDVPKP6L962;MERCEDES;B 180;entrainement
M10MCDVPKP6M963;MERCEDES;B 180;entrainement
M10MCDVPKP6N964;MERCEDES;B 180;entrainement
M10MCDVPKP6P965;MERCEDES;B 180;entrainement
M10MCDVPKP6P966;MERCEDES;B 180;entrainement
M10MCDVPKP6R967;MERCEDES;B 180;entrainement
M10MCDVPKP6R968;MERCEDES;B 180;entrainement
M10MCDVPKP6S969;MERCEDES;B 180;entrainement
M10MCDVPLA00246;MERCEDES;B 180;entrainement
M10MCDVPLA01247;MERCEDES;B 180;entrainement
M10MCDVPLA02248;MERCEDES;B 180;entrainement
M10MCDVPLA03249;MERCEDES;B 180;entrainement
M10MCDVPLA04250;MERCEDES;B 180;entrainement
M10MCDVPLA05251;MERCEDES;B 180;entrainement
M10MCDVPLA06252;MERCEDES;B 180;entrainement
M10MCDVPLA07253;MERCEDES;B 180;entrainement
M10MCDVPLA08254;MERCEDES;B 180;entrainement
M10MCDVPLA09255;MERCEDES;B 180;entrainement
M10MCDVPLA0A256;MERCEDES;B 180;entrainement
M10MCDVPLA0B257;MERCEDES;B 180;entrainement
M10MCDVPLA0C258;MERCEDES;B 180;entrainement
M10MCDVPLA0D259;MERCEDES;B 180;entrainement
M10MCDVPLA0E260;MERCEDES;B 180;entrainement
M10MCDVPLA0F261;MERCEDES;B 180;entrainement
M10MCDVPLA0G262;MERCEDES;B 180;entrainement
M10MCDVPLA0H263;MERCEDES;B 180;entrainement
M10MCDVPLA0J264;MERCEDES;B 180;entrainement
M10MCDVPLA0J265;MERCEDES;B 180;entrainement
M10MCDVPLA0K266;MERCEDES;B 180;entrainement
M10MCDVPLA0L267;MERCEDES;B 180;entrainement
M10MCDVPLA0M268;MERCEDES;B 180;entrainement
M10MCDVPLA0N269;MERCEDES;B 180;entrainement
M10MCDVPLA0P270;MERCEDES;B 180;entrainement
M10MCDVPLA0P271;MERCEDES;B 180;entrainement
M10MCDVPLA0R272;MERCEDES;B 180;entrainement
M10MCDVPLA0R273;MERCEDES;B 180;entrainement
M10MCDVPNT6S247;MERCEDES;B 180;entrainement
M10MCDVPNT6T248;MERCEDES;B 180;entrainement
M10MCDVPPT0B658;MERCEDES;B 180;entrainement
M10MCDVPPT0C659;MERCEDES;B 180;entrainement
M10MCDVPPT0D660;MERCEDES;B 180;entrainement
M10MCDVPPT0E661;MERCEDES;B 180;entrainement
M10MCDVPPT0F662;MERCEDES;B 180;entrainement
M10MCDVPPT0G663;MERCEDES;B 180;entrainement
M10MCDVPPT0H664;MERCEDES;B 180;entrainement
M10MCDVPPT0J665;MERCEDES;B 180;entrainement
M10MCDVPPT0J666;MERCEDES;B 180;entrainement
M10MCDVPPT0K667;MERCEDES;B 180;entrainement
M10MCDVPPT0L668;MERCEDES;B 180;entrainement
M10MCDVPPT0M669;MERCEDES;B 180;entrainement
M10MCDVPPT0N670;MERCEDES;B 180;entrainement
M10MCDVPPT0P671;MERCEDES;B 180;entrainement
M10MCDVPPT0P672;MERCEDES;B 180;entrainement
M10MCDVPPT0R673;MERCEDES;B 180;entrainement
M10MCDVPPT0R674;MERCEDES;B 180;entrainement
M10MCDVPPT0S675;MERCEDES;B 180;entrainement
M10MCDVPPT0T676;MERCEDES;B 180;entrainement
M10MCDVPPT0U677;MERCEDES;B 180;entrainement
M10MCDVPKP67973;MERCEDES;B 200;entrainement
M10MCDVPKP68974;MERCEDES;B 200;entrainement
M10MCDVPKP69975;MERCEDES;B 200;entrainement
M10MCDVPKP6A976;MERCEDES;B 200;entrainement
M10MCDVPKP6B977;MERCEDES;B 200;entrainement
M10MCDVPKP6C978;MERCEDES;B 200;entrainement
M10MCDVPKP6D979;MERCEDES;B 200;entrainement
M10MCDVPKP6E980;MERCEDES;B 200;entrainement
M10MCDVPKP6F981;MERCEDES;B 200;entrainement
M10MCDVPKP6G982;MERCEDES;B 200;entrainement
M10MCDVPKP6H983;MERCEDES;B 200;entrainement
M10MCDVPKP6J984;MERCEDES;B 200;entrainement
M10MCDVPLA04286;MERCEDES;B 200;entrainement
M10MCDVPLA05287;MERCEDES;B 200;entrainement
M10MCDVPLA06288;MERCEDES;B 200;entrainement
M10MCDVPLA07289;MERCEDES;B 200;entrainement
M10MCDVPLA08290;MERCEDES;B 200;entrainement
M10MCDVPLA0K291;MERCEDES;B 200;entrainement
M10MCDVPLA0L292;MERCEDES;B 200;entrainement
M10MCDVPLA0M293;MERCEDES;B 200;entrainement
M10MCDVPLA0N294;MERCEDES;B 200;entrainement
M10MCDVPLA0P295;MERCEDES;B 200;entrainement
M10MCDVPLA0P296;MERCEDES;B 200;entrainement
M10MCDVPLA0R297;MERCEDES;B 200;entrainement
M10MCDVPPT0E686;MERCEDES;B 200;entrainement
M10MCDVPPT0F687;MERCEDES;B 200;entrainement
M10MCDVPPT0G688;MERCEDES;B 200;entrainement
M10MCDVPPT0H689;MERCEDES;B 200;entrainement
M10MCDVPPT0J690;MERCEDES;B 200;entrainement
M10MCDVPPT0J691;MERCEDES;B 200;entrainement
M10MCDVPPT0K692;MERCEDES;B 200;entrainement
M10MCDVPPT0L693;MERCEDES;B 200;entrainement
M10MCDVPKP6N989;MERCEDES;B 220;entrainement
M10MCDVPKP6P990;MERCEDES;B 220;entrainement
M10MCDVPKP6P991;MERCEDES;B 220;entrainement
M10MCDVPKP6R992;MERCEDES;B 220;entrainement
M10MCDVPKP6R993;MERCEDES;B 220;entrainement
M10MCDVPKP6S994;MERCEDES;B 220;entrainement
M10MCDVPKP6T995;MERCEDES;B 220;entrainement
M10MCDVPKP6U996;MERCEDES;B 220;entrainement
M10MCDVPKP6V997;MERCEDES;B 220;entrainement
M10MCDVPKP6W998;MERCEDES;B 220;entrainement
M10MCDVPLA00307;MERCEDES;B 220;entrainement
M10MCDVPLA01308;MERCEDES;B 220;entrainement
M10MCDVPLA02309;MERCEDES;B 220;entrainement
M10MCDVPLA03310;MERCEDES;B 220;entrainement
M10MCDVPLA04311;MERCEDES;B 220;entrainement
M10MCDVPLA05312;MERCEDES;B 220;entrainement
M10MCDVPLA06313;MERCEDES;B 220;entrainement
M10MCDVPLA07314;MERCEDES;B 220;entrainement
M10MCDVPLA08315;MERCEDES;B 220;entrainement
M10MCDVPLA0Z306;MERCEDES;B 220;entrainement
M10MCDVPPT0R698;MERCEDES;B 220;entrainement
M10MCDVPPT0R699;MERCEDES;B 220;entrainement
M10MCDVPPT0S700;MERCEDES;B 220;entrainement
M10MCDVPPT0T701;MERCEDES;B 220;entrainement
M10MCDVPPT0U702;MERCEDES;B 220;entrainement
M10MCDVPPT0V703;MERCEDES;B 220;entrainement
M10MCDVPKP6J985;MERCEDES;B 250;calibration
M10MCDVPKP6K986;MERCEDES;B 250;calibration
M10MCDVPKP6L987;MERCEDES;B 250;calibration
M10MCDVPKP6M988;MERCEDES;B 250;calibration
M10MCDVPLA0R298;MERCEDES;B 250;calibration
M10MCDVPLA0S299;MERCEDES;B 250;calibration
M10MCDVPLA0T300;MERCEDES;B 250;calibration
M10MCDVPLA0U301;MERCEDES;B 250;calibration
M10MCDVPLA0V302;MERCEDES;B 250;calibration
M10MCDVPLA0W303;MERCEDES;B 250;calibration
M10MCDVPLA0X304;MERCEDES;B 250;calibration
M10MCDVPLA0Y305;MERCEDES;B 250;calibration
M10MCDVPPT0M694;MERCEDES;B 250;calibration
M10MCDVPPT0N695;MERCEDES;B 250;calibration
M10MCDVPPT0P696;MERCEDES;B 250;calibration
M10MCDVPPT0P697;MERCEDES;B 250;calibration
M10MCDVPFL6R128;MERCEDES;B 200;entrainement
M10MCDVPFL6R129;MERCEDES;B 200;entrainement
M10MCDVPFL6S130;MERCEDES;B 200;entrainement
M10MCDVPFL6T131;MERCEDES;B 200;entrainement
M10MCDVPFL6U132;MERCEDES;B 200;entrainement
M10MCDVPFL6V133;MERCEDES;B 200;entrainement
M10MCDVPFL6W134;MERCEDES;B 200;entrainement
M10MCDVPFL6X135;MERCEDES;B 200;entrainement
M10MCDVPPT00841;MERCEDES;B 200;entrainement
M10MCDVPPT01842;MERCEDES;B 200;entrainement
M10MCDVPPT02843;MERCEDES;B 200;entrainement
M10MCDVPPT03844;MERCEDES;B 200;entrainement
M10MCDVPPT04845;MERCEDES;B 200;entrainement
M10MCDVPPT05846;MERCEDES;B 200;entrainement
M10MCDVPPT06847;MERCEDES;B 200;entrainement
M10MCDVPPT07848;MERCEDES;B 200;entrainement
M10MCDVPPT08849;MERCEDES;B 200;entrainement
M10MCDVPPT0X838;MERCEDES;B 200;entrainement
M10MCDVPPT0Y839;MERCEDES;B 200;entrainement
M10MCDVPPT0Z840;MERCEDES;B 200;entrainement
M10MCDVPFZ90254;MERCEDES;B 160;test
M10MCDVPFZ91255;MERCEDES;B 160;test
M10MCDVPFZ92256;MERCEDES;B 160;test
M10MCDVPFZ93257;MERCEDES;B 160;test
M10MCDVPFZ94258;MERCEDES;B 160;test
M10MCDVPFZ95259;MERCEDES;B 160;test
M10MCDVPFZ96260;MERCEDES;B 160;test
M10MCDVPFZ97261;MERCEDES;B 160;test
M10MCDVPFZ98262;MERCEDES;B 160;test
M10MCDVPFZ99263;MERCEDES;B 160;test
M10MCDVPFZ9A264;MERCEDES;B 160;test
M10MCDVPFZ9B265;MERCEDES;B 160;test
M10MCDVPFZ9W250;MERCEDES;B 160;test
M10MCDVPFZ9X251;MERCEDES;B 160;test
M10MCDVPFZ9Y252;MERCEDES;B 160;test
M10MCDVPFZ9Z253;MERCEDES;B 160;test
M10MCDVPGE00987;MERCEDES;B 160;test
M10MCDVPGE01988;MERCEDES;B 160;test
M10MCDVPGE02989;MERCEDES;B 160;test
M10MCDVPGE03990;MERCEDES;B 160;test
M10MCDVPGE04991;MERCEDES;B 160;test
M10MCDVPGE05992;MERCEDES;B 160;test
M10MCDVPGE06993;MERCEDES;B 160;test
M10MCDVPGE07994;MERCEDES;B 160;test
M10MCDVPGE08995;MERCEDES;B 160;test
M10MCDVPGE09996;MERCEDES;B 160;test
M10MCDVPGE0A997;MERCEDES;B 160;test
M10MCDVPGE0B998;MERCEDES;B 160;test
M10MCDVPGE0C999;MERCEDES;B 160;test
M10MCDVPGE0Y985;MERCEDES;B 160;test
M10MCDVPGE0Z986;MERCEDES;B 160;test
M10MCDVPGE1K000;MERCEDES;B 160;test
M10MCDVPLA00185;MERCEDES;B 160;test
M10MCDVPLA01186;MERCEDES;B 160;test
M10MCDVPLA02187;MERCEDES;B 160;test
M10MCDVPLA03188;MERCEDES;B 160;test
M10MCDVPLA04189;MERCEDES;B 160;test
M10MCDVPLA05190;MERCEDES;B 160;test
M10MCDVPLA06191;MERCEDES;B 160;test
M10MCDVPLA0J168;MERCEDES;B 160;test
M10MCDVPLA0K169;MERCEDES;B 160;test
M10MCDVPLA0L170;MERCEDES;B 160;test
M10MCDVPLA0M171;MERCEDES;B 160;test
M10MCDVPLA0N172;MERCEDES;B 160;test
M10MCDVPLA0P173;MERCEDES;B 160;test
M10MCDVPLA0P174;MERCEDES;B 160;test
M10MCDVPLA0R175;MERCEDES;B 160;test
M10MCDVPLA0R176;MERCEDES;B 160;test
M10MCDVPLA0S177;MERCEDES;B 160;test
M10MCDVPLA0T178;MERCEDES;B 160;test
M10MCDVPLA0U179;MERCEDES;B 160;test
M10MCDVPLA0V180;MERCEDES;B 160;test
M10MCDVPLA0W181;MERCEDES;B 160;test
M10MCDVPLA0X182;MERCEDES;B 160;test
M10MCDVPLA0Y183;MERCEDES;B 160;test
M10MCDVPLA0Z184;MERCEDES;B 160;test
M10MCDVPPT00611;MERCEDES;B 160;test
M10MCDVPPT01612;MERCEDES;B 160;test
M10MCDVPPT02613;MERCEDES;B 160;test
M10MCDVPPT0F590;MERCEDES;B 160;test
M10MCDVPPT0G591;MERCEDES;B 160;test
M10MCDVPPT0H592;MERCEDES;B 160;test
M10MCDVPPT0J593;MERCEDES;B 160;test
M10MCDVPPT0J594;MERCEDES;B 160;test
M10MCDVPPT0K595;MERCEDES;B 160;test
M10MCDVPPT0L596;MERCEDES;B 160;test
M10MCDVPPT0M597;MERCEDES;B 160;test
M10MCDVPPT0N598;MERCEDES;B 160;test
M10MCDVPPT0P599;MERCEDES;B 160;test
M10MCDVPPT0P600;MERCEDES;B 160;test
M10MCDVPPT0R601;MERCEDES;B 160;test
M10MCDVPPT0R602;MERCEDES;B 160;test
M10MCDVPPT0S603;MERCEDES;B 160;test
M10MCDVPPT0T604;MERCEDES;B 160;test
M10MCDVPPT0U605;MERCEDES;B 160;test
M10MCDVPPT0V606;MERCEDES;B 160;test
M10MCDVPPT0W607;MERCEDES;B 160;test
M10MCDVPPT0X608;MERCEDES;B 160;test
M10MCDVPPT0Y609;MERCEDES;B 160;test
M10MCDVPPT0Z610;MERCEDES;B 160;test
M10MCDVPFZ9C266;MERCEDES;B 180;entrainement
M10MCDVPFZ9D267;MERCEDES;B 180;entrainement
M10MCDVPFZ9E268;MERCEDES;B 180;entrainement
M10MCDVPFZ9F269;MERCEDES;B 180;entrainement
M10MCDVPFZ9G270;MERCEDES;B 180;entrainement
M10MCDVPFZ9H271;MERCEDES;B 180;entrainement
M10MCDVPFZ9J272;MERCEDES;B 180;entrainement
M10MCDVPFZ9J273;MERCEDES;B 180;entrainement
M10MCDVPFZ9K274;MERCEDES;B 180;entrainement
M10MCDVPFZ9L275;MERCEDES;B 180;entrainement
M10MCDVPFZ9M276;MERCEDES;B 180;entrainement
M10MCDVPFZ9N277;MERCEDES;B 180;entrainement
M10MCDVPFZ9P278;MERCEDES;B 180;entrainement
M10MCDVPFZ9P279;MERCEDES;B 180;entrainement
M10MCDVPFZ9R280;MERCEDES;B 180;entrainement
M10MCDVPFZ9R281;MERCEDES;B 180;entrainement
M10MCDVPFZ9S282;MERCEDES;B 180;entrainement
M10MCDVPFZ9T283;MERCEDES;B 180;entrainement
M10MCDVPGE00962;MERCEDES;B 180;entrainement
M10MCDVPGE01963;MERCEDES;B 180;entrainement
M10MCDVPGE02964;MERCEDES;B 180;entrainement
M10MCDVPGE03965;MERCEDES;B 180;entrainement
M10MCDVPGE04966;MERCEDES;B 180;entrainement
M10MCDVPGE05967;MERCEDES;B 180;entrainement
M10MCDVPGE06968;MERCEDES;B 180;entrainement
M10MCDVPGE07969;MERCEDES;B 180;entrainement
M10MCDVPGE0J970;MERCEDES;B 180;entrainement
M10MCDVPGE0K971;MERCEDES;B 180;entrainement
M10MCDVPGE0L972;MERCEDES;B 180;entrainement
M10MCDVPGE0N949;MERCEDES;B 180;entrainement
M10MCDVPGE0P950;MERCEDES;B 180;entrainement
M10MCDVPGE0P951;MERCEDES;B 180;entrainement
M10MCDVPGE0R952;MERCEDES;B 180;entrainement
M10MCDVPGE0R953;MERCEDES;B 180;entrainement
M10MCDVPGE0S954;MERCEDES;B 180;entrainement
M10MCDVPGE0T955;MERCEDES;B 180;entrainement
M10MCDVPGE0U956;MERCEDES;B 180;entrainement
M10MCDVPGE0V957;MERCEDES;B 180;entrainement
M10MCDVPGE0W958;MERCEDES;B 180;entrainement
M10MCDVPGE0X959;MERCEDES;B 180;entrainement
M10MCDVPGE0Y960;MERCEDES;B 180;entrainement
M10MCDVPGE0Z961;MERCEDES;B 180;entrainement
M10MCDVPGE10016;MERCEDES;B 180;entrainement
M10MCDVPGE1L001;MERCEDES;B 180;entrainement
M10MCDVPGE1M002;MERCEDES;B 180;entrainement
M10MCDVPGE1N003;MERCEDES;B 180;entrainement
M10MCDVPGE1P004;MERCEDES;B 180;entrainement
M10MCDVPGE1P005;MERCEDES;B 180;entrainement
M10MCDVPGE1R006;MERCEDES;B 180;entrainement
M10MCDVPGE1R007;MERCEDES;B 180;entrainement
M10MCDVPGE1S008;MERCEDES;B 180;entrainement
M10MCDVPGE1T009;MERCEDES;B 180;entrainement
M10MCDVPGE1U010;MERCEDES;B 180;entrainement
M10MCDVPGE1V011;MERCEDES;B 180;entrainement
M10MCDVPGE1W012;MERCEDES;B 180;entrainement
M10MCDVPGE1X013;MERCEDES;B 180;entrainement
M10MCDVPGE1Y014;MERCEDES;B 180;entrainement
M10MCDVPGE1Z015;MERCEDES;B 180;entrainement
M10MCDVPLA00210;MERCEDES;B 180;entrainement
M10MCDVPLA01211;MERCEDES;B 180;entrainement
M10MCDVPLA02212;MERCEDES;B 180;entrainement
M10MCDVPLA03213;MERCEDES;B 180;entrainement
M10MCDVPLA04214;MERCEDES;B 180;entrainement
M10MCDVPLA05215;MERCEDES;B 180;entrainement
M10MCDVPLA06216;MERCEDES;B 180;entrainement
M10MCDVPLA07192;MERCEDES;B 180;entrainement
M10MCDVPLA07217;MERCEDES;B 180;entrainement
M10MCDVPLA08193;MERCEDES;B 180;entrainement
M10MCDVPLA0K194;MERCEDES;B 180;entrainement
M10MCDVPLA0L195;MERCEDES;B 180;entrainement
M10MCDVPLA0M196;MERCEDES;B 180;entrainement
M10MCDVPLA0N197;MERCEDES;B 180;entrainement
M10MCDVPLA0P198;MERCEDES;B 180;entrainement
M10MCDVPLA0P199;MERCEDES;B 180;entrainement
M10MCDVPLA0R200;MERCEDES;B 180;entrainement
M10MCDVPLA0R201;MERCEDES;B 180;entrainement
M10MCDVPLA0S202;MERCEDES;B 180;entrainement
M10MCDVPLA0T203;MERCEDES;B 180;entrainement
M10MCDVPLA0U204;MERCEDES;B 180;entrainement
M10MCDVPLA0V205;MERCEDES;B 180;entrainement
M10MCDVPLA0W206;MERCEDES;B 180;entrainement
M10MCDVPLA0X207;MERCEDES;B 180;entrainement
M10MCDVPLA0Y208;MERCEDES;B 180;entrainement
M10MCDVPLA0Z209;MERCEDES;B 180;entrainement
M10MCDVPPT03614;MERCEDES;B 180;entrainement
M10MCDVPPT04615;MERCEDES;B 180;entrainement
M10MCDVPPT05616;MERCEDES;B 180;entrainement
M10MCDVPPT06617;MERCEDES;B 180;entrainement
M10MCDVPPT07582;MERCEDES;B 180;entrainement
M10MCDVPPT07618;MERCEDES;B 180;entrainement
M10MCDVPPT08583;MERCEDES;B 180;entrainement
M10MCDVPPT08619;MERCEDES;B 180;entrainement
M10MCDVPPT09584;MERCEDES;B 180;entrainement
M10MCDVPPT09620;MERCEDES;B 180;entrainement
M10MCDVPPT0A585;MERCEDES;B 180;entrainement
M10MCDVPPT0A621;MERCEDES;B 180;entrainement
M10MCDVPPT0B586;MERCEDES;B 180;entrainement
M10MCDVPPT0B622;MERCEDES;B 180;entrainement
M10MCDVPPT0C587;MERCEDES;B 180;entrainement
M10MCDVPPT0C623;MERCEDES;B 180;entrainement
M10MCDVPPT0D588;MERCEDES;B 180;entrainement
M10MCDVPPT0D624;MERCEDES;B 180;entrainement
M10MCDVPPT0E589;MERCEDES;B 180;entrainement
M10MCDVPPT0E625;MERCEDES;B 180;entrainement
M10MCDVPPT0F626;MERCEDES;B 180;entrainement
M10MCDVPPT0G627;MERCEDES;B 180;entrainement
M10MCDVPPT0H628;MERCEDES;B 180;entrainement
M10MCDVPPT0J629;MERCEDES;B 180;entrainement
M10MCDVPPT0J630;MERCEDES;B 180;entrainement
M10MCDVPPT0K631;MERCEDES;B 180;entrainement
M10MCDVPPT0L632;MERCEDES;B 180;entrainement
M10MCDVPPT0M633;MERCEDES;B 180;entrainement
M10MCDVPPT0N634;MERCEDES;B 180;entrainement
M10MCDVPPT0P635;MERCEDES;B 180;entrainement
M10MCDVPPT0P636;MERCEDES;B 180;entrainement
M10MCDVPPT0R637;MERCEDES;B 180;entrainement
M10MCDVPPT0S578;MERCEDES;B 180;entrainement
M10MCDVPPT0T579;MERCEDES;B 180;entrainement
M10MCDVPPT0U580;MERCEDES;B 180;entrainement
M10MCDVPPT0V581;MERCEDES;B 180;entrainement
M10MCDVPGE0M973;MERCEDES;B 200;entrainement
M10MCDVPGE0N974;MERCEDES;B 200;entrainement
M10MCDVPGE0P975;MERCEDES;B 200;entrainement
M10MCDVPGE0P976;MERCEDES;B 200;entrainement
M10MCDVPGE0R977;MERCEDES;B 200;entrainement
M10MCDVPGE0R978;MERCEDES;B 200;entrainement
M10MCDVPGE0S979;MERCEDES;B 200;entrainement
M10MCDVPGE0T980;MERCEDES;B 200;entrainement
M10MCDVPGE0U981;MERCEDES;B 200;entrainement
M10MCDVPGE0V982;MERCEDES;B 200;entrainement
M10MCDVPGE0W983;MERCEDES;B 200;entrainement
M10MCDVPGE0X984;MERCEDES;B 200;entrainement
M10MCDVPLA09316;MERCEDES;B 200;entrainement
M10MCDVPLA0A317;MERCEDES;B 200;entrainement
M10MCDVPLA0B318;MERCEDES;B 200;entrainement
M10MCDVPLA0C319;MERCEDES;B 200;entrainement
M10MCDVPLA0D320;MERCEDES;B 200;entrainement
M10MCDVPLA0E321;MERCEDES;B 200;entrainement
M10MCDVPLA0F322;MERCEDES;B 200;entrainement
M10MCDVPLA0G323;MERCEDES;B 200;entrainement
M10MCDVPLA0H324;MERCEDES;B 200;entrainement
M10MCDVPLA0J325;MERCEDES;B 200;entrainement
M10MCDVPLA0J326;MERCEDES;B 200;entrainement
M10MCDVPLA0K327;MERCEDES;B 200;entrainement
M10MCDVPLA0L328;MERCEDES;B 200;entrainement
M10MCDVPLA0M329;MERCEDES;B 200;entrainement
M10MCDVPLA0N330;MERCEDES;B 200;entrainement
M10MCDVPLA0P331;MERCEDES;B 200;entrainement
M10MCDVPPT00708;MERCEDES;B 200;entrainement
M10MCDVPPT01709;MERCEDES;B 200;entrainement
M10MCDVPPT02710;MERCEDES;B 200;entrainement
M10MCDVPPT03711;MERCEDES;B 200;entrainement
M10MCDVPPT04712;MERCEDES;B 200;entrainement
M10MCDVPPT05713;MERCEDES;B 200;entrainement
M10MCDVPPT06714;MERCEDES;B 200;entrainement
M10MCDVPPT07715;MERCEDES;B 200;entrainement
M10MCDVPPT0W704;MERCEDES;B 200;entrainement
M10MCDVPPT0X705;MERCEDES;B 200;entrainement
M10MCDVPPT0Y706;MERCEDES;B 200;entrainement
M10MCDVPPT0Z707;MERCEDES;B 200;entrainement
M10MCDVPKP6X999;MERCEDES;B 220;entrainement
M10MCDVPKP75000;MERCEDES;B 220;entrainement
M10MCDVPKP76001;MERCEDES;B 220;entrainement
M10MCDVPKP77002;MERCEDES;B 220;entrainement
M10MCDVPKP78003;MERCEDES;B 220;entrainement
M10MCDVPKP79004;MERCEDES;B 220;entrainement
M10MCDVPKP7A005;MERCEDES;B 220;entrainement
M10MCDVPKP7B006;MERCEDES;B 220;entrainement
M10MCDVPKP7C007;MERCEDES;B 220;entrainement
M10MCDVPKP7D008;MERCEDES;B 220;entrainement
M10MCDVPLA00343;MERCEDES;B 220;entrainement
M10MCDVPLA01344;MERCEDES;B 220;entrainement
M10MCDVPLA02345;MERCEDES;B 220;entrainement
M10MCDVPLA0P332;MERCEDES;B 220;entrainement
M10MCDVPLA0R333;MERCEDES;B 220;entrainement
M10MCDVPLA0R334;MERCEDES;B 220;entrainement
M10MCDVPLA0S335;MERCEDES;B 220;entrainement
M10MCDVPLA0T336;MERCEDES;B 220;entrainement
M10MCDVPLA0U337;MERCEDES;B 220;entrainement
M10MCDVPLA0V338;MERCEDES;B 220;entrainement
M10MCDVPLA0W339;MERCEDES;B 220;entrainement
M10MCDVPLA0X340;MERCEDES;B 220;entrainement
M10MCDVPLA0Y341;MERCEDES;B 220;entrainement
M10MCDVPLA0Z342;MERCEDES;B 220;entrainement
M10MCDVPPT08716;MERCEDES;B 220;entrainement
M10MCDVPPT09717;MERCEDES;B 220;entrainement
M10MCDVPPT0A718;MERCEDES;B 220;entrainement
M10MCDVPPT0B719;MERCEDES;B 220;entrainement
M10MCDVPPT0C720;MERCEDES;B 220;entrainement
M10MCDVPPT0D721;MERCEDES;B 220;entrainement
M10MCDVPPT0E722;MERCEDES;B 220;entrainement
M10MCDVPPT0F723;MERCEDES;B 220;entrainement
M10MCDVPPT0G724;MERCEDES;B 220;entrainement
M10MCDVPPT0H725;MERCEDES;B 220;entrainement
M10MCDVPPU00222;MERCEDES;C 350;entrainement
M10MCDVPPU01223;MERCEDES;C 350;entrainement
M10MCDVPPU02224;MERCEDES;C 350;entrainement
M10MCDVPPU03225;MERCEDES;C 350;entrainement
M10MCDVPPU04226;MERCEDES;C 350;entrainement
M10MCDVPPU05227;MERCEDES;C 350;entrainement
M10MCDVPPU06228;MERCEDES;C 350;entrainement
M10MCDVPPU07229;MERCEDES;C 350;entrainement
M10MCDVPPU08230;MERCEDES;C 350;entrainement
M10MCDVPPU09231;MERCEDES;C 350;entrainement
M10MCDVPPU0A232;MERCEDES;C 350;entrainement
M10MCDVPPU0B233;MERCEDES;C 350;entrainement
M10MCDVPPU0Y220;MERCEDES;C 350;entrainement
M10MCDVPPU0Z221;MERCEDES;C 350;entrainement
M10MCDVPPW8L136;MERCEDES;C 350;entrainement
M10MCDVPPW8M137;MERCEDES;C 350;entrainement
M10MCDVPPW8N138;MERCEDES;C 350;entrainement
M10MCDVPPW8P139;MERCEDES;C 350;entrainement
M10MCDVPPW8P140;MERCEDES;C 350;entrainement
M10MCDVPPW8R141;MERCEDES;C 350;entrainement
M10MCDVPPW8R142;MERCEDES;C 350;entrainement
M10MCDVPPW8S143;MERCEDES;C 350;entrainement
M10MCDVPPW8T144;MERCEDES;C 350;entrainement
M10MCDVPPW8U145;MERCEDES;C 350;entrainement
M10MCDVPGY40938;MERCEDES;C 180;test
M10MCDVPGY41939;MERCEDES;C 180;test
M10MCDVPGY42940;MERCEDES;C 180;test
M10MCDVPGY43941;MERCEDES;C 180;test
M10MCDVPGY44942;MERCEDES;C 180;test
M10MCDVPGY45943;MERCEDES;C 180;test
M10MCDVPGY46944;MERCEDES;C 180;test
M10MCDVPGY47945;MERCEDES;C 180;test
M10MCDVPGY47970;MERCEDES;C 180;test
M10MCDVPGY48946;MERCEDES;C 180;test
M10MCDVPGY48971;MERCEDES;C 180;test
M10MCDVPGY49947;MERCEDES;C 180;test
M10MCDVPGY49972;MERCEDES;C 180;test
M10MCDVPGY4A948;MERCEDES;C 180;test
M10MCDVPGY4A973;MERCEDES;C 180;test
M10MCDVPGY4B949;MERCEDES;C 180;test
M10MCDVPGY4B974;MERCEDES;C 180;test
M10MCDVPGY4C950;MERCEDES;C 180;test
M10MCDVPGY4C975;MERCEDES;C 180;test
M10MCDVPGY4D951;MERCEDES;C 180;test
M10MCDVPGY4D976;MERCEDES;C 180;test
M10MCDVPGY4E952;MERCEDES;C 180;test
M10MCDVPGY4E977;MERCEDES;C 180;test
M10MCDVPGY4F953;MERCEDES;C 180;test
M10MCDVPGY4F978;MERCEDES;C 180;test
M10MCDVPGY4G954;MERCEDES;C 180;test
M10MCDVPGY4G979;MERCEDES;C 180;test
M10MCDVPGY4H955;MERCEDES;C 180;test
M10MCDVPGY4H980;MERCEDES;C 180;test
M10MCDVPGY4J921;MERCEDES;C 180;test
M10MCDVPGY4J956;MERCEDES;C 180;test
M10MCDVPGY4J957;MERCEDES;C 180;test
M10MCDVPGY4J981;MERCEDES;C 180;test
M10MCDVPGY4J982;MERCEDES;C 180;test
M10MCDVPGY4K922;MERCEDES;C 180;test
M10MCDVPGY4K958;MERCEDES;C 180;test
M10MCDVPGY4K983;MERCEDES;C 180;test
M10MCDVPGY4L923;MERCEDES;C 180;test
M10MCDVPGY4L959;MERCEDES;C 180;test
M10MCDVPGY4L984;MERCEDES;C 180;test
M10MCDVPGY4M924;MERCEDES;C 180;test
M10MCDVPGY4M960;MERCEDES;C 180;test
M10MCDVPGY4M985;MERCEDES;C 180;test
M10MCDVPGY4N925;MERCEDES;C 180;test
M10MCDVPGY4N961;MERCEDES;C 180;test
M10MCDVPGY4N986;MERCEDES;C 180;test
M10MCDVPGY4P926;MERCEDES;C 180;test
M10MCDVPGY4P927;MERCEDES;C 180;test
M10MCDVPGY4P962;MERCEDES;C 180;test
M10MCDVPGY4P963;MERCEDES;C 180;test
M10MCDVPGY4P987;MERCEDES;C 180;test
M10MCDVPGY4P988;MERCEDES;C 180;test
M10MCDVPGY4R928;MERCEDES;C 180;test
M10MCDVPGY4R929;MERCEDES;C 180;test
M10MCDVPGY4R964;MERCEDES;C 180;test
M10MCDVPGY4R965;MERCEDES;C 180;test
M10MCDVPGY4R989;MERCEDES;C 180;test
M10MCDVPGY4R990;MERCEDES;C 180;test
M10MCDVPGY4S930;MERCEDES;C 180;test
M10MCDVPGY4S966;MERCEDES;C 180;test
M10MCDVPGY4S991;MERCEDES;C 180;test
M10MCDVPGY4T931;MERCEDES;C 180;test
M10MCDVPGY4T967;MERCEDES;C 180;test
M10MCDVPGY4T992;MERCEDES;C 180;test
M10MCDVPGY4U932;MERCEDES;C 180;test
M10MCDVPGY4U968;MERCEDES;C 180;test
M10MCDVPGY4U993;MERCEDES;C 180;test
M10MCDVPGY4V933;MERCEDES;C 180;test
M10MCDVPGY4V969;MERCEDES;C 180;test
M10MCDVPGY4V994;MERCEDES;C 180;test
M10MCDVPGY4W934;MERCEDES;C 180;test
M10MCDVPGY4W995;MERCEDES;C 180;test
M10MCDVPGY4X935;MERCEDES;C 180;test
M10MCDVPGY4X996;MERCEDES;C 180;test
M10MCDVPGY4Y936;MERCEDES;C 180;test
M10MCDVPGY4Z937;MERCEDES;C 180;test
M10MCDVPHA3H458;MERCEDES;C 180;test
M10MCDVPHA3K461;MERCEDES;C 180;test
M10MCDVPHA3P465;MERCEDES;C 180;test
M10MCDVPHA3P466;MERCEDES;C 180;test
M10MCDVPHA3R467;MERCEDES;C 180;test
M10MCDVPHA3R468;MERCEDES;C 180;test
M10MCDVPHA3S469;MERCEDES;C 180;test
M10MCDVPKL30524;MERCEDES;C 180;test
M10MCDVPKL30560;MERCEDES;C 180;test
M10MCDVPKL30585;MERCEDES;C 180;test
M10MCDVPKL31525;MERCEDES;C 180;test
M10MCDVPKL31561;MERCEDES;C 180;test
M10MCDVPKL31586;MERCEDES;C 180;test
M10MCDVPKL32526;MERCEDES;C 180;test
M10MCDVPKL32562;MERCEDES;C 180;test
M10MCDVPKL32587;MERCEDES;C 180;test
M10MCDVPKL33527;MERCEDES;C 180;test
M10MCDVPKL33563;MERCEDES;C 180;test
M10MCDVPKL33588;MERCEDES;C 180;test
M10MCDVPKL34528;MERCEDES;C 180;test
M10MCDVPKL34564;MERCEDES;C 180;test
M10MCDVPKL34589;MERCEDES;C 180;test
M10MCDVPKL35529;MERCEDES;C 180;test
M10MCDVPKL35565;MERCEDES;C 180;test
M10MCDVPKL35590;MERCEDES;C 180;test
M10MCDVPKL36530;MERCEDES;C 180;test
M10MCDVPKL36566;MERCEDES;C 180;test
M10MCDVPKL36591;MERCEDES;C 180;test
M10MCDVPKL37531;MERCEDES;C 180;test
M10MCDVPKL37567;MERCEDES;C 180;test
M10MCDVPKL37592;MERCEDES;C 180;test
M10MCDVPKL38532;MERCEDES;C 180;test
M10MCDVPKL38568;MERCEDES;C 180;test
M10MCDVPKL39533;MERCEDES;C 180;test
M10MCDVPKL39569;MERCEDES;C 180;test
M10MCDVPKL3A534;MERCEDES;C 180;test
M10MCDVPKL3A570;MERCEDES;C 180;test
M10MCDVPKL3B535;MERCEDES;C 180;test
M10MCDVPKL3B571;MERCEDES;C 180;test
M10MCDVPKL3C536;MERCEDES;C 180;test
M10MCDVPKL3C572;MERCEDES;C 180;test
M10MCDVPKL3D537;MERCEDES;C 180;test
M10MCDVPKL3D573;MERCEDES;C 180;test
M10MCDVPKL3E538;MERCEDES;C 180;test
M10MCDVPKL3E574;MERCEDES;C 180;test
M10MCDVPKL3F539;MERCEDES;C 180;test
M10MCDVPKL3F575;MERCEDES;C 180;test
M10MCDVPKL3G540;MERCEDES;C 180;test
M10MCDVPKL3G576;MERCEDES;C 180;test
M10MCDVPKL3H505;MERCEDES;C 180;test
M10MCDVPKL3H541;MERCEDES;C 180;test
M10MCDVPKL3H577;MERCEDES;C 180;test
M10MCDVPKL3J506;MERCEDES;C 180;test
M10MCDVPKL3J507;MERCEDES;C 180;test
M10MCDVPKL3J542;MERCEDES;C 180;test
M10MCDVPKL3J543;MERCEDES;C 180;test
M10MCDVPKL3J578;MERCEDES;C 180;test
M10MCDVPKL3J579;MERCEDES;C 180;test
M10MCDVPKL3K508;MERCEDES;C 180;test
M10MCDVPKL3K544;MERCEDES;C 180;test
M10MCDVPKL3K580;MERCEDES;C 180;test
M10MCDVPKL3L509;MERCEDES;C 180;test
M10MCDVPKL3L545;MERCEDES;C 180;test
M10MCDVPKL3L581;MERCEDES;C 180;test
M10MCDVPKL3M510;MERCEDES;C 180;test
M10MCDVPKL3M546;MERCEDES;C 180;test
M10MCDVPKL3N511;MERCEDES;C 180;test
M10MCDVPKL3N547;MERCEDES;C 180;test
M10MCDVPKL3P512;MERCEDES;C 180;test
M10MCDVPKL3P513;MERCEDES;C 180;test
M10MCDVPKL3P548;MERCEDES;C 180;test
M10MCDVPKL3P549;MERCEDES;C 180;test
M10MCDVPKL3R514;MERCEDES;C 180;test
M10MCDVPKL3R515;MERCEDES;C 180;test
M10MCDVPKL3R550;MERCEDES;C 180;test
M10MCDVPKL3R551;MERCEDES;C 180;test
M10MCDVPKL3S516;MERCEDES;C 180;test
M10MCDVPKL3S552;MERCEDES;C 180;test
M10MCDVPKL3T517;MERCEDES;C 180;test
M10MCDVPKL3T553;MERCEDES;C 180;test
M10MCDVPKL3U518;MERCEDES;C 180;test
M10MCDVPKL3U554;MERCEDES;C 180;test
M10MCDVPKL3V519;MERCEDES;C 180;test
M10MCDVPKL3V555;MERCEDES;C 180;test
M10MCDVPKL3W520;MERCEDES;C 180;test
M10MCDVPKL3W556;MERCEDES;C 180;test
M10MCDVPKL3X521;MERCEDES;C 180;test
M10MCDVPKL3X557;MERCEDES;C 180;test
M10MCDVPKL3X582;MERCEDES;C 180;test
M10MCDVPKL3Y522;MERCEDES;C 180;test
M10MCDVPKL3Y558;MERCEDES;C 180;test
M10MCDVPKL3Y583;MERCEDES;C 180;test
M10MCDVPKL3Z523;MERCEDES;C 180;test
M10MCDVPKL3Z559;MERCEDES;C 180;test
M10MCDVPKL3Z584;MERCEDES;C 180;test
M10MCDVPKP40846;MERCEDES;C 180;test
M10MCDVPKP40907;MERCEDES;C 180;test
M10MCDVPKP41847;MERCEDES;C 180;test
M10MCDVPKP41908;MERCEDES;C 180;test
M10MCDVPKP42848;MERCEDES;C 180;test
M10MCDVPKP42873;MERCEDES;C 180;test
M10MCDVPKP42909;MERCEDES;C 180;test
M10MCDVPKP43849;MERCEDES;C 180;test
M10MCDVPKP43874;MERCEDES;C 180;test
M10MCDVPKP43910;MERCEDES;C 180;test
M10MCDVPKP44850;MERCEDES;C 180;test
M10MCDVPKP44875;MERCEDES;C 180;test
M10MCDVPKP44911;MERCEDES;C 180;test
M10MCDVPKP45851;MERCEDES;C 180;test
M10MCDVPKP45876;MERCEDES;C 180;test
M10MCDVPKP45912;MERCEDES;C 180;test
M10MCDVPKP46852;MERCEDES;C 180;test
M10MCDVPKP46877;MERCEDES;C 180;test
M10MCDVPKP47853;MERCEDES;C 180;test
M10MCDVPKP47878;MERCEDES;C 180;test
M10MCDVPKP48854;MERCEDES;C 180;test
M10MCDVPKP48879;MERCEDES;C 180;test
M10MCDVPKP49855;MERCEDES;C 180;test
M10MCDVPKP49880;MERCEDES;C 180;test
M10MCDVPKP4A856;MERCEDES;C 180;test
M10MCDVPKP4A881;MERCEDES;C 180;test
M10MCDVPKP4B857;MERCEDES;C 180;test
M10MCDVPKP4B882;MERCEDES;C 180;test
M10MCDVPKP4C858;MERCEDES;C 180;test
M10MCDVPKP4C883;MERCEDES;C 180;test
M10MCDVPKP4D859;MERCEDES;C 180;test
M10MCDVPKP4D884;MERCEDES;C 180;test
M10MCDVPKP4E860;MERCEDES;C 180;test
M10MCDVPKP4E885;MERCEDES;C 180;test
M10MCDVPKP4F825;MERCEDES;C 180;test
M10MCDVPKP4F861;MERCEDES;C 180;test
M10MCDVPKP4F886;MERCEDES;C 180;test
M10MCDVPKP4G826;MERCEDES;C 180;test
M10MCDVPKP4G862;MERCEDES;C 180;test
M10MCDVPKP4G887;MERCEDES;C 180;test
M10MCDVPKP4H827;MERCEDES;C 180;test
M10MCDVPKP4H863;MERCEDES;C 180;test
M10MCDVPKP4H888;MERCEDES;C 180;test
M10MCDVPKP4J828;MERCEDES;C 180;test
M10MCDVPKP4J829;MERCEDES;C 180;test
M10MCDVPKP4J864;MERCEDES;C 180;test
M10MCDVPKP4J865;MERCEDES;C 180;test
M10MCDVPKP4J889;MERCEDES;C 180;test
M10MCDVPKP4J890;MERCEDES;C 180;test
M10MCDVPKP4K830;MERCEDES;C 180;test
M10MCDVPKP4K866;MERCEDES;C 180;test
M10MCDVPKP4K891;MERCEDES;C 180;test
M10MCDVPKP4L831;MERCEDES;C 180;test
M10MCDVPKP4L867;MERCEDES;C 180;test
M10MCDVPKP4L892;MERCEDES;C 180;test
M10MCDVPKP4M832;MERCEDES;C 180;test
M10MCDVPKP4M868;MERCEDES;C 180;test
M10MCDVPKP4M893;MERCEDES;C 180;test
M10MCDVPKP4N833;MERCEDES;C 180;test
M10MCDVPKP4N869;MERCEDES;C 180;test
M10MCDVPKP4N894;MERCEDES;C 180;test
M10MCDVPKP4P834;MERCEDES;C 180;test
M10MCDVPKP4P835;MERCEDES;C 180;test
M10MCDVPKP4P870;MERCEDES;C 180;test
M10MCDVPKP4P871;MERCEDES;C 180;test
M10MCDVPKP4P895;MERCEDES;C 180;test
M10MCDVPKP4P896;MERCEDES;C 180;test
M10MCDVPKP4R836;MERCEDES;C 180;test
M10MCDVPKP4R837;MERCEDES;C 180;test
M10MCDVPKP4R872;MERCEDES;C 180;test
M10MCDVPKP4R897;MERCEDES;C 180;test
M10MCDVPKP4R898;MERCEDES;C 180;test
M10MCDVPKP4S838;MERCEDES;C 180;test
M10MCDVPKP4S899;MERCEDES;C 180;test
M10MCDVPKP4T839;MERCEDES;C 180;test
M10MCDVPKP4T900;MERCEDES;C 180;test
M10MCDVPKP4U840;MERCEDES;C 180;test
M10MCDVPKP4U901;MERCEDES;C 180;test
M10MCDVPKP4V841;MERCEDES;C 180;test
M10MCDVPKP4V902;MERCEDES;C 180;test
M10MCDVPKP4W842;MERCEDES;C 180;test
M10MCDVPKP4W903;MERCEDES;C 180;test
M10MCDVPKP4X843;MERCEDES;C 180;test
M10MCDVPKP4X904;MERCEDES;C 180;test
M10MCDVPKP4Y844;MERCEDES;C 180;test
M10MCDVPKP4Y905;MERCEDES;C 180;test
M10MCDVPKP4Z845;MERCEDES;C 180;test
M10MCDVPKP4Z906;MERCEDES;C 180;test
M10MCDVPLX33550;MERCEDES;C 180;test
M10MCDVPLX34551;MERCEDES;C 180;test
M10MCDVPLX35552;MERCEDES;C 180;test
M10MCDVPLX36553;MERCEDES;C 180;test
M10MCDVPLX37554;MERCEDES;C 180;test
M10MCDVPLX38555;MERCEDES;C 180;test
M10MCDVPLX39556;MERCEDES;C 180;test
M10MCDVPLX3A557;MERCEDES;C 180;test
M10MCDVPLX3A582;MERCEDES;C 180;test
M10MCDVPLX3B558;MERCEDES;C 180;test
M10MCDVPLX3B583;MERCEDES;C 180;test
M10MCDVPLX3C559;MERCEDES;C 180;test
M10MCDVPLX3C584;MERCEDES;C 180;test
M10MCDVPLX3D560;MERCEDES;C 180;test
M10MCDVPLX3D585;MERCEDES;C 180;test
M10MCDVPLX3E561;MERCEDES;C 180;test
M10MCDVPLX3E586;MERCEDES;C 180;test
M10MCDVPLX3F562;MERCEDES;C 180;test
M10MCDVPLX3F587;MERCEDES;C 180;test
M10MCDVPLX3G563;MERCEDES;C 180;test
M10MCDVPLX3G588;MERCEDES;C 180;test
M10MCDVPLX3H564;MERCEDES;C 180;test
M10MCDVPLX3H589;MERCEDES;C 180;test
M10MCDVPLX3J565;MERCEDES;C 180;test
M10MCDVPLX3J566;MERCEDES;C 180;test
M10MCDVPLX3J590;MERCEDES;C 180;test
M10MCDVPLX3J591;MERCEDES;C 180;test
M10MCDVPLX3K567;MERCEDES;C 180;test
M10MCDVPLX3K592;MERCEDES;C 180;test
M10MCDVPLX3L568;MERCEDES;C 180;test
M10MCDVPLX3L593;MERCEDES;C 180;test
M10MCDVPLX3M569;MERCEDES;C 180;test
M10MCDVPLX3N570;MERCEDES;C 180;test
M10MCDVPLX3P571;MERCEDES;C 180;test
M10MCDVPLX3P572;MERCEDES;C 180;test
M10MCDVPLX3R573;MERCEDES;C 180;test
M10MCDVPLX3R574;MERCEDES;C 180;test
M10MCDVPLX3S575;MERCEDES;C 180;test
M10MCDVPLX3T576;MERCEDES;C 180;test
M10MCDVPLX3U577;MERCEDES;C 180;test
M10MCDVPLX3V578;MERCEDES;C 180;test
M10MCDVPLX3W579;MERCEDES;C 180;test
M10MCDVPLX3X580;MERCEDES;C 180;test
M10MCDVPLX3Y581;MERCEDES;C 180;test
M10MCDVPPT90832;MERCEDES;C 180;test
M10MCDVPPT90868;MERCEDES;C 180;test
M10MCDVPPT91833;MERCEDES;C 180;test
M10MCDVPPT91869;MERCEDES;C 180;test
M10MCDVPPT92834;MERCEDES;C 180;test
M10MCDVPPT92870;MERCEDES;C 180;test
M10MCDVPPT93835;MERCEDES;C 180;test
M10MCDVPPT93871;MERCEDES;C 180;test
M10MCDVPPT94836;MERCEDES;C 180;test
M10MCDVPPT94872;MERCEDES;C 180;test
M10MCDVPPT95837;MERCEDES;C 180;test
M10MCDVPPT96838;MERCEDES;C 180;test
M10MCDVPPT97839;MERCEDES;C 180;test
M10MCDVPPT98840;MERCEDES;C 180;test
M10MCDVPPT99841;MERCEDES;C 180;test
M10MCDVPPT9A842;MERCEDES;C 180;test
M10MCDVPPT9B843;MERCEDES;C 180;test
M10MCDVPPT9C844;MERCEDES;C 180;test
M10MCDVPPT9D845;MERCEDES;C 180;test
M10MCDVPPT9E846;MERCEDES;C 180;test
M10MCDVPPT9F847;MERCEDES;C 180;test
M10MCDVPPT9G848;MERCEDES;C 180;test
M10MCDVPPT9G873;MERCEDES;C 180;test
M10MCDVPPT9H849;MERCEDES;C 180;test
M10MCDVPPT9H874;MERCEDES;C 180;test
M10MCDVPPT9J850;MERCEDES;C 180;test
M10MCDVPPT9J851;MERCEDES;C 180;test
M10MCDVPPT9J875;MERCEDES;C 180;test
M10MCDVPPT9J876;MERCEDES;C 180;test
M10MCDVPPT9K852;MERCEDES;C 180;test
M10MCDVPPT9K877;MERCEDES;C 180;test
M10MCDVPPT9L853;MERCEDES;C 180;test
M10MCDVPPT9L878;MERCEDES;C 180;test
M10MCDVPPT9M854;MERCEDES;C 180;test
M10MCDVPPT9M879;MERCEDES;C 180;test
M10MCDVPPT9N855;MERCEDES;C 180;test
M10MCDVPPT9N880;MERCEDES;C 180;test
M10MCDVPPT9P820;MERCEDES;C 180;test
M10MCDVPPT9P821;MERCEDES;C 180;test
M10MCDVPPT9P856;MERCEDES;C 180;test
M10MCDVPPT9P857;MERCEDES;C 180;test
M10MCDVPPT9P881;MERCEDES;C 180;test
M10MCDVPPT9P882;MERCEDES;C 180;test
M10MCDVPPT9R822;MERCEDES;C 180;test
M10MCDVPPT9R823;MERCEDES;C 180;test
M10MCDVPPT9R858;MERCEDES;C 180;test
M10MCDVPPT9R859;MERCEDES;C 180;test
M10MCDVPPT9R883;MERCEDES;C 180;test
M10MCDVPPT9S824;MERCEDES;C 180;test
M10MCDVPPT9S860;MERCEDES;C 180;test
M10MCDVPPT9T825;MERCEDES;C 180;test
M10MCDVPPT9T861;MERCEDES;C 180;test
M10MCDVPPT9U826;MERCEDES;C 180;test
M10MCDVPPT9U862;MERCEDES;C 180;test
M10MCDVPPT9V827;MERCEDES;C 180;test
M10MCDVPPT9V863;MERCEDES;C 180;test
M10MCDVPPT9W828;MERCEDES;C 180;test
M10MCDVPPT9W864;MERCEDES;C 180;test
M10MCDVPPT9X829;MERCEDES;C 180;test
M10MCDVPPT9X865;MERCEDES;C 180;test
M10MCDVPPT9Y830;MERCEDES;C 180;test
M10MCDVPPT9Y866;MERCEDES;C 180;test
M10MCDVPPT9Z831;MERCEDES;C 180;test
M10MCDVPPT9Z867;MERCEDES;C 180;test
M10MCDVPPW70734;MERCEDES;C 180;test
M10MCDVPPW70770;MERCEDES;C 180;test
M10MCDVPPW71735;MERCEDES;C 180;test
M10MCDVPPW71771;MERCEDES;C 180;test
M10MCDVPPW72736;MERCEDES;C 180;test
M10MCDVPPW72772;MERCEDES;C 180;test
M10MCDVPPW73737;MERCEDES;C 180;test
M10MCDVPPW73773;MERCEDES;C 180;test
M10MCDVPPW74738;MERCEDES;C 180;test
M10MCDVPPW74774;MERCEDES;C 180;test
M10MCDVPPW75739;MERCEDES;C 180;test
M10MCDVPPW75775;MERCEDES;C 180;test
M10MCDVPPW76740;MERCEDES;C 180;test
M10MCDVPPW77741;MERCEDES;C 180;test
M10MCDVPPW78742;MERCEDES;C 180;test
M10MCDVPPW79743;MERCEDES;C 180;test
M10MCDVPPW7A744;MERCEDES;C 180;test
M10MCDVPPW7B745;MERCEDES;C 180;test
M10MCDVPPW7C746;MERCEDES;C 180;test
M10MCDVPPW7D747;MERCEDES;C 180;test
M10MCDVPPW7E748;MERCEDES;C 180;test
M10MCDVPPW7F749;MERCEDES;C 180;test
M10MCDVPPW7G750;MERCEDES;C 180;test
M10MCDVPPW7H751;MERCEDES;C 180;test
M10MCDVPPW7H776;MERCEDES;C 180;test
M10MCDVPPW7J752;MERCEDES;C 180;test
M10MCDVPPW7J753;MERCEDES;C 180;test
M10MCDVPPW7J777;MERCEDES;C 180;test
M10MCDVPPW7J778;MERCEDES;C 180;test
M10MCDVPPW7K754;MERCEDES;C 180;test
M10MCDVPPW7K779;MERCEDES;C 180;test
M10MCDVPPW7L755;MERCEDES;C 180;test
M10MCDVPPW7L780;MERCEDES;C 180;test
M10MCDVPPW7M720;MERCEDES;C 180;test
M10MCDVPPW7M756;MERCEDES;C 180;test
M10MCDVPPW7M781;MERCEDES;C 180;test
M10MCDVPPW7N721;MERCEDES;C 180;test
M10MCDVPPW7N757;MERCEDES;C 180;test
M10MCDVPPW7N782;MERCEDES;C 180;test
M10MCDVPPW7P722;MERCEDES;C 180;test
M10MCDVPPW7P723;MERCEDES;C 180;test
M10MCDVPPW7P758;MERCEDES;C 180;test
M10MCDVPPW7P759;MERCEDES;C 180;test
M10MCDVPPW7P783;MERCEDES;C 180;test
M10MCDVPPW7R724;MERCEDES;C 180;test
M10MCDVPPW7R725;MERCEDES;C 180;test
M10MCDVPPW7R760;MERCEDES;C 180;test
M10MCDVPPW7R761;MERCEDES;C 180;test
M10MCDVPPW7S726;MERCEDES;C 180;test
M10MCDVPPW7S762;MERCEDES;C 180;test
M10MCDVPPW7T727;MERCEDES;C 180;test
M10MCDVPPW7T763;MERCEDES;C 180;test
M10MCDVPPW7U728;MERCEDES;C 180;test
M10MCDVPPW7U764;MERCEDES;C 180;test
M10MCDVPPW7V729;MERCEDES;C 180;test
M10MCDVPPW7V765;MERCEDES;C 180;test
M10MCDVPPW7W730;MERCEDES;C 180;test
M10MCDVPPW7W766;MERCEDES;C 180;test
M10MCDVPPW7X731;MERCEDES;C 180;test
M10MCDVPPW7X767;MERCEDES;C 180;test
M10MCDVPPW7Y732;MERCEDES;C 180;test
M10MCDVPPW7Y768;MERCEDES;C 180;test
M10MCDVPPW7Z733;MERCEDES;C 180;test
M10MCDVPPW7Z769;MERCEDES;C 180;test
M10MCDVPGY40999;MERCEDES;C 200;entrainement
M10MCDVPGY4Y997;MERCEDES;C 200;entrainement
M10MCDVPGY4Z998;MERCEDES;C 200;entrainement
M10MCDVPGY50028;MERCEDES;C 200;entrainement
M10MCDVPGY50064;MERCEDES;C 200;entrainement
M10MCDVPGY51029;MERCEDES;C 200;entrainement
M10MCDVPGY51065;MERCEDES;C 200;entrainement
M10MCDVPGY52030;MERCEDES;C 200;entrainement
M10MCDVPGY52066;MERCEDES;C 200;entrainement
M10MCDVPGY53031;MERCEDES;C 200;entrainement
M10MCDVPGY53067;MERCEDES;C 200;entrainement
M10MCDVPGY54032;MERCEDES;C 200;entrainement
M10MCDVPGY54068;MERCEDES;C 200;entrainement
M10MCDVPGY55033;MERCEDES;C 200;entrainement
M10MCDVPGY55069;MERCEDES;C 200;entrainement
M10MCDVPGY56034;MERCEDES;C 200;entrainement
M10MCDVPGY56070;MERCEDES;C 200;entrainement
M10MCDVPGY57035;MERCEDES;C 200;entrainement
M10MCDVPGY57071;MERCEDES;C 200;entrainement
M10MCDVPGY58000;MERCEDES;C 200;entrainement
M10MCDVPGY58036;MERCEDES;C 200;entrainement
M10MCDVPGY58072;MERCEDES;C 200;entrainement
M10MCDVPGY59001;MERCEDES;C 200;entrainement
M10MCDVPGY59037;MERCEDES;C 200;entrainement
M10MCDVPGY5A002;MERCEDES;C 200;entrainement
M10MCDVPGY5A038;MERCEDES;C 200;entrainement
M10MCDVPGY5B003;MERCEDES;C 200;entrainement
M10MCDVPGY5B039;MERCEDES;C 200;entrainement
M10MCDVPGY5C004;MERCEDES;C 200;entrainement
M10MCDVPGY5C040;MERCEDES;C 200;entrainement
M10MCDVPGY5D005;MERCEDES;C 200;entrainement
M10MCDVPGY5D041;MERCEDES;C 200;entrainement
M10MCDVPGY5E006;MERCEDES;C 200;entrainement
M10MCDVPGY5E042;MERCEDES;C 200;entrainement
M10MCDVPGY5F007;MERCEDES;C 200;entrainement
M10MCDVPGY5F043;MERCEDES;C 200;entrainement
M10MCDVPGY5G008;MERCEDES;C 200;entrainement
M10MCDVPGY5G044;MERCEDES;C 200;entrainement
M10MCDVPGY5H009;MERCEDES;C 200;entrainement
M10MCDVPGY5H045;MERCEDES;C 200;entrainement
M10MCDVPGY5J010;MERCEDES;C 200;entrainement
M10MCDVPGY5J011;MERCEDES;C 200;entrainement
M10MCDVPGY5J046;MERCEDES;C 200;entrainement
M10MCDVPGY5J047;MERCEDES;C 200;entrainement
M10MCDVPGY5K012;MERCEDES;C 200;entrainement
M10MCDVPGY5K048;MERCEDES;C 200;entrainement
M10MCDVPGY5L013;MERCEDES;C 200;entrainement
M10MCDVPGY5L049;MERCEDES;C 200;entrainement
M10MCDVPGY5M014;MERCEDES;C 200;entrainement
M10MCDVPGY5M050;MERCEDES;C 200;entrainement
M10MCDVPGY5N015;MERCEDES;C 200;entrainement
M10MCDVPGY5N051;MERCEDES;C 200;entrainement
M10MCDVPGY5P016;MERCEDES;C 200;entrainement
M10MCDVPGY5P017;MERCEDES;C 200;entrainement
M10MCDVPGY5P052;MERCEDES;C 200;entrainement
M10MCDVPGY5P053;MERCEDES;C 200;entrainement
M10MCDVPGY5R018;MERCEDES;C 200;entrainement
M10MCDVPGY5R019;MERCEDES;C 200;entrainement
M10MCDVPGY5R054;MERCEDES;C 200;entrainement
M10MCDVPGY5R055;MERCEDES;C 200;entrainement
M10MCDVPGY5S020;MERCEDES;C 200;entrainement
M10MCDVPGY5S056;MERCEDES;C 200;entrainement
M10MCDVPGY5T021;MERCEDES;C 200;entrainement
M10MCDVPGY5T057;MERCEDES;C 200;entrainement
M10MCDVPGY5U022;MERCEDES;C 200;entrainement
M10MCDVPGY5U058;MERCEDES;C 200;entrainement
M10MCDVPGY5V023;MERCEDES;C 200;entrainement
M10MCDVPGY5V059;MERCEDES;C 200;entrainement
M10MCDVPGY5W024;MERCEDES;C 200;entrainement
M10MCDVPGY5W060;MERCEDES;C 200;entrainement
M10MCDVPGY5X025;MERCEDES;C 200;entrainement
M10MCDVPGY5X061;MERCEDES;C 200;entrainement
M10MCDVPGY5Y026;MERCEDES;C 200;entrainement
M10MCDVPGY5Y062;MERCEDES;C 200;entrainement
M10MCDVPGY5Z027;MERCEDES;C 200;entrainement
M10MCDVPGY5Z063;MERCEDES;C 200;entrainement
M10MCDVPHA30477;MERCEDES;C 200;entrainement
M10MCDVPHA31478;MERCEDES;C 200;entrainement
M10MCDVPHA32479;MERCEDES;C 200;entrainement
M10MCDVPHA33480;MERCEDES;C 200;entrainement
M10MCDVPHA34481;MERCEDES;C 200;entrainement
M10MCDVPHA3T470;MERCEDES;C 200;entrainement
M10MCDVPHA3U471;MERCEDES;C 200;entrainement
M10MCDVPHA3V472;MERCEDES;C 200;entrainement
M10MCDVPHA3W473;MERCEDES;C 200;entrainement
M10MCDVPHA3X474;MERCEDES;C 200;entrainement
M10MCDVPHA3Y475;MERCEDES;C 200;entrainement
M10MCDVPHA3Z476;MERCEDES;C 200;entrainement
M10MCDVPKL30754;MERCEDES;C 200;entrainement
M10MCDVPKL30779;MERCEDES;C 200;entrainement
M10MCDVPKL31755;MERCEDES;C 200;entrainement
M10MCDVPKL31780;MERCEDES;C 200;entrainement
M10MCDVPKL32756;MERCEDES;C 200;entrainement
M10MCDVPKL32781;MERCEDES;C 200;entrainement
M10MCDVPKL33757;MERCEDES;C 200;entrainement
M10MCDVPKL33782;MERCEDES;C 200;entrainement
M10MCDVPKL34758;MERCEDES;C 200;entrainement
M10MCDVPKL34783;MERCEDES;C 200;entrainement
M10MCDVPKL35759;MERCEDES;C 200;entrainement
M10MCDVPKL35784;MERCEDES;C 200;entrainement
M10MCDVPKL36760;MERCEDES;C 200;entrainement
M10MCDVPKL36785;MERCEDES;C 200;entrainement
M10MCDVPKL37725;MERCEDES;C 200;entrainement
M10MCDVPKL37761;MERCEDES;C 200;entrainement
M10MCDVPKL37786;MERCEDES;C 200;entrainement
M10MCDVPKL38726;MERCEDES;C 200;entrainement
M10MCDVPKL38762;MERCEDES;C 200;entrainement
M10MCDVPKL38787;MERCEDES;C 200;entrainement
M10MCDVPKL39727;MERCEDES;C 200;entrainement
M10MCDVPKL39763;MERCEDES;C 200;entrainement
M10MCDVPKL39788;MERCEDES;C 200;entrainement
M10MCDVPKL3A728;MERCEDES;C 200;entrainement
M10MCDVPKL3A764;MERCEDES;C 200;entrainement
M10MCDVPKL3A789;MERCEDES;C 200;entrainement
M10MCDVPKL3B729;MERCEDES;C 200;entrainement
M10MCDVPKL3B765;MERCEDES;C 200;entrainement
M10MCDVPKL3B790;MERCEDES;C 200;entrainement
M10MCDVPKL3C730;MERCEDES;C 200;entrainement
M10MCDVPKL3C766;MERCEDES;C 200;entrainement
M10MCDVPKL3C791;MERCEDES;C 200;entrainement
M10MCDVPKL3D731;MERCEDES;C 200;entrainement
M10MCDVPKL3D767;MERCEDES;C 200;entrainement
M10MCDVPKL3D792;MERCEDES;C 200;entrainement
M10MCDVPKL3E732;MERCEDES;C 200;entrainement
M10MCDVPKL3E768;MERCEDES;C 200;entrainement
M10MCDVPKL3E793;MERCEDES;C 200;entrainement
M10MCDVPKL3F733;MERCEDES;C 200;entrainement
M10MCDVPKL3F769;MERCEDES;C 200;entrainement
M10MCDVPKL3F794;MERCEDES;C 200;entrainement
M10MCDVPKL3G734;MERCEDES;C 200;entrainement
M10MCDVPKL3G770;MERCEDES;C 200;entrainement
M10MCDVPKL3G795;MERCEDES;C 200;entrainement
M10MCDVPKL3H735;MERCEDES;C 200;entrainement
M10MCDVPKL3H771;MERCEDES;C 200;entrainement
M10MCDVPKL3H796;MERCEDES;C 200;entrainement
M10MCDVPKL3J736;MERCEDES;C 200;entrainement
M10MCDVPKL3J737;MERCEDES;C 200;entrainement
M10MCDVPKL3J772;MERCEDES;C 200;entrainement
M10MCDVPKL3J773;MERCEDES;C 200;entrainement
M10MCDVPKL3J797;MERCEDES;C 200;entrainement
M10MCDVPKL3J798;MERCEDES;C 200;entrainement
M10MCDVPKL3K738;MERCEDES;C 200;entrainement
M10MCDVPKL3K774;MERCEDES;C 200;entrainement
M10MCDVPKL3K799;MERCEDES;C 200;entrainement
M10MCDVPKL3L739;MERCEDES;C 200;entrainement
M10MCDVPKL3L775;MERCEDES;C 200;entrainement
M10MCDVPKL3L800;MERCEDES;C 200;entrainement
M10MCDVPKL3M740;MERCEDES;C 200;entrainement
M10MCDVPKL3M801;MERCEDES;C 200;entrainement
M10MCDVPKL3N741;MERCEDES;C 200;entrainement
M10MCDVPKL3N802;MERCEDES;C 200;entrainement
M10MCDVPKL3P742;MERCEDES;C 200;entrainement
M10MCDVPKL3P743;MERCEDES;C 200;entrainement
M10MCDVPKL3P803;MERCEDES;C 200;entrainement
M10MCDVPKL3P804;MERCEDES;C 200;entrainement
M10MCDVPKL3R744;MERCEDES;C 200;entrainement
M10MCDVPKL3R745;MERCEDES;C 200;entrainement
M10MCDVPKL3R805;MERCEDES;C 200;entrainement
M10MCDVPKL3R806;MERCEDES;C 200;entrainement
M10MCDVPKL3S746;MERCEDES;C 200;entrainement
M10MCDVPKL3S807;MERCEDES;C 200;entrainement
M10MCDVPKL3T747;MERCEDES;C 200;entrainement
M10MCDVPKL3T808;MERCEDES;C 200;entrainement
M10MCDVPKL3U748;MERCEDES;C 200;entrainement
M10MCDVPKL3U809;MERCEDES;C 200;entrainement
M10MCDVPKL3V749;MERCEDES;C 200;entrainement
M10MCDVPKL3V810;MERCEDES;C 200;entrainement
M10MCDVPKL3W750;MERCEDES;C 200;entrainement
M10MCDVPKL3W811;MERCEDES;C 200;entrainement
M10MCDVPKL3X751;MERCEDES;C 200;entrainement
M10MCDVPKL3X776;MERCEDES;C 200;entrainement
M10MCDVPKL3X812;MERCEDES;C 200;entrainement
M10MCDVPKL3Y752;MERCEDES;C 200;entrainement
M10MCDVPKL3Y777;MERCEDES;C 200;entrainement
M10MCDVPKL3Z753;MERCEDES;C 200;entrainement
M10MCDVPKL3Z778;MERCEDES;C 200;entrainement
M10MCDVPKP40943;MERCEDES;C 200;entrainement
M10MCDVPKP41944;MERCEDES;C 200;entrainement
M10MCDVPKP42945;MERCEDES;C 200;entrainement
M10MCDVPKP42970;MERCEDES;C 200;entrainement
M10MCDVPKP43946;MERCEDES;C 200;entrainement
M10MCDVPKP43971;MERCEDES;C 200;entrainement
M10MCDVPKP44947;MERCEDES;C 200;entrainement
M10MCDVPKP44972;MERCEDES;C 200;entrainement
M10MCDVPKP45948;MERCEDES;C 200;entrainement
M10MCDVPKP45973;MERCEDES;C 200;entrainement
M10MCDVPKP46913;MERCEDES;C 200;entrainement
M10MCDVPKP46949;MERCEDES;C 200;entrainement
M10MCDVPKP46974;MERCEDES;C 200;entrainement
M10MCDVPKP47914;MERCEDES;C 200;entrainement
M10MCDVPKP47950;MERCEDES;C 200;entrainement
M10MCDVPKP47975;MERCEDES;C 200;entrainement
M10MCDVPKP48915;MERCEDES;C 200;entrainement
M10MCDVPKP48951;MERCEDES;C 200;entrainement
M10MCDVPKP48976;MERCEDES;C 200;entrainement
M10MCDVPKP49916;MERCEDES;C 200;entrainement
M10MCDVPKP49952;MERCEDES;C 200;entrainement
M10MCDVPKP49977;MERCEDES;C 200;entrainement
M10MCDVPKP4A917;MERCEDES;C 200;entrainement
M10MCDVPKP4A953;MERCEDES;C 200;entrainement
M10MCDVPKP4A978;MERCEDES;C 200;entrainement
M10MCDVPKP4B918;MERCEDES;C 200;entrainement
M10MCDVPKP4B954;MERCEDES;C 200;entrainement
M10MCDVPKP4B979;MERCEDES;C 200;entrainement
M10MCDVPKP4C919;MERCEDES;C 200;entrainement
M10MCDVPKP4C955;MERCEDES;C 200;entrainement
M10MCDVPKP4C980;MERCEDES;C 200;entrainement
M10MCDVPKP4D920;MERCEDES;C 200;entrainement
M10MCDVPKP4D956;MERCEDES;C 200;entrainement
M10MCDVPKP4D981;MERCEDES;C 200;entrainement
M10MCDVPKP4E921;MERCEDES;C 200;entrainement
M10MCDVPKP4E957;MERCEDES;C 200;entrainement
M10MCDVPKP4E982;MERCEDES;C 200;entrainement
M10MCDVPKP4F922;MERCEDES;C 200;entrainement
M10MCDVPKP4F958;MERCEDES;C 200;entrainement
M10MCDVPKP4F983;MERCEDES;C 200;entrainement
M10MCDVPKP4G923;MERCEDES;C 200;entrainement
M10MCDVPKP4G959;MERCEDES;C 200;entrainement
M10MCDVPKP4G984;MERCEDES;C 200;entrainement
M10MCDVPKP4H924;MERCEDES;C 200;entrainement
M10MCDVPKP4H960;MERCEDES;C 200;entrainement
M10MCDVPKP4H985;MERCEDES;C 200;entrainement
M10MCDVPKP4J925;MERCEDES;C 200;entrainement
M10MCDVPKP4J926;MERCEDES;C 200;entrainement
M10MCDVPKP4J961;MERCEDES;C 200;entrainement
M10MCDVPKP4J962;MERCEDES;C 200;entrainement
M10MCDVPKP4J986;MERCEDES;C 200;entrainement
M10MCDVPKP4J987;MERCEDES;C 200;entrainement
M10MCDVPKP4K927;MERCEDES;C 200;entrainement
M10MCDVPKP4K963;MERCEDES;C 200;entrainement
M10MCDVPKP4K988;MERCEDES;C 200;entrainement
M10MCDVPKP4L928;MERCEDES;C 200;entrainement
M10MCDVPKP4L964;MERCEDES;C 200;entrainement
M10MCDVPKP4L989;MERCEDES;C 200;entrainement
M10MCDVPKP4M929;MERCEDES;C 200;entrainement
M10MCDVPKP4M965;MERCEDES;C 200;entrainement
M10MCDVPKP4M990;MERCEDES;C 200;entrainement
M10MCDVPKP4N930;MERCEDES;C 200;entrainement
M10MCDVPKP4N966;MERCEDES;C 200;entrainement
M10MCDVPKP4N991;MERCEDES;C 200;entrainement
M10MCDVPKP4P931;MERCEDES;C 200;entrainement
M10MCDVPKP4P932;MERCEDES;C 200;entrainement
M10MCDVPKP4P967;MERCEDES;C 200;entrainement
M10MCDVPKP4P968;MERCEDES;C 200;entrainement
M10MCDVPKP4P992;MERCEDES;C 200;entrainement
M10MCDVPKP4P993;MERCEDES;C 200;entrainement
M10MCDVPKP4R933;MERCEDES;C 200;entrainement
M10MCDVPKP4R934;MERCEDES;C 200;entrainement
M10MCDVPKP4R969;MERCEDES;C 200;entrainement
M10MCDVPKP4R994;MERCEDES;C 200;entrainement
M10MCDVPKP4R995;MERCEDES;C 200;entrainement
M10MCDVPKP4S935;MERCEDES;C 200;entrainement
M10MCDVPKP4S996;MERCEDES;C 200;entrainement
M10MCDVPKP4T936;MERCEDES;C 200;entrainement
M10MCDVPKP4T997;MERCEDES;C 200;entrainement
M10MCDVPKP4U937;MERCEDES;C 200;entrainement
M10MCDVPKP4U998;MERCEDES;C 200;entrainement
M10MCDVPKP4V938;MERCEDES;C 200;entrainement
M10MCDVPKP4V999;MERCEDES;C 200;entrainement
M10MCDVPKP4W939;MERCEDES;C 200;entrainement
M10MCDVPKP4X940;MERCEDES;C 200;entrainement
M10MCDVPKP4Y941;MERCEDES;C 200;entrainement
M10MCDVPKP4Z942;MERCEDES;C 200;entrainement
M10MCDVPKP53000;MERCEDES;C 200;entrainement
M10MCDVPLX30741;MERCEDES;C 200;entrainement
M10MCDVPLX31742;MERCEDES;C 200;entrainement
M10MCDVPLX32743;MERCEDES;C 200;entrainement
M10MCDVPLX33744;MERCEDES;C 200;entrainement
M10MCDVPLX34745;MERCEDES;C 200;entrainement
M10MCDVPLX35746;MERCEDES;C 200;entrainement
M10MCDVPLX36747;MERCEDES;C 200;entrainement
M10MCDVPLX37748;MERCEDES;C 200;entrainement
M10MCDVPLX38749;MERCEDES;C 200;entrainement
M10MCDVPLX39750;MERCEDES;C 200;entrainement
M10MCDVPLX3A751;MERCEDES;C 200;entrainement
M10MCDVPLX3B752;MERCEDES;C 200;entrainement
M10MCDVPLX3C753;MERCEDES;C 200;entrainement
M10MCDVPLX3D754;MERCEDES;C 200;entrainement
M10MCDVPLX3E755;MERCEDES;C 200;entrainement
M10MCDVPLX3F756;MERCEDES;C 200;entrainement
M10MCDVPLX3G757;MERCEDES;C 200;entrainement
M10MCDVPLX3H758;MERCEDES;C 200;entrainement
M10MCDVPLX3J759;MERCEDES;C 200;entrainement
M10MCDVPLX3J760;MERCEDES;C 200;entrainement
M10MCDVPLX3K761;MERCEDES;C 200;entrainement
M10MCDVPLX3L726;MERCEDES;C 200;entrainement
M10MCDVPLX3L762;MERCEDES;C 200;entrainement
M10MCDVPLX3M727;MERCEDES;C 200;entrainement
M10MCDVPLX3M763;MERCEDES;C 200;entrainement
M10MCDVPLX3N728;MERCEDES;C 200;entrainement
M10MCDVPLX3N764;MERCEDES;C 200;entrainement
M10MCDVPLX3P729;MERCEDES;C 200;entrainement
M10MCDVPLX3P730;MERCEDES;C 200;entrainement
M10MCDVPLX3P765;MERCEDES;C 200;entrainement
M10MCDVPLX3P766;MERCEDES;C 200;entrainement
M10MCDVPLX3R731;MERCEDES;C 200;entrainement
M10MCDVPLX3R732;MERCEDES;C 200;entrainement
M10MCDVPLX3R767;MERCEDES;C 200;entrainement
M10MCDVPLX3R768;MERCEDES;C 200;entrainement
M10MCDVPLX3S733;MERCEDES;C 200;entrainement
M10MCDVPLX3S769;MERCEDES;C 200;entrainement
M10MCDVPLX3T734;MERCEDES;C 200;entrainement
M10MCDVPLX3U735;MERCEDES;C 200;entrainement
M10MCDVPLX3V736;MERCEDES;C 200;entrainement
M10MCDVPLX3W737;MERCEDES;C 200;entrainement
M10MCDVPLX3X738;MERCEDES;C 200;entrainement
M10MCDVPLX3Y739;MERCEDES;C 200;entrainement
M10MCDVPLX3Z740;MERCEDES;C 200;entrainement
M10MCDVPPT90990;MERCEDES;C 200;entrainement
M10MCDVPPT91991;MERCEDES;C 200;entrainement
M10MCDVPPT92992;MERCEDES;C 200;entrainement
M10MCDVPPT93993;MERCEDES;C 200;entrainement
M10MCDVPPT94994;MERCEDES;C 200;entrainement
M10MCDVPPT95995;MERCEDES;C 200;entrainement
M10MCDVPPT96996;MERCEDES;C 200;entrainement
M10MCDVPPT97997;MERCEDES;C 200;entrainement
M10MCDVPPT98998;MERCEDES;C 200;entrainement
M10MCDVPPT99999;MERCEDES;C 200;entrainement
M10MCDVPPT9W986;MERCEDES;C 200;entrainement
M10MCDVPPT9X987;MERCEDES;C 200;entrainement
M10MCDVPPT9Y988;MERCEDES;C 200;entrainement
M10MCDVPPT9Z989;MERCEDES;C 200;entrainement
M10MCDVPPU00028;MERCEDES;C 200;entrainement
M10MCDVPPU01029;MERCEDES;C 200;entrainement
M10MCDVPPU02030;MERCEDES;C 200;entrainement
M10MCDVPPU03031;MERCEDES;C 200;entrainement
M10MCDVPPU04032;MERCEDES;C 200;entrainement
M10MCDVPPU05033;MERCEDES;C 200;entrainement
M10MCDVPPU06034;MERCEDES;C 200;entrainement
M10MCDVPPU07035;MERCEDES;C 200;entrainement
M10MCDVPPU08000;MERCEDES;C 200;entrainement
M10MCDVPPU08036;MERCEDES;C 200;entrainement
M10MCDVPPU09001;MERCEDES;C 200;entrainement
M10MCDVPPU09037;MERCEDES;C 200;entrainement
M10MCDVPPU0A002;MERCEDES;C 200;entrainement
M10MCDVPPU0A038;MERCEDES;C 200;entrainement
M10MCDVPPU0B003;MERCEDES;C 200;entrainement
M10MCDVPPU0B039;MERCEDES;C 200;entrainement
M10MCDVPPU0C004;MERCEDES;C 200;entrainement
M10MCDVPPU0C040;MERCEDES;C 200;entrainement
M10MCDVPPU0D005;MERCEDES;C 200;entrainement
M10MCDVPPU0D041;MERCEDES;C 200;entrainement
M10MCDVPPU0E006;MERCEDES;C 200;entrainement
M10MCDVPPU0E042;MERCEDES;C 200;entrainement
M10MCDVPPU0F007;MERCEDES;C 200;entrainement
M10MCDVPPU0F043;MERCEDES;C 200;entrainement
M10MCDVPPU0G008;MERCEDES;C 200;entrainement
M10MCDVPPU0G044;MERCEDES;C 200;entrainement
M10MCDVPPU0H009;MERCEDES;C 200;entrainement
M10MCDVPPU0H045;MERCEDES;C 200;entrainement
M10MCDVPPU0J010;MERCEDES;C 200;entrainement
M10MCDVPPU0J011;MERCEDES;C 200;entrainement
M10MCDVPPU0J046;MERCEDES;C 200;entrainement
M10MCDVPPU0J047;MERCEDES;C 200;entrainement
M10MCDVPPU0K012;MERCEDES;C 200;entrainement
M10MCDVPPU0K048;MERCEDES;C 200;entrainement
M10MCDVPPU0L013;MERCEDES;C 200;entrainement
M10MCDVPPU0L049;MERCEDES;C 200;entrainement
M10MCDVPPU0M014;MERCEDES;C 200;entrainement
M10MCDVPPU0M050;MERCEDES;C 200;entrainement
M10MCDVPPU0N015;MERCEDES;C 200;entrainement
M10MCDVPPU0N051;MERCEDES;C 200;entrainement
M10MCDVPPU0P016;MERCEDES;C 200;entrainement
M10MCDVPPU0P017;MERCEDES;C 200;entrainement
M10MCDVPPU0P052;MERCEDES;C 200;entrainement
M10MCDVPPU0P053;MERCEDES;C 200;entrainement
M10MCDVPPU0R018;MERCEDES;C 200;entrainement
M10MCDVPPU0R019;MERCEDES;C 200;entrainement
M10MCDVPPU0S020;MERCEDES;C 200;entrainement
M10MCDVPPU0T021;MERCEDES;C 200;entrainement
M10MCDVPPU0U022;MERCEDES;C 200;entrainement
M10MCDVPPU0V023;MERCEDES;C 200;entrainement
M10MCDVPPU0W024;MERCEDES;C 200;entrainement
M10MCDVPPU0X025;MERCEDES;C 200;entrainement
M10MCDVPPU0Y026;MERCEDES;C 200;entrainement
M10MCDVPPU0Z027;MERCEDES;C 200;entrainement
M10MCDVPPW70892;MERCEDES;C 200;entrainement
M10MCDVPPW70928;MERCEDES;C 200;entrainement
M10MCDVPPW71893;MERCEDES;C 200;entrainement
M10MCDVPPW71929;MERCEDES;C 200;entrainement
M10MCDVPPW72894;MERCEDES;C 200;entrainement
M10MCDVPPW72930;MERCEDES;C 200;entrainement
M10MCDVPPW73895;MERCEDES;C 200;entrainement
M10MCDVPPW73931;MERCEDES;C 200;entrainement
M10MCDVPPW74896;MERCEDES;C 200;entrainement
M10MCDVPPW74932;MERCEDES;C 200;entrainement
M10MCDVPPW75897;MERCEDES;C 200;entrainement
M10MCDVPPW75933;MERCEDES;C 200;entrainement
M10MCDVPPW76898;MERCEDES;C 200;entrainement
M10MCDVPPW76934;MERCEDES;C 200;entrainement
M10MCDVPPW77899;MERCEDES;C 200;entrainement
M10MCDVPPW77935;MERCEDES;C 200;entrainement
M10MCDVPPW78900;MERCEDES;C 200;entrainement
M10MCDVPPW78936;MERCEDES;C 200;entrainement
M10MCDVPPW79901;MERCEDES;C 200;entrainement
M10MCDVPPW79937;MERCEDES;C 200;entrainement
M10MCDVPPW7A902;MERCEDES;C 200;entrainement
M10MCDVPPW7A938;MERCEDES;C 200;entrainement
M10MCDVPPW7B903;MERCEDES;C 200;entrainement
M10MCDVPPW7B939;MERCEDES;C 200;entrainement
M10MCDVPPW7C904;MERCEDES;C 200;entrainement
M10MCDVPPW7C940;MERCEDES;C 200;entrainement
M10MCDVPPW7D905;MERCEDES;C 200;entrainement
M10MCDVPPW7D941;MERCEDES;C 200;entrainement
M10MCDVPPW7E906;MERCEDES;C 200;entrainement
M10MCDVPPW7E942;MERCEDES;C 200;entrainement
M10MCDVPPW7F907;MERCEDES;C 200;entrainement
M10MCDVPPW7F943;MERCEDES;C 200;entrainement
M10MCDVPPW7G908;MERCEDES;C 200;entrainement
M10MCDVPPW7G944;MERCEDES;C 200;entrainement
M10MCDVPPW7H909;MERCEDES;C 200;entrainement
M10MCDVPPW7H945;MERCEDES;C 200;entrainement
M10MCDVPPW7J910;MERCEDES;C 200;entrainement
M10MCDVPPW7J911;MERCEDES;C 200;entrainement
M10MCDVPPW7J946;MERCEDES;C 200;entrainement
M10MCDVPPW7J947;MERCEDES;C 200;entrainement
M10MCDVPPW7K912;MERCEDES;C 200;entrainement
M10MCDVPPW7K948;MERCEDES;C 200;entrainement
M10MCDVPPW7L913;MERCEDES;C 200;entrainement
M10MCDVPPW7L949;MERCEDES;C 200;entrainement
M10MCDVPPW7M914;MERCEDES;C 200;entrainement
M10MCDVPPW7N915;MERCEDES;C 200;entrainement
M10MCDVPPW7P916;MERCEDES;C 200;entrainement
M10MCDVPPW7P917;MERCEDES;C 200;entrainement
M10MCDVPPW7R882;MERCEDES;C 200;entrainement
M10MCDVPPW7R883;MERCEDES;C 200;entrainement
M10MCDVPPW7R918;MERCEDES;C 200;entrainement
M10MCDVPPW7R919;MERCEDES;C 200;entrainement
M10MCDVPPW7S884;MERCEDES;C 200;entrainement
M10MCDVPPW7S920;MERCEDES;C 200;entrainement
M10MCDVPPW7T885;MERCEDES;C 200;entrainement
M10MCDVPPW7T921;MERCEDES;C 200;entrainement
M10MCDVPPW7U886;MERCEDES;C 200;entrainement
M10MCDVPPW7U922;MERCEDES;C 200;entrainement
M10MCDVPPW7V887;MERCEDES;C 200;entrainement
M10MCDVPPW7V923;MERCEDES;C 200;entrainement
M10MCDVPPW7W888;MERCEDES;C 200;entrainement
M10MCDVPPW7W924;MERCEDES;C 200;entrainement
M10MCDVPPW7X889;MERCEDES;C 200;entrainement
M10MCDVPPW7X925;MERCEDES;C 200;entrainement
M10MCDVPPW7Y890;MERCEDES;C 200;entrainement
M10MCDVPPW7Y926;MERCEDES;C 200;entrainement
M10MCDVPPW7Z891;MERCEDES;C 200;entrainement
M10MCDVPPW7Z927;MERCEDES;C 200;entrainement
M10MCDVPKA10307;MERCEDES;C 250;entrainement
M10MCDVPKA11308;MERCEDES;C 250;entrainement
M10MCDVPKA12309;MERCEDES;C 250;entrainement
M10MCDVPKA13310;MERCEDES;C 250;entrainement
M10MCDVPKA14311;MERCEDES;C 250;entrainement
M10MCDVPKA15312;MERCEDES;C 250;entrainement
M10MCDVPKA16313;MERCEDES;C 250;entrainement
M10MCDVPKA17289;MERCEDES;C 250;entrainement
M10MCDVPKA17314;MERCEDES;C 250;entrainement
M10MCDVPKA18290;MERCEDES;C 250;entrainement
M10MCDVPKA18315;MERCEDES;C 250;entrainement
M10MCDVPKA19316;MERCEDES;C 250;entrainement
M10MCDVPKA1A317;MERCEDES;C 250;entrainement
M10MCDVPKA1B318;MERCEDES;C 250;entrainement
M10MCDVPKA1C319;MERCEDES;C 250;entrainement
M10MCDVPKA1D320;MERCEDES;C 250;entrainement
M10MCDVPKA1E321;MERCEDES;C 250;entrainement
M10MCDVPKA1F322;MERCEDES;C 250;entrainement
M10MCDVPKA1G323;MERCEDES;C 250;entrainement
M10MCDVPKA1H324;MERCEDES;C 250;entrainement
M10MCDVPKA1J325;MERCEDES;C 250;entrainement
M10MCDVPKA1J326;MERCEDES;C 250;entrainement
M10MCDVPKA1K291;MERCEDES;C 250;entrainement
M10MCDVPKA1K327;MERCEDES;C 250;entrainement
M10MCDVPKA1L292;MERCEDES;C 250;entrainement
M10MCDVPKA1L328;MERCEDES;C 250;entrainement
M10MCDVPKA1M293;MERCEDES;C 250;entrainement
M10MCDVPKA1M329;MERCEDES;C 250;entrainement
M10MCDVPKA1N294;MERCEDES;C 250;entrainement
M10MCDVPKA1N330;MERCEDES;C 250;entrainement
M10MCDVPKA1P295;MERCEDES;C 250;entrainement
M10MCDVPKA1P296;MERCEDES;C 250;entrainement
M10MCDVPKA1P331;MERCEDES;C 250;entrainement
M10MCDVPKA1P332;MERCEDES;C 250;entrainement
M10MCDVPKA1R297;MERCEDES;C 250;entrainement
M10MCDVPKA1R298;MERCEDES;C 250;entrainement
M10MCDVPKA1S299;MERCEDES;C 250;entrainement
M10MCDVPKA1T300;MERCEDES;C 250;entrainement
M10MCDVPKA1U301;MERCEDES;C 250;entrainement
M10MCDVPKA1V302;MERCEDES;C 250;entrainement
M10MCDVPKA1W303;MERCEDES;C 250;entrainement
M10MCDVPKA1X304;MERCEDES;C 250;entrainement
M10MCDVPKA1Y305;MERCEDES;C 250;entrainement
M10MCDVPKA1Z306;MERCEDES;C 250;entrainement
M10MCDVPKL30815;MERCEDES;C 250;entrainement
M10MCDVPKL30851;MERCEDES;C 250;entrainement
M10MCDVPKL31816;MERCEDES;C 250;entrainement
M10MCDVPKL31852;MERCEDES;C 250;entrainement
M10MCDVPKL32817;MERCEDES;C 250;entrainement
M10MCDVPKL32853;MERCEDES;C 250;entrainement
M10MCDVPKL33818;MERCEDES;C 250;entrainement
M10MCDVPKL33854;MERCEDES;C 250;entrainement
M10MCDVPKL34819;MERCEDES;C 250;entrainement
M10MCDVPKL34855;MERCEDES;C 250;entrainement
M10MCDVPKL35820;MERCEDES;C 250;entrainement
M10MCDVPKL35856;MERCEDES;C 250;entrainement
M10MCDVPKL36821;MERCEDES;C 250;entrainement
M10MCDVPKL37822;MERCEDES;C 250;entrainement
M10MCDVPKL38823;MERCEDES;C 250;entrainement
M10MCDVPKL39824;MERCEDES;C 250;entrainement
M10MCDVPKL3A825;MERCEDES;C 250;entrainement
M10MCDVPKL3B826;MERCEDES;C 250;entrainement
M10MCDVPKL3C827;MERCEDES;C 250;entrainement
M10MCDVPKL3D828;MERCEDES;C 250;entrainement
M10MCDVPKL3E829;MERCEDES;C 250;entrainement
M10MCDVPKL3F830;MERCEDES;C 250;entrainement
M10MCDVPKL3G831;MERCEDES;C 250;entrainement
M10MCDVPKL3H832;MERCEDES;C 250;entrainement
M10MCDVPKL3J833;MERCEDES;C 250;entrainement
M10MCDVPKL3J834;MERCEDES;C 250;entrainement
M10MCDVPKL3K835;MERCEDES;C 250;entrainement
M10MCDVPKL3L836;MERCEDES;C 250;entrainement
M10MCDVPKL3M837;MERCEDES;C 250;entrainement
M10MCDVPKL3N838;MERCEDES;C 250;entrainement
M10MCDVPKL3P839;MERCEDES;C 250;entrainement
M10MCDVPKL3P840;MERCEDES;C 250;entrainement
M10MCDVPKL3R841;MERCEDES;C 250;entrainement
M10MCDVPKL3R842;MERCEDES;C 250;entrainement
M10MCDVPKL3S843;MERCEDES;C 250;entrainement
M10MCDVPKL3T844;MERCEDES;C 250;entrainement
M10MCDVPKL3U845;MERCEDES;C 250;entrainement
M10MCDVPKL3V846;MERCEDES;C 250;entrainement
M10MCDVPKL3W847;MERCEDES;C 250;entrainement
M10MCDVPKL3X848;MERCEDES;C 250;entrainement
M10MCDVPKL3Y813;MERCEDES;C 250;entrainement
M10MCDVPKL3Y849;MERCEDES;C 250;entrainement
M10MCDVPKL3Z814;MERCEDES;C 250;entrainement
M10MCDVPKL3Z850;MERCEDES;C 250;entrainement
M10MCDVPKP50033;MERCEDES;C 250;entrainement
M10MCDVPKP51034;MERCEDES;C 250;entrainement
M10MCDVPKP52035;MERCEDES;C 250;entrainement
M10MCDVPKP53036;MERCEDES;C 250;entrainement
M10MCDVPKP54001;MERCEDES;C 250;entrainement
M10MCDVPKP54037;MERCEDES;C 250;entrainement
M10MCDVPKP55002;MERCEDES;C 250;entrainement
M10MCDVPKP55038;MERCEDES;C 250;entrainement
M10MCDVPKP56003;MERCEDES;C 250;entrainement
M10MCDVPKP56039;MERCEDES;C 250;entrainement
M10MCDVPKP57004;MERCEDES;C 250;entrainement
M10MCDVPKP57040;MERCEDES;C 250;entrainement
M10MCDVPKP58005;MERCEDES;C 250;entrainement
M10MCDVPKP58041;MERCEDES;C 250;entrainement
M10MCDVPKP59006;MERCEDES;C 250;entrainement
M10MCDVPKP59042;MERCEDES;C 250;entrainement
M10MCDVPKP5A007;MERCEDES;C 250;entrainement
M10MCDVPKP5A043;MERCEDES;C 250;entrainement
M10MCDVPKP5B008;MERCEDES;C 250;entrainement
M10MCDVPKP5B044;MERCEDES;C 250;entrainement
M10MCDVPKP5C009;MERCEDES;C 250;entrainement
M10MCDVPKP5D010;MERCEDES;C 250;entrainement
M10MCDVPKP5E011;MERCEDES;C 250;entrainement
M10MCDVPKP5F012;MERCEDES;C 250;entrainement
M10MCDVPKP5G013;MERCEDES;C 250;entrainement
M10MCDVPKP5H014;MERCEDES;C 250;entrainement
M10MCDVPKP5J015;MERCEDES;C 250;entrainement
M10MCDVPKP5J016;MERCEDES;C 250;entrainement
M10MCDVPKP5K017;MERCEDES;C 250;entrainement
M10MCDVPKP5L018;MERCEDES;C 250;entrainement
M10MCDVPKP5M019;MERCEDES;C 250;entrainement
M10MCDVPKP5N020;MERCEDES;C 250;entrainement
M10MCDVPKP5P021;MERCEDES;C 250;entrainement
M10MCDVPKP5P022;MERCEDES;C 250;entrainement
M10MCDVPKP5R023;MERCEDES;C 250;entrainement
M10MCDVPKP5R024;MERCEDES;C 250;entrainement
M10MCDVPKP5S025;MERCEDES;C 250;entrainement
M10MCDVPKP5T026;MERCEDES;C 250;entrainement
M10MCDVPKP5U027;MERCEDES;C 250;entrainement
M10MCDVPKP5V028;MERCEDES;C 250;entrainement
M10MCDVPKP5W029;MERCEDES;C 250;entrainement
M10MCDVPKP5X030;MERCEDES;C 250;entrainement
M10MCDVPKP5Y031;MERCEDES;C 250;entrainement
M10MCDVPKP5Z032;MERCEDES;C 250;entrainement
M10MCDVPLX30802;MERCEDES;C 250;entrainement
M10MCDVPLX31803;MERCEDES;C 250;entrainement
M10MCDVPLX32804;MERCEDES;C 250;entrainement
M10MCDVPLX33805;MERCEDES;C 250;entrainement
M10MCDVPLX34806;MERCEDES;C 250;entrainement
M10MCDVPLX35807;MERCEDES;C 250;entrainement
M10MCDVPLX36808;MERCEDES;C 250;entrainement
M10MCDVPLX37809;MERCEDES;C 250;entrainement
M10MCDVPLX38810;MERCEDES;C 250;entrainement
M10MCDVPLX39811;MERCEDES;C 250;entrainement
M10MCDVPLX3A776;MERCEDES;C 250;entrainement
M10MCDVPLX3A812;MERCEDES;C 250;entrainement
M10MCDVPLX3B777;MERCEDES;C 250;entrainement
M10MCDVPLX3B813;MERCEDES;C 250;entrainement
M10MCDVPLX3C778;MERCEDES;C 250;entrainement
M10MCDVPLX3D779;MERCEDES;C 250;entrainement
M10MCDVPLX3E780;MERCEDES;C 250;entrainement
M10MCDVPLX3F781;MERCEDES;C 250;entrainement
M10MCDVPLX3G782;MERCEDES;C 250;entrainement
M10MCDVPLX3H783;MERCEDES;C 250;entrainement
M10MCDVPLX3J784;MERCEDES;C 250;entrainement
M10MCDVPLX3J785;MERCEDES;C 250;entrainement
M10MCDVPLX3K786;MERCEDES;C 250;entrainement
M10MCDVPLX3L787;MERCEDES;C 250;entrainement
M10MCDVPLX3M788;MERCEDES;C 250;entrainement
M10MCDVPLX3N789;MERCEDES;C 250;entrainement
M10MCDVPLX3P790;MERCEDES;C 250;entrainement
M10MCDVPLX3P791;MERCEDES;C 250;entrainement
M10MCDVPLX3R792;MERCEDES;C 250;entrainement
M10MCDVPLX3R793;MERCEDES;C 250;entrainement
M10MCDVPLX3S794;MERCEDES;C 250;entrainement
M10MCDVPLX3T770;MERCEDES;C 250;entrainement
M10MCDVPLX3T795;MERCEDES;C 250;entrainement
M10MCDVPLX3U771;MERCEDES;C 250;entrainement
M10MCDVPLX3U796;MERCEDES;C 250;entrainement
M10MCDVPLX3V772;MERCEDES;C 250;entrainement
M10MCDVPLX3V797;MERCEDES;C 250;entrainement
M10MCDVPLX3W773;MERCEDES;C 250;entrainement
M10MCDVPLX3W798;MERCEDES;C 250;entrainement
M10MCDVPLX3X774;MERCEDES;C 250;entrainement
M10MCDVPLX3X799;MERCEDES;C 250;entrainement
M10MCDVPLX3Y775;MERCEDES;C 250;entrainement
M10MCDVPLX3Y800;MERCEDES;C 250;entrainement
M10MCDVPLX3Z801;MERCEDES;C 250;entrainement
M10MCDVPPU00064;MERCEDES;C 250;entrainement
M10MCDVPPU01065;MERCEDES;C 250;entrainement
M10MCDVPPU02066;MERCEDES;C 250;entrainement
M10MCDVPPU03067;MERCEDES;C 250;entrainement
M10MCDVPPU04068;MERCEDES;C 250;entrainement
M10MCDVPPU05069;MERCEDES;C 250;entrainement
M10MCDVPPU06070;MERCEDES;C 250;entrainement
M10MCDVPPU07071;MERCEDES;C 250;entrainement
M10MCDVPPU08072;MERCEDES;C 250;entrainement
M10MCDVPPU09073;MERCEDES;C 250;entrainement
M10MCDVPPU0A074;MERCEDES;C 250;entrainement
M10MCDVPPU0B075;MERCEDES;C 250;entrainement
M10MCDVPPU0C076;MERCEDES;C 250;entrainement
M10MCDVPPU0D077;MERCEDES;C 250;entrainement
M10MCDVPPU0E078;MERCEDES;C 250;entrainement
M10MCDVPPU0F079;MERCEDES;C 250;entrainement
M10MCDVPPU0G080;MERCEDES;C 250;entrainement
M10MCDVPPU0H081;MERCEDES;C 250;entrainement
M10MCDVPPU0J082;MERCEDES;C 250;entrainement
M10MCDVPPU0J083;MERCEDES;C 250;entrainement
M10MCDVPPU0K084;MERCEDES;C 250;entrainement
M10MCDVPPU0L085;MERCEDES;C 250;entrainement
M10MCDVPPU0M086;MERCEDES;C 250;entrainement
M10MCDVPPU0N087;MERCEDES;C 250;entrainement
M10MCDVPPU0R054;MERCEDES;C 250;entrainement
M10MCDVPPU0R055;MERCEDES;C 250;entrainement
M10MCDVPPU0S056;MERCEDES;C 250;entrainement
M10MCDVPPU0T057;MERCEDES;C 250;entrainement
M10MCDVPPU0U058;MERCEDES;C 250;entrainement
M10MCDVPPU0V059;MERCEDES;C 250;entrainement
M10MCDVPPU0W060;MERCEDES;C 250;entrainement
M10MCDVPPU0X061;MERCEDES;C 250;entrainement
M10MCDVPPU0Y062;MERCEDES;C 250;entrainement
M10MCDVPPU0Z063;MERCEDES;C 250;entrainement
M10MCDVPPW70964;MERCEDES;C 250;entrainement
M10MCDVPPW71965;MERCEDES;C 250;entrainement
M10MCDVPPW72966;MERCEDES;C 250;entrainement
M10MCDVPPW73967;MERCEDES;C 250;entrainement
M10MCDVPPW74968;MERCEDES;C 250;entrainement
M10MCDVPPW75969;MERCEDES;C 250;entrainement
M10MCDVPPW7H970;MERCEDES;C 250;entrainement
M10MCDVPPW7J971;MERCEDES;C 250;entrainement
M10MCDVPPW7J972;MERCEDES;C 250;entrainement
M10MCDVPPW7K973;MERCEDES;C 250;entrainement
M10MCDVPPW7L974;MERCEDES;C 250;entrainement
M10MCDVPPW7M950;MERCEDES;C 250;entrainement
M10MCDVPPW7M975;MERCEDES;C 250;entrainement
M10MCDVPPW7N951;MERCEDES;C 250;entrainement
M10MCDVPPW7N976;MERCEDES;C 250;entrainement
M10MCDVPPW7P952;MERCEDES;C 250;entrainement
M10MCDVPPW7P953;MERCEDES;C 250;entrainement
M10MCDVPPW7P977;MERCEDES;C 250;entrainement
M10MCDVPPW7P978;MERCEDES;C 250;entrainement
M10MCDVPPW7R954;MERCEDES;C 250;entrainement
M10MCDVPPW7R955;MERCEDES;C 250;entrainement
M10MCDVPPW7R979;MERCEDES;C 250;entrainement
M10MCDVPPW7R980;MERCEDES;C 250;entrainement
M10MCDVPPW7S956;MERCEDES;C 250;entrainement
M10MCDVPPW7S981;MERCEDES;C 250;entrainement
M10MCDVPPW7T957;MERCEDES;C 250;entrainement
M10MCDVPPW7T982;MERCEDES;C 250;entrainement
M10MCDVPPW7U958;MERCEDES;C 250;entrainement
M10MCDVPPW7U983;MERCEDES;C 250;entrainement
M10MCDVPPW7V959;MERCEDES;C 250;entrainement
M10MCDVPPW7W960;MERCEDES;C 250;entrainement
M10MCDVPPW7X961;MERCEDES;C 250;entrainement
M10MCDVPPW7Y962;MERCEDES;C 250;entrainement
M10MCDVPPW7Z963;MERCEDES;C 250;entrainement
M10MCDVPLX30996;MERCEDES;C 400;calibration
M10MCDVPLX31997;MERCEDES;C 400;calibration
M10MCDVPLX32998;MERCEDES;C 400;calibration
M10MCDVPLX33999;MERCEDES;C 400;calibration
M10MCDVPLX3U990;MERCEDES;C 400;calibration
M10MCDVPLX3V991;MERCEDES;C 400;calibration
M10MCDVPLX3W992;MERCEDES;C 400;calibration
M10MCDVPLX3X993;MERCEDES;C 400;calibration
M10MCDVPLX3Y994;MERCEDES;C 400;calibration
M10MCDVPLX3Z995;MERCEDES;C 400;calibration
M10MCDVPLX40025;MERCEDES;C 400;calibration
M10MCDVPLX41026;MERCEDES;C 400;calibration
M10MCDVPLX42027;MERCEDES;C 400;calibration
M10MCDVPLX43028;MERCEDES;C 400;calibration
M10MCDVPLX44029;MERCEDES;C 400;calibration
M10MCDVPLX45030;MERCEDES;C 400;calibration
M10MCDVPLX46031;MERCEDES;C 400;calibration
M10MCDVPLX47032;MERCEDES;C 400;calibration
M10MCDVPLX48033;MERCEDES;C 400;calibration
M10MCDVPLX49034;MERCEDES;C 400;calibration
M10MCDVPLX4A035;MERCEDES;C 400;calibration
M10MCDVPLX4B000;MERCEDES;C 400;calibration
M10MCDVPLX4B036;MERCEDES;C 400;calibration
M10MCDVPLX4C001;MERCEDES;C 400;calibration
M10MCDVPLX4C037;MERCEDES;C 400;calibration
M10MCDVPLX4D002;MERCEDES;C 400;calibration
M10MCDVPLX4D038;MERCEDES;C 400;calibration
M10MCDVPLX4E003;MERCEDES;C 400;calibration
M10MCDVPLX4E039;MERCEDES;C 400;calibration
M10MCDVPLX4F004;MERCEDES;C 400;calibration
M10MCDVPLX4F040;MERCEDES;C 400;calibration
M10MCDVPLX4G005;MERCEDES;C 400;calibration
M10MCDVPLX4G041;MERCEDES;C 400;calibration
M10MCDVPLX4H006;MERCEDES;C 400;calibration
M10MCDVPLX4H042;MERCEDES;C 400;calibration
M10MCDVPLX4J007;MERCEDES;C 400;calibration
M10MCDVPLX4J008;MERCEDES;C 400;calibration
M10MCDVPLX4J043;MERCEDES;C 400;calibration
M10MCDVPLX4J044;MERCEDES;C 400;calibration
M10MCDVPLX4K009;MERCEDES;C 400;calibration
M10MCDVPLX4K045;MERCEDES;C 400;calibration
M10MCDVPLX4L010;MERCEDES;C 400;calibration
M10MCDVPLX4L046;MERCEDES;C 400;calibration
M10MCDVPLX4M011;MERCEDES;C 400;calibration
M10MCDVPLX4M047;MERCEDES;C 400;calibration
M10MCDVPLX4N012;MERCEDES;C 400;calibration
M10MCDVPLX4N048;MERCEDES;C 400;calibration
M10MCDVPLX4P013;MERCEDES;C 400;calibration
M10MCDVPLX4P014;MERCEDES;C 400;calibration
M10MCDVPLX4P049;MERCEDES;C 400;calibration
M10MCDVPLX4P050;MERCEDES;C 400;calibration
M10MCDVPLX4R015;MERCEDES;C 400;calibration
M10MCDVPLX4R016;MERCEDES;C 400;calibration
M10MCDVPLX4R051;MERCEDES;C 400;calibration
M10MCDVPLX4R052;MERCEDES;C 400;calibration
M10MCDVPLX4S017;MERCEDES;C 400;calibration
M10MCDVPLX4S053;MERCEDES;C 400;calibration
M10MCDVPLX4T018;MERCEDES;C 400;calibration
M10MCDVPLX4U019;MERCEDES;C 400;calibration
M10MCDVPLX4V020;MERCEDES;C 400;calibration
M10MCDVPLX4W021;MERCEDES;C 400;calibration
M10MCDVPLX4X022;MERCEDES;C 400;calibration
M10MCDVPLX4Y023;MERCEDES;C 400;calibration
M10MCDVPLX4Z024;MERCEDES;C 400;calibration
M10MCDVPPU00258;MERCEDES;C 400;calibration
M10MCDVPPU01259;MERCEDES;C 400;calibration
M10MCDVPPU02260;MERCEDES;C 400;calibration
M10MCDVPPU03261;MERCEDES;C 400;calibration
M10MCDVPPU04262;MERCEDES;C 400;calibration
M10MCDVPPU05263;MERCEDES;C 400;calibration
M10MCDVPPU06264;MERCEDES;C 400;calibration
M10MCDVPPU07265;MERCEDES;C 400;calibration
M10MCDVPPU08266;MERCEDES;C 400;calibration
M10MCDVPPU08291;MERCEDES;C 400;calibration
M10MCDVPPU09267;MERCEDES;C 400;calibration
M10MCDVPPU09292;MERCEDES;C 400;calibration
M10MCDVPPU0A268;MERCEDES;C 400;calibration
M10MCDVPPU0A293;MERCEDES;C 400;calibration
M10MCDVPPU0B269;MERCEDES;C 400;calibration
M10MCDVPPU0C234;MERCEDES;C 400;calibration
M10MCDVPPU0C270;MERCEDES;C 400;calibration
M10MCDVPPU0D235;MERCEDES;C 400;calibration
M10MCDVPPU0D271;MERCEDES;C 400;calibration
M10MCDVPPU0E236;MERCEDES;C 400;calibration
M10MCDVPPU0E272;MERCEDES;C 400;calibration
M10MCDVPPU0F237;MERCEDES;C 400;calibration
M10MCDVPPU0F273;MERCEDES;C 400;calibration
M10MCDVPPU0G238;MERCEDES;C 400;calibration
M10MCDVPPU0G274;MERCEDES;C 400;calibration
M10MCDVPPU0H239;MERCEDES;C 400;calibration
M10MCDVPPU0H275;MERCEDES;C 400;calibration
M10MCDVPPU0J240;MERCEDES;C 400;calibration
M10MCDVPPU0J241;MERCEDES;C 400;calibration
M10MCDVPPU0J276;MERCEDES;C 400;calibration
M10MCDVPPU0J277;MERCEDES;C 400;calibration
M10MCDVPPU0K242;MERCEDES;C 400;calibration
M10MCDVPPU0K278;MERCEDES;C 400;calibration
M10MCDVPPU0L243;MERCEDES;C 400;calibration
M10MCDVPPU0L279;MERCEDES;C 400;calibration
M10MCDVPPU0M244;MERCEDES;C 400;calibration
M10MCDVPPU0M280;MERCEDES;C 400;calibration
M10MCDVPPU0N245;MERCEDES;C 400;calibration
M10MCDVPPU0N281;MERCEDES;C 400;calibration
M10MCDVPPU0P246;MERCEDES;C 400;calibration
M10MCDVPPU0P247;MERCEDES;C 400;calibration
M10MCDVPPU0P282;MERCEDES;C 400;calibration
M10MCDVPPU0P283;MERCEDES;C 400;calibration
M10MCDVPPU0R248;MERCEDES;C 400;calibration
M10MCDVPPU0R249;MERCEDES;C 400;calibration
M10MCDVPPU0R284;MERCEDES;C 400;calibration
M10MCDVPPU0R285;MERCEDES;C 400;calibration
M10MCDVPPU0S250;MERCEDES;C 400;calibration
M10MCDVPPU0S286;MERCEDES;C 400;calibration
M10MCDVPPU0T251;MERCEDES;C 400;calibration
M10MCDVPPU0T287;MERCEDES;C 400;calibration
M10MCDVPPU0U252;MERCEDES;C 400;calibration
M10MCDVPPU0U288;MERCEDES;C 400;calibration
M10MCDVPPU0V253;MERCEDES;C 400;calibration
M10MCDVPPU0V289;MERCEDES;C 400;calibration
M10MCDVPPU0W254;MERCEDES;C 400;calibration
M10MCDVPPU0W290;MERCEDES;C 400;calibration
M10MCDVPPU0X255;MERCEDES;C 400;calibration
M10MCDVPPU0Y256;MERCEDES;C 400;calibration
M10MCDVPPU0Z257;MERCEDES;C 400;calibration
M10MCDVPPW80151;MERCEDES;C 400;calibration
M10MCDVPPW80187;MERCEDES;C 400;calibration
M10MCDVPPW81152;MERCEDES;C 400;calibration
M10MCDVPPW81188;MERCEDES;C 400;calibration
M10MCDVPPW82153;MERCEDES;C 400;calibration
M10MCDVPPW82189;MERCEDES;C 400;calibration
M10MCDVPPW83154;MERCEDES;C 400;calibration
M10MCDVPPW83190;MERCEDES;C 400;calibration
M10MCDVPPW84155;MERCEDES;C 400;calibration
M10MCDVPPW84191;MERCEDES;C 400;calibration
M10MCDVPPW85156;MERCEDES;C 400;calibration
M10MCDVPPW85192;MERCEDES;C 400;calibration
M10MCDVPPW86157;MERCEDES;C 400;calibration
M10MCDVPPW86193;MERCEDES;C 400;calibration
M10MCDVPPW87158;MERCEDES;C 400;calibration
M10MCDVPPW88159;MERCEDES;C 400;calibration
M10MCDVPPW89160;MERCEDES;C 400;calibration
M10MCDVPPW8A161;MERCEDES;C 400;calibration
M10MCDVPPW8B162;MERCEDES;C 400;calibration
M10MCDVPPW8C163;MERCEDES;C 400;calibration
M10MCDVPPW8D164;MERCEDES;C 400;calibration
M10MCDVPPW8E165;MERCEDES;C 400;calibration
M10MCDVPPW8F166;MERCEDES;C 400;calibration
M10MCDVPPW8G167;MERCEDES;C 400;calibration
M10MCDVPPW8H168;MERCEDES;C 400;calibration
M10MCDVPPW8J169;MERCEDES;C 400;calibration
M10MCDVPPW8J170;MERCEDES;C 400;calibration
M10MCDVPPW8J194;MERCEDES;C 400;calibration
M10MCDVPPW8J195;MERCEDES;C 400;calibration
M10MCDVPPW8K171;MERCEDES;C 400;calibration
M10MCDVPPW8K196;MERCEDES;C 400;calibration
M10MCDVPPW8L172;MERCEDES;C 400;calibration
M10MCDVPPW8L197;MERCEDES;C 400;calibration
M10MCDVPPW8M173;MERCEDES;C 400;calibration
M10MCDVPPW8M198;MERCEDES;C 400;calibration
M10MCDVPPW8N174;MERCEDES;C 400;calibration
M10MCDVPPW8N199;MERCEDES;C 400;calibration
M10MCDVPPW8P175;MERCEDES;C 400;calibration
M10MCDVPPW8P176;MERCEDES;C 400;calibration
M10MCDVPPW8P200;MERCEDES;C 400;calibration
M10MCDVPPW8P201;MERCEDES;C 400;calibration
M10MCDVPPW8R177;MERCEDES;C 400;calibration
M10MCDVPPW8R178;MERCEDES;C 400;calibration
M10MCDVPPW8R202;MERCEDES;C 400;calibration
M10MCDVPPW8R203;MERCEDES;C 400;calibration
M10MCDVPPW8S179;MERCEDES;C 400;calibration
M10MCDVPPW8S204;MERCEDES;C 400;calibration
M10MCDVPPW8T180;MERCEDES;C 400;calibration
M10MCDVPPW8T205;MERCEDES;C 400;calibration
M10MCDVPPW8U181;MERCEDES;C 400;calibration
M10MCDVPPW8V146;MERCEDES;C 400;calibration
M10MCDVPPW8V182;MERCEDES;C 400;calibration
M10MCDVPPW8W147;MERCEDES;C 400;calibration
M10MCDVPPW8W183;MERCEDES;C 400;calibration
M10MCDVPPW8X148;MERCEDES;C 400;calibration
M10MCDVPPW8X184;MERCEDES;C 400;calibration
M10MCDVPPW8Y149;MERCEDES;C 400;calibration
M10MCDVPPW8Y185;MERCEDES;C 400;calibration
M10MCDVPPW8Z150;MERCEDES;C 400;calibration
M10MCDVPPW8Z186;MERCEDES;C 400;calibration
M10MCDVPLX41062;MERCEDES;C 63 AMG;entrainement
M10MCDVPLX42063;MERCEDES;C 63 AMG;entrainement
M10MCDVPLX43064;MERCEDES;C 63 AMG;entrainement
M10MCDVPLX44065;MERCEDES;C 63 AMG;entrainement
M10MCDVPLX45066;MERCEDES;C 63 AMG;entrainement
M10MCDVPLX46067;MERCEDES;C 63 AMG;entrainement
M10MCDVPLX47068;MERCEDES;C 63 AMG;entrainement
M10MCDVPLX48069;MERCEDES;C 63 AMG;entrainement
M10MCDVPKA1R103;MERCEDES;C 63 AMG;entrainement
M10MCDVPKA1R104;MERCEDES;C 63 AMG;entrainement
M10MCDVPLX40061;MERCEDES;C 63 S-AMG;entrainement
M10MCDVPLX4T054;MERCEDES;C 63 S-AMG;entrainement
M10MCDVPLX4U055;MERCEDES;C 63 S-AMG;entrainement
M10MCDVPLX4V056;MERCEDES;C 63 S-AMG;entrainement
M10MCDVPLX4W057;MERCEDES;C 63 S-AMG;entrainement
M10MCDVPLX4X058;MERCEDES;C 63 S-AMG;entrainement
M10MCDVPLX4Y059;MERCEDES;C 63 S-AMG;entrainement
M10MCDVPLX4Z060;MERCEDES;C 63 S-AMG;entrainement
M10MCDVPKL30330;MERCEDES;C 300;entrainement
M10MCDVPKL31331;MERCEDES;C 300;entrainement
M10MCDVPKL32332;MERCEDES;C 300;entrainement
M10MCDVPKL33333;MERCEDES;C 300;entrainement
M10MCDVPKL34334;MERCEDES;C 300;entrainement
M10MCDVPKL35335;MERCEDES;C 300;entrainement
M10MCDVPKL36336;MERCEDES;C 300;entrainement
M10MCDVPKL39303;MERCEDES;C 300;entrainement
M10MCDVPKL3A304;MERCEDES;C 300;entrainement
M10MCDVPKL3B305;MERCEDES;C 300;entrainement
M10MCDVPKL3C306;MERCEDES;C 300;entrainement
M10MCDVPKL3D307;MERCEDES;C 300;entrainement
M10MCDVPKL3E308;MERCEDES;C 300;entrainement
M10MCDVPKL3F309;MERCEDES;C 300;entrainement
M10MCDVPKL3G310;MERCEDES;C 300;entrainement
M10MCDVPKL3H311;MERCEDES;C 300;entrainement
M10MCDVPKL3J312;MERCEDES;C 300;entrainement
M10MCDVPKL3J313;MERCEDES;C 300;entrainement
M10MCDVPKL3K314;MERCEDES;C 300;entrainement
M10MCDVPKL3L315;MERCEDES;C 300;entrainement
M10MCDVPKL3M316;MERCEDES;C 300;entrainement
M10MCDVPKL3N317;MERCEDES;C 300;entrainement
M10MCDVPKL3P318;MERCEDES;C 300;entrainement
M10MCDVPKL3P319;MERCEDES;C 300;entrainement
M10MCDVPKL3R320;MERCEDES;C 300;entrainement
M10MCDVPKL3R321;MERCEDES;C 300;entrainement
M10MCDVPKL3S322;MERCEDES;C 300;entrainement
M10MCDVPKL3T323;MERCEDES;C 300;entrainement
M10MCDVPKL3U324;MERCEDES;C 300;entrainement
M10MCDVPKL3V325;MERCEDES;C 300;entrainement
M10MCDVPKL3W326;MERCEDES;C 300;entrainement
M10MCDVPKL3X327;MERCEDES;C 300;entrainement
M10MCDVPKL3Y328;MERCEDES;C 300;entrainement
M10MCDVPKL3Z329;MERCEDES;C 300;entrainement
M10MCDVPLX30547;MERCEDES;C 300;entrainement
M10MCDVPLX31548;MERCEDES;C 300;entrainement
M10MCDVPLX32549;MERCEDES;C 300;entrainement
M10MCDVPLX37518;MERCEDES;C 300;entrainement
M10MCDVPLX38519;MERCEDES;C 300;entrainement
M10MCDVPLX39520;MERCEDES;C 300;entrainement
M10MCDVPLX3A521;MERCEDES;C 300;entrainement
M10MCDVPLX3B522;MERCEDES;C 300;entrainement
M10MCDVPLX3C523;MERCEDES;C 300;entrainement
M10MCDVPLX3D524;MERCEDES;C 300;entrainement
M10MCDVPLX3E525;MERCEDES;C 300;entrainement
M10MCDVPLX3F526;MERCEDES;C 300;entrainement
M10MCDVPLX3G527;MERCEDES;C 300;entrainement
M10MCDVPLX3H528;MERCEDES;C 300;entrainement
M10MCDVPLX3J529;MERCEDES;C 300;entrainement
M10MCDVPLX3J530;MERCEDES;C 300;entrainement
M10MCDVPLX3K531;MERCEDES;C 300;entrainement
M10MCDVPLX3L532;MERCEDES;C 300;entrainement
M10MCDVPLX3M533;MERCEDES;C 300;entrainement
M10MCDVPLX3N534;MERCEDES;C 300;entrainement
M10MCDVPLX3P535;MERCEDES;C 300;entrainement
M10MCDVPLX3P536;MERCEDES;C 300;entrainement
M10MCDVPLX3R537;MERCEDES;C 300;entrainement
M10MCDVPLX3R538;MERCEDES;C 300;entrainement
M10MCDVPLX3S539;MERCEDES;C 300;entrainement
M10MCDVPLX3T540;MERCEDES;C 300;entrainement
M10MCDVPLX3U541;MERCEDES;C 300;entrainement
M10MCDVPLX3V542;MERCEDES;C 300;entrainement
M10MCDVPLX3W543;MERCEDES;C 300;entrainement
M10MCDVPLX3X544;MERCEDES;C 300;entrainement
M10MCDVPLX3Y545;MERCEDES;C 300;entrainement
M10MCDVPLX3Z546;MERCEDES;C 300;entrainement
M10MCDVPPT90674;MERCEDES;C 300;entrainement
M10MCDVPPT91675;MERCEDES;C 300;entrainement
M10MCDVPPT92676;MERCEDES;C 300;entrainement
M10MCDVPPT93677;MERCEDES;C 300;entrainement
M10MCDVPPT9M660;MERCEDES;C 300;entrainement
M10MCDVPPT9N661;MERCEDES;C 300;entrainement
M10MCDVPPT9P662;MERCEDES;C 300;entrainement
M10MCDVPPT9P663;MERCEDES;C 300;entrainement
M10MCDVPPT9R664;MERCEDES;C 300;entrainement
M10MCDVPPT9R665;MERCEDES;C 300;entrainement
M10MCDVPPT9S666;MERCEDES;C 300;entrainement
M10MCDVPPT9T667;MERCEDES;C 300;entrainement
M10MCDVPPT9U668;MERCEDES;C 300;entrainement
M10MCDVPPT9V669;MERCEDES;C 300;entrainement
M10MCDVPPT9W670;MERCEDES;C 300;entrainement
M10MCDVPPT9X671;MERCEDES;C 300;entrainement
M10MCDVPPT9Y672;MERCEDES;C 300;entrainement
M10MCDVPPT9Z673;MERCEDES;C 300;entrainement
M10MCDVPPW70540;MERCEDES;C 300;entrainement
M10MCDVPPW71541;MERCEDES;C 300;entrainement
M10MCDVPPW72542;MERCEDES;C 300;entrainement
M10MCDVPPW73543;MERCEDES;C 300;entrainement
M10MCDVPPW74544;MERCEDES;C 300;entrainement
M10MCDVPPW75545;MERCEDES;C 300;entrainement
M10MCDVPPW76546;MERCEDES;C 300;entrainement
M10MCDVPPW77547;MERCEDES;C 300;entrainement
M10MCDVPPW78548;MERCEDES;C 300;entrainement
M10MCDVPPW79549;MERCEDES;C 300;entrainement
M10MCDVPPW7A550;MERCEDES;C 300;entrainement
M10MCDVPPW7B551;MERCEDES;C 300;entrainement
M10MCDVPPW7C552;MERCEDES;C 300;entrainement
M10MCDVPPW7D553;MERCEDES;C 300;entrainement
M10MCDVPPW7E554;MERCEDES;C 300;entrainement
M10MCDVPPW7F555;MERCEDES;C 300;entrainement
M10MCDVPPW7J522;MERCEDES;C 300;entrainement
M10MCDVPPW7J523;MERCEDES;C 300;entrainement
M10MCDVPPW7K524;MERCEDES;C 300;entrainement
M10MCDVPPW7L525;MERCEDES;C 300;entrainement
M10MCDVPPW7M526;MERCEDES;C 300;entrainement
M10MCDVPPW7N527;MERCEDES;C 300;entrainement
M10MCDVPPW7P528;MERCEDES;C 300;entrainement
M10MCDVPPW7P529;MERCEDES;C 300;entrainement
M10MCDVPPW7R530;MERCEDES;C 300;entrainement
M10MCDVPPW7R531;MERCEDES;C 300;entrainement
M10MCDVPPW7S532;MERCEDES;C 300;entrainement
M10MCDVPPW7T533;MERCEDES;C 300;entrainement
M10MCDVPPW7U534;MERCEDES;C 300;entrainement
M10MCDVPPW7V535;MERCEDES;C 300;entrainement
M10MCDVPPW7W536;MERCEDES;C 300;entrainement
M10MCDVPPW7X537;MERCEDES;C 300;entrainement
M10MCDVPPW7Y538;MERCEDES;C 300;entrainement
M10MCDVPPW7Z539;MERCEDES;C 300;entrainement
M10MCDVPKL30912;MERCEDES;C 180;test
M10MCDVPKL30948;MERCEDES;C 180;test
M10MCDVPKL31913;MERCEDES;C 180;test
M10MCDVPKL31949;MERCEDES;C 180;test
M10MCDVPKL32914;MERCEDES;C 180;test
M10MCDVPKL32950;MERCEDES;C 180;test
M10MCDVPKL33915;MERCEDES;C 180;test
M10MCDVPKL33951;MERCEDES;C 180;test
M10MCDVPKL34916;MERCEDES;C 180;test
M10MCDVPKL34952;MERCEDES;C 180;test
M10MCDVPKL35917;MERCEDES;C 180;test
M10MCDVPKL36918;MERCEDES;C 180;test
M10MCDVPKL37919;MERCEDES;C 180;test
M10MCDVPKL38920;MERCEDES;C 180;test
M10MCDVPKL39921;MERCEDES;C 180;test
M10MCDVPKL3A922;MERCEDES;C 180;test
M10MCDVPKL3B923;MERCEDES;C 180;test
M10MCDVPKL3C924;MERCEDES;C 180;test
M10MCDVPKL3D925;MERCEDES;C 180;test
M10MCDVPKL3E926;MERCEDES;C 180;test
M10MCDVPKL3F927;MERCEDES;C 180;test
M10MCDVPKL3G928;MERCEDES;C 180;test
M10MCDVPKL3H929;MERCEDES;C 180;test
M10MCDVPKL3J930;MERCEDES;C 180;test
M10MCDVPKL3J931;MERCEDES;C 180;test
M10MCDVPKL3K932;MERCEDES;C 180;test
M10MCDVPKL3L933;MERCEDES;C 180;test
M10MCDVPKL3M934;MERCEDES;C 180;test
M10MCDVPKL3N935;MERCEDES;C 180;test
M10MCDVPKL3P936;MERCEDES;C 180;test
M10MCDVPKL3P937;MERCEDES;C 180;test
M10MCDVPKL3R938;MERCEDES;C 180;test
M10MCDVPKL3R939;MERCEDES;C 180;test
M10MCDVPKL3S940;MERCEDES;C 180;test
M10MCDVPKL3T905;MERCEDES;C 180;test
M10MCDVPKL3T941;MERCEDES;C 180;test
M10MCDVPKL3U906;MERCEDES;C 180;test
M10MCDVPKL3U942;MERCEDES;C 180;test
M10MCDVPKL3V907;MERCEDES;C 180;test
M10MCDVPKL3V943;MERCEDES;C 180;test
M10MCDVPKL3W908;MERCEDES;C 180;test
M10MCDVPKL3W944;MERCEDES;C 180;test
M10MCDVPKL3X909;MERCEDES;C 180;test
M10MCDVPKL3X945;MERCEDES;C 180;test
M10MCDVPKL3Y910;MERCEDES;C 180;test
M10MCDVPKL3Y946;MERCEDES;C 180;test
M10MCDVPKL3Z911;MERCEDES;C 180;test
M10MCDVPKL3Z947;MERCEDES;C 180;test
M10MCDVPLX30935;MERCEDES;C 180;test
M10MCDVPLX31936;MERCEDES;C 180;test
M10MCDVPLX32937;MERCEDES;C 180;test
M10MCDVPLX33902;MERCEDES;C 180;test
M10MCDVPLX33938;MERCEDES;C 180;test
M10MCDVPLX34903;MERCEDES;C 180;test
M10MCDVPLX34939;MERCEDES;C 180;test
M10MCDVPLX35904;MERCEDES;C 180;test
M10MCDVPLX35940;MERCEDES;C 180;test
M10MCDVPLX36905;MERCEDES;C 180;test
M10MCDVPLX36941;MERCEDES;C 180;test
M10MCDVPLX37906;MERCEDES;C 180;test
M10MCDVPLX37942;MERCEDES;C 180;test
M10MCDVPLX38907;MERCEDES;C 180;test
M10MCDVPLX38943;MERCEDES;C 180;test
M10MCDVPLX39908;MERCEDES;C 180;test
M10MCDVPLX39944;MERCEDES;C 180;test
M10MCDVPLX3A909;MERCEDES;C 180;test
M10MCDVPLX3A945;MERCEDES;C 180;test
M10MCDVPLX3A970;MERCEDES;C 180;test
M10MCDVPLX3B910;MERCEDES;C 180;test
M10MCDVPLX3B946;MERCEDES;C 180;test
M10MCDVPLX3B971;MERCEDES;C 180;test
M10MCDVPLX3C911;MERCEDES;C 180;test
M10MCDVPLX3C947;MERCEDES;C 180;test
M10MCDVPLX3C972;MERCEDES;C 180;test
M10MCDVPLX3D912;MERCEDES;C 180;test
M10MCDVPLX3D948;MERCEDES;C 180;test
M10MCDVPLX3D973;MERCEDES;C 180;test
M10MCDVPLX3E913;MERCEDES;C 180;test
M10MCDVPLX3E949;MERCEDES;C 180;test
M10MCDVPLX3E974;MERCEDES;C 180;test
M10MCDVPLX3F914;MERCEDES;C 180;test
M10MCDVPLX3F950;MERCEDES;C 180;test
M10MCDVPLX3F975;MERCEDES;C 180;test
M10MCDVPLX3G915;MERCEDES;C 180;test
M10MCDVPLX3G951;MERCEDES;C 180;test
M10MCDVPLX3G976;MERCEDES;C 180;test
M10MCDVPLX3H916;MERCEDES;C 180;test
M10MCDVPLX3H952;MERCEDES;C 180;test
M10MCDVPLX3H977;MERCEDES;C 180;test
M10MCDVPLX3J917;MERCEDES;C 180;test
M10MCDVPLX3J918;MERCEDES;C 180;test
M10MCDVPLX3J953;MERCEDES;C 180;test
M10MCDVPLX3J954;MERCEDES;C 180;test
M10MCDVPLX3J978;MERCEDES;C 180;test
M10MCDVPLX3J979;MERCEDES;C 180;test
M10MCDVPLX3K919;MERCEDES;C 180;test
M10MCDVPLX3K955;MERCEDES;C 180;test
M10MCDVPLX3K980;MERCEDES;C 180;test
M10MCDVPLX3L920;MERCEDES;C 180;test
M10MCDVPLX3L956;MERCEDES;C 180;test
M10MCDVPLX3L981;MERCEDES;C 180;test
M10MCDVPLX3M921;MERCEDES;C 180;test
M10MCDVPLX3M957;MERCEDES;C 180;test
M10MCDVPLX3M982;MERCEDES;C 180;test
M10MCDVPLX3N922;MERCEDES;C 180;test
M10MCDVPLX3N958;MERCEDES;C 180;test
M10MCDVPLX3N983;MERCEDES;C 180;test
M10MCDVPLX3P923;MERCEDES;C 180;test
M10MCDVPLX3P924;MERCEDES;C 180;test
M10MCDVPLX3P959;MERCEDES;C 180;test
M10MCDVPLX3P960;MERCEDES;C 180;test
M10MCDVPLX3P984;MERCEDES;C 180;test
M10MCDVPLX3P985;MERCEDES;C 180;test
M10MCDVPLX3R925;MERCEDES;C 180;test
M10MCDVPLX3R926;MERCEDES;C 180;test
M10MCDVPLX3R961;MERCEDES;C 180;test
M10MCDVPLX3R962;MERCEDES;C 180;test
M10MCDVPLX3R986;MERCEDES;C 180;test
M10MCDVPLX3R987;MERCEDES;C 180;test
M10MCDVPLX3S927;MERCEDES;C 180;test
M10MCDVPLX3S963;MERCEDES;C 180;test
M10MCDVPLX3S988;MERCEDES;C 180;test
M10MCDVPLX3T928;MERCEDES;C 180;test
M10MCDVPLX3T964;MERCEDES;C 180;test
M10MCDVPLX3T989;MERCEDES;C 180;test
M10MCDVPLX3U929;MERCEDES;C 180;test
M10MCDVPLX3U965;MERCEDES;C 180;test
M10MCDVPLX3V930;MERCEDES;C 180;test
M10MCDVPLX3V966;MERCEDES;C 180;test
M10MCDVPLX3W931;MERCEDES;C 180;test
M10MCDVPLX3W967;MERCEDES;C 180;test
M10MCDVPLX3X932;MERCEDES;C 180;test
M10MCDVPLX3X968;MERCEDES;C 180;test
M10MCDVPLX3Y933;MERCEDES;C 180;test
M10MCDVPLX3Y969;MERCEDES;C 180;test
M10MCDVPLX3Z934;MERCEDES;C 180;test
M10MCDVPPU00161;MERCEDES;C 180;test
M10MCDVPPU01162;MERCEDES;C 180;test
M10MCDVPPU02163;MERCEDES;C 180;test
M10MCDVPPU03164;MERCEDES;C 180;test
M10MCDVPPU04165;MERCEDES;C 180;test
M10MCDVPPU05166;MERCEDES;C 180;test
M10MCDVPPU06167;MERCEDES;C 180;test
M10MCDVPPU07168;MERCEDES;C 180;test
M10MCDVPPU08169;MERCEDES;C 180;test
M10MCDVPPU08194;MERCEDES;C 180;test
M10MCDVPPU09170;MERCEDES;C 180;test
M10MCDVPPU09195;MERCEDES;C 180;test
M10MCDVPPU0A171;MERCEDES;C 180;test
M10MCDVPPU0A196;MERCEDES;C 180;test
M10MCDVPPU0B172;MERCEDES;C 180;test
M10MCDVPPU0B197;MERCEDES;C 180;test
M10MCDVPPU0C173;MERCEDES;C 180;test
M10MCDVPPU0C198;MERCEDES;C 180;test
M10MCDVPPU0D174;MERCEDES;C 180;test
M10MCDVPPU0D199;MERCEDES;C 180;test
M10MCDVPPU0E175;MERCEDES;C 180;test
M10MCDVPPU0E200;MERCEDES;C 180;test
M10MCDVPPU0F176;MERCEDES;C 180;test
M10MCDVPPU0F201;MERCEDES;C 180;test
M10MCDVPPU0G177;MERCEDES;C 180;test
M10MCDVPPU0G202;MERCEDES;C 180;test
M10MCDVPPU0H178;MERCEDES;C 180;test
M10MCDVPPU0H203;MERCEDES;C 180;test
M10MCDVPPU0J179;MERCEDES;C 180;test
M10MCDVPPU0J180;MERCEDES;C 180;test
M10MCDVPPU0J204;MERCEDES;C 180;test
M10MCDVPPU0J205;MERCEDES;C 180;test
M10MCDVPPU0K181;MERCEDES;C 180;test
M10MCDVPPU0K206;MERCEDES;C 180;test
M10MCDVPPU0L182;MERCEDES;C 180;test
M10MCDVPPU0L207;MERCEDES;C 180;test
M10MCDVPPU0M183;MERCEDES;C 180;test
M10MCDVPPU0M208;MERCEDES;C 180;test
M10MCDVPPU0N184;MERCEDES;C 180;test
M10MCDVPPU0N209;MERCEDES;C 180;test
M10MCDVPPU0P185;MERCEDES;C 180;test
M10MCDVPPU0P186;MERCEDES;C 180;test
M10MCDVPPU0P210;MERCEDES;C 180;test
M10MCDVPPU0P211;MERCEDES;C 180;test
M10MCDVPPU0R187;MERCEDES;C 180;test
M10MCDVPPU0R188;MERCEDES;C 180;test
M10MCDVPPU0R212;MERCEDES;C 180;test
M10MCDVPPU0R213;MERCEDES;C 180;test
M10MCDVPPU0S189;MERCEDES;C 180;test
M10MCDVPPU0S214;MERCEDES;C 180;test
M10MCDVPPU0T154;MERCEDES;C 180;test
M10MCDVPPU0T190;MERCEDES;C 180;test
M10MCDVPPU0T215;MERCEDES;C 180;test
M10MCDVPPU0U155;MERCEDES;C 180;test
M10MCDVPPU0U191;MERCEDES;C 180;test
M10MCDVPPU0U216;MERCEDES;C 180;test
M10MCDVPPU0V156;MERCEDES;C 180;test
M10MCDVPPU0V192;MERCEDES;C 180;test
M10MCDVPPU0V217;MERCEDES;C 180;test
M10MCDVPPU0W157;MERCEDES;C 180;test
M10MCDVPPU0W193;MERCEDES;C 180;test
M10MCDVPPU0W218;MERCEDES;C 180;test
M10MCDVPPU0X158;MERCEDES;C 180;test
M10MCDVPPU0X219;MERCEDES;C 180;test
M10MCDVPPU0Y159;MERCEDES;C 180;test
M10MCDVPPU0Z160;MERCEDES;C 180;test
M10MCDVPPW80090;MERCEDES;C 180;test
M10MCDVPPW80115;MERCEDES;C 180;test
M10MCDVPPW81091;MERCEDES;C 180;test
M10MCDVPPW81116;MERCEDES;C 180;test
M10MCDVPPW82092;MERCEDES;C 180;test
M10MCDVPPW82117;MERCEDES;C 180;test
M10MCDVPPW83093;MERCEDES;C 180;test
M10MCDVPPW83118;MERCEDES;C 180;test
M10MCDVPPW84094;MERCEDES;C 180;test
M10MCDVPPW84119;MERCEDES;C 180;test
M10MCDVPPW85095;MERCEDES;C 180;test
M10MCDVPPW85120;MERCEDES;C 180;test
M10MCDVPPW86060;MERCEDES;C 180;test
M10MCDVPPW86096;MERCEDES;C 180;test
M10MCDVPPW86121;MERCEDES;C 180;test
M10MCDVPPW87061;MERCEDES;C 180;test
M10MCDVPPW87122;MERCEDES;C 180;test
M10MCDVPPW88062;MERCEDES;C 180;test
M10MCDVPPW88123;MERCEDES;C 180;test
M10MCDVPPW89063;MERCEDES;C 180;test
M10MCDVPPW89124;MERCEDES;C 180;test
M10MCDVPPW8A064;MERCEDES;C 180;test
M10MCDVPPW8A125;MERCEDES;C 180;test
M10MCDVPPW8B065;MERCEDES;C 180;test
M10MCDVPPW8B126;MERCEDES;C 180;test
M10MCDVPPW8C066;MERCEDES;C 180;test
M10MCDVPPW8C127;MERCEDES;C 180;test
M10MCDVPPW8D067;MERCEDES;C 180;test
M10MCDVPPW8D128;MERCEDES;C 180;test
M10MCDVPPW8E068;MERCEDES;C 180;test
M10MCDVPPW8E129;MERCEDES;C 180;test
M10MCDVPPW8F069;MERCEDES;C 180;test
M10MCDVPPW8F130;MERCEDES;C 180;test
M10MCDVPPW8G070;MERCEDES;C 180;test
M10MCDVPPW8G131;MERCEDES;C 180;test
M10MCDVPPW8H071;MERCEDES;C 180;test
M10MCDVPPW8H132;MERCEDES;C 180;test
M10MCDVPPW8J072;MERCEDES;C 180;test
M10MCDVPPW8J073;MERCEDES;C 180;test
M10MCDVPPW8J097;MERCEDES;C 180;test
M10MCDVPPW8J098;MERCEDES;C 180;test
M10MCDVPPW8J133;MERCEDES;C 180;test
M10MCDVPPW8J134;MERCEDES;C 180;test
M10MCDVPPW8K074;MERCEDES;C 180;test
M10MCDVPPW8K099;MERCEDES;C 180;test
M10MCDVPPW8K135;MERCEDES;C 180;test
M10MCDVPPW8L075;MERCEDES;C 180;test
M10MCDVPPW8L100;MERCEDES;C 180;test
M10MCDVPPW8M076;MERCEDES;C 180;test
M10MCDVPPW8M101;MERCEDES;C 180;test
M10MCDVPPW8N077;MERCEDES;C 180;test
M10MCDVPPW8N102;MERCEDES;C 180;test
M10MCDVPPW8P078;MERCEDES;C 180;test
M10MCDVPPW8P079;MERCEDES;C 180;test
M10MCDVPPW8P103;MERCEDES;C 180;test
M10MCDVPPW8P104;MERCEDES;C 180;test
M10MCDVPPW8R080;MERCEDES;C 180;test
M10MCDVPPW8R081;MERCEDES;C 180;test
M10MCDVPPW8R105;MERCEDES;C 180;test
M10MCDVPPW8R106;MERCEDES;C 180;test
M10MCDVPPW8S082;MERCEDES;C 180;test
M10MCDVPPW8S107;MERCEDES;C 180;test
M10MCDVPPW8T083;MERCEDES;C 180;test
M10MCDVPPW8T108;MERCEDES;C 180;test
M10MCDVPPW8U084;MERCEDES;C 180;test
M10MCDVPPW8U109;MERCEDES;C 180;test
M10MCDVPPW8V085;MERCEDES;C 180;test
M10MCDVPPW8V110;MERCEDES;C 180;test
M10MCDVPPW8W086;MERCEDES;C 180;test
M10MCDVPPW8W111;MERCEDES;C 180;test
M10MCDVPPW8X087;MERCEDES;C 180;test
M10MCDVPPW8X112;MERCEDES;C 180;test
M10MCDVPPW8Y088;MERCEDES;C 180;test
M10MCDVPPW8Y113;MERCEDES;C 180;test
M10MCDVPPW8Z089;MERCEDES;C 180;test
M10MCDVPPW8Z114;MERCEDES;C 180;test
M10MCDVPKL30876;MERCEDES;C 200;entrainement
M10MCDVPKL31877;MERCEDES;C 200;entrainement
M10MCDVPKL32878;MERCEDES;C 200;entrainement
M10MCDVPKL33879;MERCEDES;C 200;entrainement
M10MCDVPKL34880;MERCEDES;C 200;entrainement
M10MCDVPKL35881;MERCEDES;C 200;entrainement
M10MCDVPKL36857;MERCEDES;C 200;entrainement
M10MCDVPKL36882;MERCEDES;C 200;entrainement
M10MCDVPKL37858;MERCEDES;C 200;entrainement
M10MCDVPKL37883;MERCEDES;C 200;entrainement
M10MCDVPKL38859;MERCEDES;C 200;entrainement
M10MCDVPKL38884;MERCEDES;C 200;entrainement
M10MCDVPKL39860;MERCEDES;C 200;entrainement
M10MCDVPKL39885;MERCEDES;C 200;entrainement
M10MCDVPKL3A861;MERCEDES;C 200;entrainement
M10MCDVPKL3A886;MERCEDES;C 200;entrainement
M10MCDVPKL3B862;MERCEDES;C 200;entrainement
M10MCDVPKL3B887;MERCEDES;C 200;entrainement
M10MCDVPKL3C863;MERCEDES;C 200;entrainement
M10MCDVPKL3C888;MERCEDES;C 200;entrainement
M10MCDVPKL3D864;MERCEDES;C 200;entrainement
M10MCDVPKL3D889;MERCEDES;C 200;entrainement
M10MCDVPKL3E865;MERCEDES;C 200;entrainement
M10MCDVPKL3E890;MERCEDES;C 200;entrainement
M10MCDVPKL3F866;MERCEDES;C 200;entrainement
M10MCDVPKL3F891;MERCEDES;C 200;entrainement
M10MCDVPKL3G867;MERCEDES;C 200;entrainement
M10MCDVPKL3G892;MERCEDES;C 200;entrainement
M10MCDVPKL3H868;MERCEDES;C 200;entrainement
M10MCDVPKL3H893;MERCEDES;C 200;entrainement
M10MCDVPKL3J869;MERCEDES;C 200;entrainement
M10MCDVPKL3J870;MERCEDES;C 200;entrainement
M10MCDVPKL3J894;MERCEDES;C 200;entrainement
M10MCDVPKL3J895;MERCEDES;C 200;entrainement
M10MCDVPKL3K871;MERCEDES;C 200;entrainement
M10MCDVPKL3K896;MERCEDES;C 200;entrainement
M10MCDVPKL3L872;MERCEDES;C 200;entrainement
M10MCDVPKL3L897;MERCEDES;C 200;entrainement
M10MCDVPKL3M898;MERCEDES;C 200;entrainement
M10MCDVPKL3N899;MERCEDES;C 200;entrainement
M10MCDVPKL3P900;MERCEDES;C 200;entrainement
M10MCDVPKL3P901;MERCEDES;C 200;entrainement
M10MCDVPKL3R902;MERCEDES;C 200;entrainement
M10MCDVPKL3R903;MERCEDES;C 200;entrainement
M10MCDVPKL3S904;MERCEDES;C 200;entrainement
M10MCDVPKL3X873;MERCEDES;C 200;entrainement
M10MCDVPKL3Y874;MERCEDES;C 200;entrainement
M10MCDVPKL3Z875;MERCEDES;C 200;entrainement
M10MCDVPLX30838;MERCEDES;C 200;entrainement
M10MCDVPLX30899;MERCEDES;C 200;entrainement
M10MCDVPLX31839;MERCEDES;C 200;entrainement
M10MCDVPLX31900;MERCEDES;C 200;entrainement
M10MCDVPLX32840;MERCEDES;C 200;entrainement
M10MCDVPLX32901;MERCEDES;C 200;entrainement
M10MCDVPLX33841;MERCEDES;C 200;entrainement
M10MCDVPLX34842;MERCEDES;C 200;entrainement
M10MCDVPLX35843;MERCEDES;C 200;entrainement
M10MCDVPLX36844;MERCEDES;C 200;entrainement
M10MCDVPLX37845;MERCEDES;C 200;entrainement
M10MCDVPLX38846;MERCEDES;C 200;entrainement
M10MCDVPLX39847;MERCEDES;C 200;entrainement
M10MCDVPLX3A848;MERCEDES;C 200;entrainement
M10MCDVPLX3A873;MERCEDES;C 200;entrainement
M10MCDVPLX3B849;MERCEDES;C 200;entrainement
M10MCDVPLX3B874;MERCEDES;C 200;entrainement
M10MCDVPLX3C814;MERCEDES;C 200;entrainement
M10MCDVPLX3C850;MERCEDES;C 200;entrainement
M10MCDVPLX3C875;MERCEDES;C 200;entrainement
M10MCDVPLX3D815;MERCEDES;C 200;entrainement
M10MCDVPLX3D851;MERCEDES;C 200;entrainement
M10MCDVPLX3D876;MERCEDES;C 200;entrainement
M10MCDVPLX3E816;MERCEDES;C 200;entrainement
M10MCDVPLX3E852;MERCEDES;C 200;entrainement
M10MCDVPLX3E877;MERCEDES;C 200;entrainement
M10MCDVPLX3F817;MERCEDES;C 200;entrainement
M10MCDVPLX3F853;MERCEDES;C 200;entrainement
M10MCDVPLX3F878;MERCEDES;C 200;entrainement
M10MCDVPLX3G818;MERCEDES;C 200;entrainement
M10MCDVPLX3G854;MERCEDES;C 200;entrainement
M10MCDVPLX3G879;MERCEDES;C 200;entrainement
M10MCDVPLX3H819;MERCEDES;C 200;entrainement
M10MCDVPLX3H855;MERCEDES;C 200;entrainement
M10MCDVPLX3H880;MERCEDES;C 200;entrainement
M10MCDVPLX3J820;MERCEDES;C 200;entrainement
M10MCDVPLX3J821;MERCEDES;C 200;entrainement
M10MCDVPLX3J856;MERCEDES;C 200;entrainement
M10MCDVPLX3J857;MERCEDES;C 200;entrainement
M10MCDVPLX3J881;MERCEDES;C 200;entrainement
M10MCDVPLX3J882;MERCEDES;C 200;entrainement
M10MCDVPLX3K822;MERCEDES;C 200;entrainement
M10MCDVPLX3K858;MERCEDES;C 200;entrainement
M10MCDVPLX3K883;MERCEDES;C 200;entrainement
M10MCDVPLX3L823;MERCEDES;C 200;entrainement
M10MCDVPLX3L859;MERCEDES;C 200;entrainement
M10MCDVPLX3L884;MERCEDES;C 200;entrainement
M10MCDVPLX3M824;MERCEDES;C 200;entrainement
M10MCDVPLX3M860;MERCEDES;C 200;entrainement
M10MCDVPLX3M885;MERCEDES;C 200;entrainement
M10MCDVPLX3N825;MERCEDES;C 200;entrainement
M10MCDVPLX3N861;MERCEDES;C 200;entrainement
M10MCDVPLX3N886;MERCEDES;C 200;entrainement
M10MCDVPLX3P826;MERCEDES;C 200;entrainement
M10MCDVPLX3P827;MERCEDES;C 200;entrainement
M10MCDVPLX3P862;MERCEDES;C 200;entrainement
M10MCDVPLX3P863;MERCEDES;C 200;entrainement
M10MCDVPLX3P887;MERCEDES;C 200;entrainement
M10MCDVPLX3P888;MERCEDES;C 200;entrainement
M10MCDVPLX3R828;MERCEDES;C 200;entrainement
M10MCDVPLX3R829;MERCEDES;C 200;entrainement
M10MCDVPLX3R864;MERCEDES;C 200;entrainement
M10MCDVPLX3R865;MERCEDES;C 200;entrainement
M10MCDVPLX3R889;MERCEDES;C 200;entrainement
M10MCDVPLX3R890;MERCEDES;C 200;entrainement
M10MCDVPLX3S830;MERCEDES;C 200;entrainement
M10MCDVPLX3S866;MERCEDES;C 200;entrainement
M10MCDVPLX3S891;MERCEDES;C 200;entrainement
M10MCDVPLX3T831;MERCEDES;C 200;entrainement
M10MCDVPLX3T867;MERCEDES;C 200;entrainement
M10MCDVPLX3T892;MERCEDES;C 200;entrainement
M10MCDVPLX3U832;MERCEDES;C 200;entrainement
M10MCDVPLX3U868;MERCEDES;C 200;entrainement
M10MCDVPLX3U893;MERCEDES;C 200;entrainement
M10MCDVPLX3V833;MERCEDES;C 200;entrainement
M10MCDVPLX3V869;MERCEDES;C 200;entrainement
M10MCDVPLX3V894;MERCEDES;C 200;entrainement
M10MCDVPLX3W834;MERCEDES;C 200;entrainement
M10MCDVPLX3W870;MERCEDES;C 200;entrainement
M10MCDVPLX3W895;MERCEDES;C 200;entrainement
M10MCDVPLX3X835;MERCEDES;C 200;entrainement
M10MCDVPLX3X871;MERCEDES;C 200;entrainement
M10MCDVPLX3X896;MERCEDES;C 200;entrainement
M10MCDVPLX3Y836;MERCEDES;C 200;entrainement
M10MCDVPLX3Y872;MERCEDES;C 200;entrainement
M10MCDVPLX3Y897;MERCEDES;C 200;entrainement
M10MCDVPLX3Z837;MERCEDES;C 200;entrainement
M10MCDVPLX3Z898;MERCEDES;C 200;entrainement
M10MCDVPPT90796;MERCEDES;C 200;entrainement
M10MCDVPPT91797;MERCEDES;C 200;entrainement
M10MCDVPPT92798;MERCEDES;C 200;entrainement
M10MCDVPPT93799;MERCEDES;C 200;entrainement
M10MCDVPPT94800;MERCEDES;C 200;entrainement
M10MCDVPPT95801;MERCEDES;C 200;entrainement
M10MCDVPPT96802;MERCEDES;C 200;entrainement
M10MCDVPPT97803;MERCEDES;C 200;entrainement
M10MCDVPPT98804;MERCEDES;C 200;entrainement
M10MCDVPPT99805;MERCEDES;C 200;entrainement
M10MCDVPPT9A806;MERCEDES;C 200;entrainement
M10MCDVPPT9B807;MERCEDES;C 200;entrainement
M10MCDVPPT9C808;MERCEDES;C 200;entrainement
M10MCDVPPT9D809;MERCEDES;C 200;entrainement
M10MCDVPPT9E810;MERCEDES;C 200;entrainement
M10MCDVPPT9F811;MERCEDES;C 200;entrainement
M10MCDVPPT9G812;MERCEDES;C 200;entrainement
M10MCDVPPT9H813;MERCEDES;C 200;entrainement
M10MCDVPPT9J814;MERCEDES;C 200;entrainement
M10MCDVPPT9J815;MERCEDES;C 200;entrainement
M10MCDVPPT9K816;MERCEDES;C 200;entrainement
M10MCDVPPT9L817;MERCEDES;C 200;entrainement
M10MCDVPPT9M818;MERCEDES;C 200;entrainement
M10MCDVPPT9N819;MERCEDES;C 200;entrainement
M10MCDVPPT9U790;MERCEDES;C 200;entrainement
M10MCDVPPT9V791;MERCEDES;C 200;entrainement
M10MCDVPPT9W792;MERCEDES;C 200;entrainement
M10MCDVPPT9X793;MERCEDES;C 200;entrainement
M10MCDVPPT9Y794;MERCEDES;C 200;entrainement
M10MCDVPPT9Z795;MERCEDES;C 200;entrainement
M10MCDVPPU00125;MERCEDES;C 200;entrainement
M10MCDVPPU01126;MERCEDES;C 200;entrainement
M10MCDVPPU02127;MERCEDES;C 200;entrainement
M10MCDVPPU03128;MERCEDES;C 200;entrainement
M10MCDVPPU04129;MERCEDES;C 200;entrainement
M10MCDVPPU05130;MERCEDES;C 200;entrainement
M10MCDVPPU06131;MERCEDES;C 200;entrainement
M10MCDVPPU07132;MERCEDES;C 200;entrainement
M10MCDVPPU08097;MERCEDES;C 200;entrainement
M10MCDVPPU08133;MERCEDES;C 200;entrainement
M10MCDVPPU09098;MERCEDES;C 200;entrainement
M10MCDVPPU09134;MERCEDES;C 200;entrainement
M10MCDVPPU0A099;MERCEDES;C 200;entrainement
M10MCDVPPU0A135;MERCEDES;C 200;entrainement
M10MCDVPPU0B100;MERCEDES;C 200;entrainement
M10MCDVPPU0B136;MERCEDES;C 200;entrainement
M10MCDVPPU0C101;MERCEDES;C 200;entrainement
M10MCDVPPU0C137;MERCEDES;C 200;entrainement
M10MCDVPPU0D102;MERCEDES;C 200;entrainement
M10MCDVPPU0D138;MERCEDES;C 200;entrainement
M10MCDVPPU0E103;MERCEDES;C 200;entrainement
M10MCDVPPU0E139;MERCEDES;C 200;entrainement
M10MCDVPPU0F104;MERCEDES;C 200;entrainement
M10MCDVPPU0F140;MERCEDES;C 200;entrainement
M10MCDVPPU0G105;MERCEDES;C 200;entrainement
M10MCDVPPU0G141;MERCEDES;C 200;entrainement
M10MCDVPPU0H106;MERCEDES;C 200;entrainement
M10MCDVPPU0H142;MERCEDES;C 200;entrainement
M10MCDVPPU0J107;MERCEDES;C 200;entrainement
M10MCDVPPU0J108;MERCEDES;C 200;entrainement
M10MCDVPPU0J143;MERCEDES;C 200;entrainement
M10MCDVPPU0J144;MERCEDES;C 200;entrainement
M10MCDVPPU0K109;MERCEDES;C 200;entrainement
M10MCDVPPU0K145;MERCEDES;C 200;entrainement
M10MCDVPPU0L110;MERCEDES;C 200;entrainement
M10MCDVPPU0L146;MERCEDES;C 200;entrainement
M10MCDVPPU0M111;MERCEDES;C 200;entrainement
M10MCDVPPU0M147;MERCEDES;C 200;entrainement
M10MCDVPPU0N112;MERCEDES;C 200;entrainement
M10MCDVPPU0N148;MERCEDES;C 200;entrainement
M10MCDVPPU0P088;MERCEDES;C 200;entrainement
M10MCDVPPU0P089;MERCEDES;C 200;entrainement
M10MCDVPPU0P113;MERCEDES;C 200;entrainement
M10MCDVPPU0P114;MERCEDES;C 200;entrainement
M10MCDVPPU0P149;MERCEDES;C 200;entrainement
M10MCDVPPU0P150;MERCEDES;C 200;entrainement
M10MCDVPPU0R090;MERCEDES;C 200;entrainement
M10MCDVPPU0R091;MERCEDES;C 200;entrainement
M10MCDVPPU0R115;MERCEDES;C 200;entrainement
M10MCDVPPU0R116;MERCEDES;C 200;entrainement
M10MCDVPPU0R151;MERCEDES;C 200;entrainement
M10MCDVPPU0R152;MERCEDES;C 200;entrainement
M10MCDVPPU0S092;MERCEDES;C 200;entrainement
M10MCDVPPU0S117;MERCEDES;C 200;entrainement
M10MCDVPPU0S153;MERCEDES;C 200;entrainement
M10MCDVPPU0T093;MERCEDES;C 200;entrainement
M10MCDVPPU0T118;MERCEDES;C 200;entrainement
M10MCDVPPU0U094;MERCEDES;C 200;entrainement
M10MCDVPPU0U119;MERCEDES;C 200;entrainement
M10MCDVPPU0V095;MERCEDES;C 200;entrainement
M10MCDVPPU0V120;MERCEDES;C 200;entrainement
M10MCDVPPU0W096;MERCEDES;C 200;entrainement
M10MCDVPPU0W121;MERCEDES;C 200;entrainement
M10MCDVPPU0X122;MERCEDES;C 200;entrainement
M10MCDVPPU0Y123;MERCEDES;C 200;entrainement
M10MCDVPPU0Z124;MERCEDES;C 200;entrainement
M10MCDVPPW70698;MERCEDES;C 200;entrainement
M10MCDVPPW70989;MERCEDES;C 200;entrainement
M10MCDVPPW71699;MERCEDES;C 200;entrainement
M10MCDVPPW71990;MERCEDES;C 200;entrainement
M10MCDVPPW72700;MERCEDES;C 200;entrainement
M10MCDVPPW72991;MERCEDES;C 200;entrainement
M10MCDVPPW73701;MERCEDES;C 200;entrainement
M10MCDVPPW73992;MERCEDES;C 200;entrainement
M10MCDVPPW74702;MERCEDES;C 200;entrainement
M10MCDVPPW74993;MERCEDES;C 200;entrainement
M10MCDVPPW75703;MERCEDES;C 200;entrainement
M10MCDVPPW75994;MERCEDES;C 200;entrainement
M10MCDVPPW76704;MERCEDES;C 200;entrainement
M10MCDVPPW76995;MERCEDES;C 200;entrainement
M10MCDVPPW77705;MERCEDES;C 200;entrainement
M10MCDVPPW77996;MERCEDES;C 200;entrainement
M10MCDVPPW78706;MERCEDES;C 200;entrainement
M10MCDVPPW78997;MERCEDES;C 200;entrainement
M10MCDVPPW79707;MERCEDES;C 200;entrainement
M10MCDVPPW79998;MERCEDES;C 200;entrainement
M10MCDVPPW7A708;MERCEDES;C 200;entrainement
M10MCDVPPW7A999;MERCEDES;C 200;entrainement
M10MCDVPPW7B709;MERCEDES;C 200;entrainement
M10MCDVPPW7C710;MERCEDES;C 200;entrainement
M10MCDVPPW7D711;MERCEDES;C 200;entrainement
M10MCDVPPW7E712;MERCEDES;C 200;entrainement
M10MCDVPPW7F713;MERCEDES;C 200;entrainement
M10MCDVPPW7G714;MERCEDES;C 200;entrainement
M10MCDVPPW7H715;MERCEDES;C 200;entrainement
M10MCDVPPW7J716;MERCEDES;C 200;entrainement
M10MCDVPPW7J717;MERCEDES;C 200;entrainement
M10MCDVPPW7K718;MERCEDES;C 200;entrainement
M10MCDVPPW7L719;MERCEDES;C 200;entrainement
M10MCDVPPW7S690;MERCEDES;C 200;entrainement
M10MCDVPPW7T691;MERCEDES;C 200;entrainement
M10MCDVPPW7U692;MERCEDES;C 200;entrainement
M10MCDVPPW7V693;MERCEDES;C 200;entrainement
M10MCDVPPW7V984;MERCEDES;C 200;entrainement
M10MCDVPPW7W694;MERCEDES;C 200;entrainement
M10MCDVPPW7W985;MERCEDES;C 200;entrainement
M10MCDVPPW7X695;MERCEDES;C 200;entrainement
M10MCDVPPW7X986;MERCEDES;C 200;entrainement
M10MCDVPPW7Y696;MERCEDES;C 200;entrainement
M10MCDVPPW7Y987;MERCEDES;C 200;entrainement
M10MCDVPPW7Z697;MERCEDES;C 200;entrainement
M10MCDVPPW7Z988;MERCEDES;C 200;entrainement
M10MCDVPPW80018;MERCEDES;C 200;entrainement
M10MCDVPPW80054;MERCEDES;C 200;entrainement
M10MCDVPPW81019;MERCEDES;C 200;entrainement
M10MCDVPPW81055;MERCEDES;C 200;entrainement
M10MCDVPPW82020;MERCEDES;C 200;entrainement
M10MCDVPPW82056;MERCEDES;C 200;entrainement
M10MCDVPPW83021;MERCEDES;C 200;entrainement
M10MCDVPPW83057;MERCEDES;C 200;entrainement
M10MCDVPPW84022;MERCEDES;C 200;entrainement
M10MCDVPPW84058;MERCEDES;C 200;entrainement
M10MCDVPPW85023;MERCEDES;C 200;entrainement
M10MCDVPPW85059;MERCEDES;C 200;entrainement
M10MCDVPPW86024;MERCEDES;C 200;entrainement
M10MCDVPPW87025;MERCEDES;C 200;entrainement
M10MCDVPPW88026;MERCEDES;C 200;entrainement
M10MCDVPPW89027;MERCEDES;C 200;entrainement
M10MCDVPPW8A028;MERCEDES;C 200;entrainement
M10MCDVPPW8B029;MERCEDES;C 200;entrainement
M10MCDVPPW8C030;MERCEDES;C 200;entrainement
M10MCDVPPW8D031;MERCEDES;C 200;entrainement
M10MCDVPPW8E032;MERCEDES;C 200;entrainement
M10MCDVPPW8F033;MERCEDES;C 200;entrainement
M10MCDVPPW8G034;MERCEDES;C 200;entrainement
M10MCDVPPW8H035;MERCEDES;C 200;entrainement
M10MCDVPPW8J000;MERCEDES;C 200;entrainement
M10MCDVPPW8J001;MERCEDES;C 200;entrainement
M10MCDVPPW8J036;MERCEDES;C 200;entrainement
M10MCDVPPW8J037;MERCEDES;C 200;entrainement
M10MCDVPPW8K002;MERCEDES;C 200;entrainement
M10MCDVPPW8K038;MERCEDES;C 200;entrainement
M10MCDVPPW8L003;MERCEDES;C 200;entrainement
M10MCDVPPW8L039;MERCEDES;C 200;entrainement
M10MCDVPPW8M004;MERCEDES;C 200;entrainement
M10MCDVPPW8M040;MERCEDES;C 200;entrainement
M10MCDVPPW8N005;MERCEDES;C 200;entrainement
M10MCDVPPW8N041;MERCEDES;C 200;entrainement
M10MCDVPPW8P006;MERCEDES;C 200;entrainement
M10MCDVPPW8P007;MERCEDES;C 200;entrainement
M10MCDVPPW8P042;MERCEDES;C 200;entrainement
M10MCDVPPW8P043;MERCEDES;C 200;entrainement
M10MCDVPPW8R008;MERCEDES;C 200;entrainement
M10MCDVPPW8R009;MERCEDES;C 200;entrainement
M10MCDVPPW8R044;MERCEDES;C 200;entrainement
M10MCDVPPW8R045;MERCEDES;C 200;entrainement
M10MCDVPPW8S010;MERCEDES;C 200;entrainement
M10MCDVPPW8S046;MERCEDES;C 200;entrainement
M10MCDVPPW8T011;MERCEDES;C 200;entrainement
M10MCDVPPW8T047;MERCEDES;C 200;entrainement
M10MCDVPPW8U012;MERCEDES;C 200;entrainement
M10MCDVPPW8U048;MERCEDES;C 200;entrainement
M10MCDVPPW8V013;MERCEDES;C 200;entrainement
M10MCDVPPW8V049;MERCEDES;C 200;entrainement
M10MCDVPPW8W014;MERCEDES;C 200;entrainement
M10MCDVPPW8W050;MERCEDES;C 200;entrainement
M10MCDVPPW8X015;MERCEDES;C 200;entrainement
M10MCDVPPW8X051;MERCEDES;C 200;entrainement
M10MCDVPPW8Y016;MERCEDES;C 200;entrainement
M10MCDVPPW8Y052;MERCEDES;C 200;entrainement
M10MCDVPPW8Z017;MERCEDES;C 200;entrainement
M10MCDVPPW8Z053;MERCEDES;C 200;entrainement
M10MCDVPPW70576;MERCEDES;C 220;entrainement
M10MCDVPPW70601;MERCEDES;C 220;entrainement
M10MCDVPPW71577;MERCEDES;C 220;entrainement
M10MCDVPPW71602;MERCEDES;C 220;entrainement
M10MCDVPPW72578;MERCEDES;C 220;entrainement
M10MCDVPPW72603;MERCEDES;C 220;entrainement
M10MCDVPPW73579;MERCEDES;C 220;entrainement
M10MCDVPPW73604;MERCEDES;C 220;entrainement
M10MCDVPPW74580;MERCEDES;C 220;entrainement
M10MCDVPPW74605;MERCEDES;C 220;entrainement
M10MCDVPPW75581;MERCEDES;C 220;entrainement
M10MCDVPPW75606;MERCEDES;C 220;entrainement
M10MCDVPPW76607;MERCEDES;C 220;entrainement
M10MCDVPPW77608;MERCEDES;C 220;entrainement
M10MCDVPPW78609;MERCEDES;C 220;entrainement
M10MCDVPPW79610;MERCEDES;C 220;entrainement
M10MCDVPPW7A611;MERCEDES;C 220;entrainement
M10MCDVPPW7B612;MERCEDES;C 220;entrainement
M10MCDVPPW7C613;MERCEDES;C 220;entrainement
M10MCDVPPW7D614;MERCEDES;C 220;entrainement
M10MCDVPPW7E615;MERCEDES;C 220;entrainement
M10MCDVPPW7F616;MERCEDES;C 220;entrainement
M10MCDVPPW7G556;MERCEDES;C 220;entrainement
M10MCDVPPW7G617;MERCEDES;C 220;entrainement
M10MCDVPPW7H557;MERCEDES;C 220;entrainement
M10MCDVPPW7H582;MERCEDES;C 220;entrainement
M10MCDVPPW7H618;MERCEDES;C 220;entrainement
M10MCDVPPW7J558;MERCEDES;C 220;entrainement
M10MCDVPPW7J559;MERCEDES;C 220;entrainement
M10MCDVPPW7J583;MERCEDES;C 220;entrainement
M10MCDVPPW7J584;MERCEDES;C 220;entrainement
M10MCDVPPW7J619;MERCEDES;C 220;entrainement
M10MCDVPPW7J620;MERCEDES;C 220;entrainement
M10MCDVPPW7K560;MERCEDES;C 220;entrainement
M10MCDVPPW7K585;MERCEDES;C 220;entrainement
M10MCDVPPW7K621;MERCEDES;C 220;entrainement
M10MCDVPPW7L561;MERCEDES;C 220;entrainement
M10MCDVPPW7L586;MERCEDES;C 220;entrainement
M10MCDVPPW7L622;MERCEDES;C 220;entrainement
M10MCDVPPW7M562;MERCEDES;C 220;entrainement
M10MCDVPPW7M587;MERCEDES;C 220;entrainement
M10MCDVPPW7M623;MERCEDES;C 220;entrainement
M10MCDVPPW7N563;MERCEDES;C 220;entrainement
M10MCDVPPW7N588;MERCEDES;C 220;entrainement
M10MCDVPPW7N624;MERCEDES;C 220;entrainement
M10MCDVPPW7P564;MERCEDES;C 220;entrainement
M10MCDVPPW7P565;MERCEDES;C 220;entrainement
M10MCDVPPW7P589;MERCEDES;C 220;entrainement
M10MCDVPPW7P590;MERCEDES;C 220;entrainement
M10MCDVPPW7P625;MERCEDES;C 220;entrainement
M10MCDVPPW7P626;MERCEDES;C 220;entrainement
M10MCDVPPW7R566;MERCEDES;C 220;entrainement
M10MCDVPPW7R567;MERCEDES;C 220;entrainement
M10MCDVPPW7R591;MERCEDES;C 220;entrainement
M10MCDVPPW7R592;MERCEDES;C 220;entrainement
M10MCDVPPW7R627;MERCEDES;C 220;entrainement
M10MCDVPPW7R628;MERCEDES;C 220;entrainement
M10MCDVPPW7S568;MERCEDES;C 220;entrainement
M10MCDVPPW7S593;MERCEDES;C 220;entrainement
M10MCDVPPW7S629;MERCEDES;C 220;entrainement
M10MCDVPPW7T569;MERCEDES;C 220;entrainement
M10MCDVPPW7T594;MERCEDES;C 220;entrainement
M10MCDVPPW7U570;MERCEDES;C 220;entrainement
M10MCDVPPW7U595;MERCEDES;C 220;entrainement
M10MCDVPPW7V571;MERCEDES;C 220;entrainement
M10MCDVPPW7V596;MERCEDES;C 220;entrainement
M10MCDVPPW7W572;MERCEDES;C 220;entrainement
M10MCDVPPW7W597;MERCEDES;C 220;entrainement
M10MCDVPPW7X573;MERCEDES;C 220;entrainement
M10MCDVPPW7X598;MERCEDES;C 220;entrainement
M10MCDVPPW7Y574;MERCEDES;C 220;entrainement
M10MCDVPPW7Y599;MERCEDES;C 220;entrainement
M10MCDVPPW7Z575;MERCEDES;C 220;entrainement
M10MCDVPPW7Z600;MERCEDES;C 220;entrainement
M10MCDVPGY40902;MERCEDES;C 220;entrainement
M10MCDVPGY41903;MERCEDES;C 220;entrainement
M10MCDVPGY42904;MERCEDES;C 220;entrainement
M10MCDVPGY43905;MERCEDES;C 220;entrainement
M10MCDVPGY44845;MERCEDES;C 220;entrainement
M10MCDVPGY44906;MERCEDES;C 220;entrainement
M10MCDVPGY45846;MERCEDES;C 220;entrainement
M10MCDVPGY45907;MERCEDES;C 220;entrainement
M10MCDVPGY46847;MERCEDES;C 220;entrainement
M10MCDVPGY46908;MERCEDES;C 220;entrainement
M10MCDVPGY47848;MERCEDES;C 220;entrainement
M10MCDVPGY47873;MERCEDES;C 220;entrainement
M10MCDVPGY47909;MERCEDES;C 220;entrainement
M10MCDVPGY48849;MERCEDES;C 220;entrainement
M10MCDVPGY48874;MERCEDES;C 220;entrainement
M10MCDVPGY48910;MERCEDES;C 220;entrainement
M10MCDVPGY49850;MERCEDES;C 220;entrainement
M10MCDVPGY49875;MERCEDES;C 220;entrainement
M10MCDVPGY49911;MERCEDES;C 220;entrainement
M10MCDVPGY4A851;MERCEDES;C 220;entrainement
M10MCDVPGY4A876;MERCEDES;C 220;entrainement
M10MCDVPGY4A912;MERCEDES;C 220;entrainement
M10MCDVPGY4B852;MERCEDES;C 220;entrainement
M10MCDVPGY4B877;MERCEDES;C 220;entrainement
M10MCDVPGY4B913;MERCEDES;C 220;entrainement
M10MCDVPGY4C853;MERCEDES;C 220;entrainement
M10MCDVPGY4C878;MERCEDES;C 220;entrainement
M10MCDVPGY4C914;MERCEDES;C 220;entrainement
M10MCDVPGY4D854;MERCEDES;C 220;entrainement
M10MCDVPGY4D879;MERCEDES;C 220;entrainement
M10MCDVPGY4D915;MERCEDES;C 220;entrainement
M10MCDVPGY4E855;MERCEDES;C 220;entrainement
M10MCDVPGY4E880;MERCEDES;C 220;entrainement
M10MCDVPGY4E916;MERCEDES;C 220;entrainement
M10MCDVPGY4F856;MERCEDES;C 220;entrainement
M10MCDVPGY4F881;MERCEDES;C 220;entrainement
M10MCDVPGY4F917;MERCEDES;C 220;entrainement
M10MCDVPGY4G857;MERCEDES;C 220;entrainement
M10MCDVPGY4G882;MERCEDES;C 220;entrainement
M10MCDVPGY4G918;MERCEDES;C 220;entrainement
M10MCDVPGY4H858;MERCEDES;C 220;entrainement
M10MCDVPGY4H883;MERCEDES;C 220;entrainement
M10MCDVPGY4H919;MERCEDES;C 220;entrainement
M10MCDVPGY4J859;MERCEDES;C 220;entrainement
M10MCDVPGY4J860;MERCEDES;C 220;entrainement
M10MCDVPGY4J884;MERCEDES;C 220;entrainement
M10MCDVPGY4J885;MERCEDES;C 220;entrainement
M10MCDVPGY4J920;MERCEDES;C 220;entrainement
M10MCDVPGY4K861;MERCEDES;C 220;entrainement
M10MCDVPGY4K886;MERCEDES;C 220;entrainement
M10MCDVPGY4L862;MERCEDES;C 220;entrainement
M10MCDVPGY4L887;MERCEDES;C 220;entrainement
M10MCDVPGY4M863;MERCEDES;C 220;entrainement
M10MCDVPGY4M888;MERCEDES;C 220;entrainement
M10MCDVPGY4N864;MERCEDES;C 220;entrainement
M10MCDVPGY4N889;MERCEDES;C 220;entrainement
M10MCDVPGY4P865;MERCEDES;C 220;entrainement
M10MCDVPGY4P866;MERCEDES;C 220;entrainement
M10MCDVPGY4P890;MERCEDES;C 220;entrainement
M10MCDVPGY4P891;MERCEDES;C 220;entrainement
M10MCDVPGY4R867;MERCEDES;C 220;entrainement
M10MCDVPGY4R868;MERCEDES;C 220;entrainement
M10MCDVPGY4R892;MERCEDES;C 220;entrainement
M10MCDVPGY4R893;MERCEDES;C 220;entrainement
M10MCDVPGY4S869;MERCEDES;C 220;entrainement
M10MCDVPGY4S894;MERCEDES;C 220;entrainement
M10MCDVPGY4T870;MERCEDES;C 220;entrainement
M10MCDVPGY4T895;MERCEDES;C 220;entrainement
M10MCDVPGY4U871;MERCEDES;C 220;entrainement
M10MCDVPGY4U896;MERCEDES;C 220;entrainement
M10MCDVPGY4V872;MERCEDES;C 220;entrainement
M10MCDVPGY4V897;MERCEDES;C 220;entrainement
M10MCDVPGY4W898;MERCEDES;C 220;entrainement
M10MCDVPGY4X899;MERCEDES;C 220;entrainement
M10MCDVPGY4Y900;MERCEDES;C 220;entrainement
M10MCDVPGY4Z901;MERCEDES;C 220;entrainement
M10MCDVPKL30463;MERCEDES;C 220;entrainement
M10MCDVPKL30488;MERCEDES;C 220;entrainement
M10MCDVPKL31464;MERCEDES;C 220;entrainement
M10MCDVPKL31489;MERCEDES;C 220;entrainement
M10MCDVPKL32429;MERCEDES;C 220;entrainement
M10MCDVPKL32465;MERCEDES;C 220;entrainement
M10MCDVPKL32490;MERCEDES;C 220;entrainement
M10MCDVPKL33430;MERCEDES;C 220;entrainement
M10MCDVPKL33466;MERCEDES;C 220;entrainement
M10MCDVPKL33491;MERCEDES;C 220;entrainement
M10MCDVPKL34431;MERCEDES;C 220;entrainement
M10MCDVPKL34467;MERCEDES;C 220;entrainement
M10MCDVPKL34492;MERCEDES;C 220;entrainement
M10MCDVPKL35432;MERCEDES;C 220;entrainement
M10MCDVPKL35468;MERCEDES;C 220;entrainement
M10MCDVPKL35493;MERCEDES;C 220;entrainement
M10MCDVPKL36433;MERCEDES;C 220;entrainement
M10MCDVPKL36469;MERCEDES;C 220;entrainement
M10MCDVPKL36494;MERCEDES;C 220;entrainement
M10MCDVPKL37434;MERCEDES;C 220;entrainement
M10MCDVPKL37470;MERCEDES;C 220;entrainement
M10MCDVPKL37495;MERCEDES;C 220;entrainement
M10MCDVPKL38435;MERCEDES;C 220;entrainement
M10MCDVPKL38471;MERCEDES;C 220;entrainement
M10MCDVPKL38496;MERCEDES;C 220;entrainement
M10MCDVPKL39436;MERCEDES;C 220;entrainement
M10MCDVPKL39472;MERCEDES;C 220;entrainement
M10MCDVPKL39497;MERCEDES;C 220;entrainement
M10MCDVPKL3A437;MERCEDES;C 220;entrainement
M10MCDVPKL3A473;MERCEDES;C 220;entrainement
M10MCDVPKL3A498;MERCEDES;C 220;entrainement
M10MCDVPKL3B438;MERCEDES;C 220;entrainement
M10MCDVPKL3B474;MERCEDES;C 220;entrainement
M10MCDVPKL3B499;MERCEDES;C 220;entrainement
M10MCDVPKL3C439;MERCEDES;C 220;entrainement
M10MCDVPKL3C475;MERCEDES;C 220;entrainement
M10MCDVPKL3C500;MERCEDES;C 220;entrainement
M10MCDVPKL3D440;MERCEDES;C 220;entrainement
M10MCDVPKL3D476;MERCEDES;C 220;entrainement
M10MCDVPKL3D501;MERCEDES;C 220;entrainement
M10MCDVPKL3E441;MERCEDES;C 220;entrainement
M10MCDVPKL3E477;MERCEDES;C 220;entrainement
M10MCDVPKL3E502;MERCEDES;C 220;entrainement
M10MCDVPKL3F442;MERCEDES;C 220;entrainement
M10MCDVPKL3F478;MERCEDES;C 220;entrainement
M10MCDVPKL3F503;MERCEDES;C 220;entrainement
M10MCDVPKL3G443;MERCEDES;C 220;entrainement
M10MCDVPKL3G479;MERCEDES;C 220;entrainement
M10MCDVPKL3G504;MERCEDES;C 220;entrainement
M10MCDVPKL3H444;MERCEDES;C 220;entrainement
M10MCDVPKL3H480;MERCEDES;C 220;entrainement
M10MCDVPKL3J445;MERCEDES;C 220;entrainement
M10MCDVPKL3J446;MERCEDES;C 220;entrainement
M10MCDVPKL3J481;MERCEDES;C 220;entrainement
M10MCDVPKL3J482;MERCEDES;C 220;entrainement
M10MCDVPKL3K447;MERCEDES;C 220;entrainement
M10MCDVPKL3K483;MERCEDES;C 220;entrainement
M10MCDVPKL3L448;MERCEDES;C 220;entrainement
M10MCDVPKL3L484;MERCEDES;C 220;entrainement
M10MCDVPKL3M449;MERCEDES;C 220;entrainement
M10MCDVPKL3N450;MERCEDES;C 220;entrainement
M10MCDVPKL3P451;MERCEDES;C 220;entrainement
M10MCDVPKL3P452;MERCEDES;C 220;entrainement
M10MCDVPKL3R453;MERCEDES;C 220;entrainement
M10MCDVPKL3R454;MERCEDES;C 220;entrainement
M10MCDVPKL3S455;MERCEDES;C 220;entrainement
M10MCDVPKL3T456;MERCEDES;C 220;entrainement
M10MCDVPKL3U457;MERCEDES;C 220;entrainement
M10MCDVPKL3V458;MERCEDES;C 220;entrainement
M10MCDVPKL3W459;MERCEDES;C 220;entrainement
M10MCDVPKL3X460;MERCEDES;C 220;entrainement
M10MCDVPKL3X485;MERCEDES;C 220;entrainement
M10MCDVPKL3Y461;MERCEDES;C 220;entrainement
M10MCDVPKL3Y486;MERCEDES;C 220;entrainement
M10MCDVPKL3Z462;MERCEDES;C 220;entrainement
M10MCDVPKL3Z487;MERCEDES;C 220;entrainement
M10MCDVPKP40749;MERCEDES;C 220;entrainement
M10MCDVPKP40810;MERCEDES;C 220;entrainement
M10MCDVPKP41750;MERCEDES;C 220;entrainement
M10MCDVPKP41811;MERCEDES;C 220;entrainement
M10MCDVPKP42751;MERCEDES;C 220;entrainement
M10MCDVPKP42776;MERCEDES;C 220;entrainement
M10MCDVPKP42812;MERCEDES;C 220;entrainement
M10MCDVPKP43752;MERCEDES;C 220;entrainement
M10MCDVPKP43777;MERCEDES;C 220;entrainement
M10MCDVPKP43813;MERCEDES;C 220;entrainement
M10MCDVPKP44753;MERCEDES;C 220;entrainement
M10MCDVPKP44778;MERCEDES;C 220;entrainement
M10MCDVPKP44814;MERCEDES;C 220;entrainement
M10MCDVPKP45754;MERCEDES;C 220;entrainement
M10MCDVPKP45779;MERCEDES;C 220;entrainement
M10MCDVPKP45815;MERCEDES;C 220;entrainement
M10MCDVPKP46755;MERCEDES;C 220;entrainement
M10MCDVPKP46780;MERCEDES;C 220;entrainement
M10MCDVPKP46816;MERCEDES;C 220;entrainement
M10MCDVPKP47756;MERCEDES;C 220;entrainement
M10MCDVPKP47781;MERCEDES;C 220;entrainement
M10MCDVPKP47817;MERCEDES;C 220;entrainement
M10MCDVPKP48757;MERCEDES;C 220;entrainement
M10MCDVPKP48782;MERCEDES;C 220;entrainement
M10MCDVPKP48818;MERCEDES;C 220;entrainement
M10MCDVPKP49758;MERCEDES;C 220;entrainement
M10MCDVPKP49783;MERCEDES;C 220;entrainement
M10MCDVPKP49819;MERCEDES;C 220;entrainement
M10MCDVPKP4A759;MERCEDES;C 220;entrainement
M10MCDVPKP4A784;MERCEDES;C 220;entrainement
M10MCDVPKP4A820;MERCEDES;C 220;entrainement
M10MCDVPKP4B760;MERCEDES;C 220;entrainement
M10MCDVPKP4B785;MERCEDES;C 220;entrainement
M10MCDVPKP4B821;MERCEDES;C 220;entrainement
M10MCDVPKP4C761;MERCEDES;C 220;entrainement
M10MCDVPKP4C786;MERCEDES;C 220;entrainement
M10MCDVPKP4C822;MERCEDES;C 220;entrainement
M10MCDVPKP4D762;MERCEDES;C 220;entrainement
M10MCDVPKP4D787;MERCEDES;C 220;entrainement
M10MCDVPKP4D823;MERCEDES;C 220;entrainement
M10MCDVPKP4E763;MERCEDES;C 220;entrainement
M10MCDVPKP4E788;MERCEDES;C 220;entrainement
M10MCDVPKP4E824;MERCEDES;C 220;entrainement
M10MCDVPKP4F764;MERCEDES;C 220;entrainement
M10MCDVPKP4F789;MERCEDES;C 220;entrainement
M10MCDVPKP4G765;MERCEDES;C 220;entrainement
M10MCDVPKP4G790;MERCEDES;C 220;entrainement
M10MCDVPKP4H766;MERCEDES;C 220;entrainement
M10MCDVPKP4H791;MERCEDES;C 220;entrainement
M10MCDVPKP4J767;MERCEDES;C 220;entrainement
M10MCDVPKP4J768;MERCEDES;C 220;entrainement
M10MCDVPKP4J792;MERCEDES;C 220;entrainement
M10MCDVPKP4J793;MERCEDES;C 220;entrainement
M10MCDVPKP4K769;MERCEDES;C 220;entrainement
M10MCDVPKP4K794;MERCEDES;C 220;entrainement
M10MCDVPKP4L770;MERCEDES;C 220;entrainement
M10MCDVPKP4L795;MERCEDES;C 220;entrainement
M10MCDVPKP4M771;MERCEDES;C 220;entrainement
M10MCDVPKP4M796;MERCEDES;C 220;entrainement
M10MCDVPKP4N772;MERCEDES;C 220;entrainement
M10MCDVPKP4N797;MERCEDES;C 220;entrainement
M10MCDVPKP4P773;MERCEDES;C 220;entrainement
M10MCDVPKP4P774;MERCEDES;C 220;entrainement
M10MCDVPKP4P798;MERCEDES;C 220;entrainement
M10MCDVPKP4P799;MERCEDES;C 220;entrainement
M10MCDVPKP4R775;MERCEDES;C 220;entrainement
M10MCDVPKP4R800;MERCEDES;C 220;entrainement
M10MCDVPKP4R801;MERCEDES;C 220;entrainement
M10MCDVPKP4S802;MERCEDES;C 220;entrainement
M10MCDVPKP4T803;MERCEDES;C 220;entrainement
M10MCDVPKP4U804;MERCEDES;C 220;entrainement
M10MCDVPKP4V805;MERCEDES;C 220;entrainement
M10MCDVPKP4W806;MERCEDES;C 220;entrainement
M10MCDVPKP4X807;MERCEDES;C 220;entrainement
M10MCDVPKP4Y808;MERCEDES;C 220;entrainement
M10MCDVPKP4Z809;MERCEDES;C 220;entrainement
M10MCDVPPT90735;MERCEDES;C 220;entrainement
M10MCDVPPT90771;MERCEDES;C 220;entrainement
M10MCDVPPT91736;MERCEDES;C 220;entrainement
M10MCDVPPT91772;MERCEDES;C 220;entrainement
M10MCDVPPT92737;MERCEDES;C 220;entrainement
M10MCDVPPT92773;MERCEDES;C 220;entrainement
M10MCDVPPT93738;MERCEDES;C 220;entrainement
M10MCDVPPT93774;MERCEDES;C 220;entrainement
M10MCDVPPT94739;MERCEDES;C 220;entrainement
M10MCDVPPT94775;MERCEDES;C 220;entrainement
M10MCDVPPT95740;MERCEDES;C 220;entrainement
M10MCDVPPT96741;MERCEDES;C 220;entrainement
M10MCDVPPT97742;MERCEDES;C 220;entrainement
M10MCDVPPT98743;MERCEDES;C 220;entrainement
M10MCDVPPT99744;MERCEDES;C 220;entrainement
M10MCDVPPT9A745;MERCEDES;C 220;entrainement
M10MCDVPPT9B746;MERCEDES;C 220;entrainement
M10MCDVPPT9C747;MERCEDES;C 220;entrainement
M10MCDVPPT9D748;MERCEDES;C 220;entrainement
M10MCDVPPT9E749;MERCEDES;C 220;entrainement
M10MCDVPPT9F750;MERCEDES;C 220;entrainement
M10MCDVPPT9G751;MERCEDES;C 220;entrainement
M10MCDVPPT9G776;MERCEDES;C 220;entrainement
M10MCDVPPT9H752;MERCEDES;C 220;entrainement
M10MCDVPPT9H777;MERCEDES;C 220;entrainement
M10MCDVPPT9J753;MERCEDES;C 220;entrainement
M10MCDVPPT9J754;MERCEDES;C 220;entrainement
M10MCDVPPT9J778;MERCEDES;C 220;entrainement
M10MCDVPPT9J779;MERCEDES;C 220;entrainement
M10MCDVPPT9K755;MERCEDES;C 220;entrainement
M10MCDVPPT9K780;MERCEDES;C 220;entrainement
M10MCDVPPT9L756;MERCEDES;C 220;entrainement
M10MCDVPPT9L781;MERCEDES;C 220;entrainement
M10MCDVPPT9M757;MERCEDES;C 220;entrainement
M10MCDVPPT9M782;MERCEDES;C 220;entrainement
M10MCDVPPT9N758;MERCEDES;C 220;entrainement
M10MCDVPPT9N783;MERCEDES;C 220;entrainement
M10MCDVPPT9P759;MERCEDES;C 220;entrainement
M10MCDVPPT9P760;MERCEDES;C 220;entrainement
M10MCDVPPT9P784;MERCEDES;C 220;entrainement
M10MCDVPPT9P785;MERCEDES;C 220;entrainement
M10MCDVPPT9R761;MERCEDES;C 220;entrainement
M10MCDVPPT9R762;MERCEDES;C 220;entrainement
M10MCDVPPT9R786;MERCEDES;C 220;entrainement
M10MCDVPPT9R787;MERCEDES;C 220;entrainement
M10MCDVPPT9S763;MERCEDES;C 220;entrainement
M10MCDVPPT9S788;MERCEDES;C 220;entrainement
M10MCDVPPT9T764;MERCEDES;C 220;entrainement
M10MCDVPPT9T789;MERCEDES;C 220;entrainement
M10MCDVPPT9U765;MERCEDES;C 220;entrainement
M10MCDVPPT9V766;MERCEDES;C 220;entrainement
M10MCDVPPT9W767;MERCEDES;C 220;entrainement
M10MCDVPPT9X768;MERCEDES;C 220;entrainement
M10MCDVPPT9Y769;MERCEDES;C 220;entrainement
M10MCDVPPT9Z734;MERCEDES;C 220;entrainement
M10MCDVPPT9Z770;MERCEDES;C 220;entrainement
M10MCDVPPW70637;MERCEDES;C 220;entrainement
M10MCDVPPW70673;MERCEDES;C 220;entrainement
M10MCDVPPW71638;MERCEDES;C 220;entrainement
M10MCDVPPW71674;MERCEDES;C 220;entrainement
M10MCDVPPW72639;MERCEDES;C 220;entrainement
M10MCDVPPW72675;MERCEDES;C 220;entrainement
M10MCDVPPW73640;MERCEDES;C 220;entrainement
M10MCDVPPW73676;MERCEDES;C 220;entrainement
M10MCDVPPW74641;MERCEDES;C 220;entrainement
M10MCDVPPW74677;MERCEDES;C 220;entrainement
M10MCDVPPW75642;MERCEDES;C 220;entrainement
M10MCDVPPW75678;MERCEDES;C 220;entrainement
M10MCDVPPW76643;MERCEDES;C 220;entrainement
M10MCDVPPW77644;MERCEDES;C 220;entrainement
M10MCDVPPW78645;MERCEDES;C 220;entrainement
M10MCDVPPW79646;MERCEDES;C 220;entrainement
M10MCDVPPW7A647;MERCEDES;C 220;entrainement
M10MCDVPPW7B648;MERCEDES;C 220;entrainement
M10MCDVPPW7C649;MERCEDES;C 220;entrainement
M10MCDVPPW7D650;MERCEDES;C 220;entrainement
M10MCDVPPW7E651;MERCEDES;C 220;entrainement
M10MCDVPPW7F652;MERCEDES;C 220;entrainement
M10MCDVPPW7G653;MERCEDES;C 220;entrainement
M10MCDVPPW7H654;MERCEDES;C 220;entrainement
M10MCDVPPW7H679;MERCEDES;C 220;entrainement
M10MCDVPPW7J655;MERCEDES;C 220;entrainement
M10MCDVPPW7J656;MERCEDES;C 220;entrainement
M10MCDVPPW7J680;MERCEDES;C 220;entrainement
M10MCDVPPW7J681;MERCEDES;C 220;entrainement
M10MCDVPPW7K657;MERCEDES;C 220;entrainement
M10MCDVPPW7K682;MERCEDES;C 220;entrainement
M10MCDVPPW7L658;MERCEDES;C 220;entrainement
M10MCDVPPW7L683;MERCEDES;C 220;entrainement
M10MCDVPPW7M659;MERCEDES;C 220;entrainement
M10MCDVPPW7M684;MERCEDES;C 220;entrainement
M10MCDVPPW7N660;MERCEDES;C 220;entrainement
M10MCDVPPW7N685;MERCEDES;C 220;entrainement
M10MCDVPPW7P661;MERCEDES;C 220;entrainement
M10MCDVPPW7P662;MERCEDES;C 220;entrainement
M10MCDVPPW7P686;MERCEDES;C 220;entrainement
M10MCDVPPW7P687;MERCEDES;C 220;entrainement
M10MCDVPPW7R663;MERCEDES;C 220;entrainement
M10MCDVPPW7R664;MERCEDES;C 220;entrainement
M10MCDVPPW7R688;MERCEDES;C 220;entrainement
M10MCDVPPW7R689;MERCEDES;C 220;entrainement
M10MCDVPPW7S665;MERCEDES;C 220;entrainement
M10MCDVPPW7T630;MERCEDES;C 220;entrainement
M10MCDVPPW7T666;MERCEDES;C 220;entrainement
M10MCDVPPW7U631;MERCEDES;C 220;entrainement
M10MCDVPPW7U667;MERCEDES;C 220;entrainement
M10MCDVPPW7V632;MERCEDES;C 220;entrainement
M10MCDVPPW7V668;MERCEDES;C 220;entrainement
M10MCDVPPW7W633;MERCEDES;C 220;entrainement
M10MCDVPPW7W669;MERCEDES;C 220;entrainement
M10MCDVPPW7X634;MERCEDES;C 220;entrainement
M10MCDVPPW7X670;MERCEDES;C 220;entrainement
M10MCDVPPW7Y635;MERCEDES;C 220;entrainement
M10MCDVPPW7Y671;MERCEDES;C 220;entrainement
M10MCDVPPW7Z636;MERCEDES;C 220;entrainement
M10MCDVPPW7Z672;MERCEDES;C 220;entrainement
M10MCDVPKA10113;MERCEDES;C 250;entrainement
M10MCDVPKA11114;MERCEDES;C 250;entrainement
M10MCDVPKA12115;MERCEDES;C 250;entrainement
M10MCDVPKA13116;MERCEDES;C 250;entrainement
M10MCDVPKA14117;MERCEDES;C 250;entrainement
M10MCDVPKA15118;MERCEDES;C 250;entrainement
M10MCDVPKA16119;MERCEDES;C 250;entrainement
M10MCDVPKA17120;MERCEDES;C 250;entrainement
M10MCDVPKA18121;MERCEDES;C 250;entrainement
M10MCDVPKA19122;MERCEDES;C 250;entrainement
M10MCDVPKA1A123;MERCEDES;C 250;entrainement
M10MCDVPKA1B124;MERCEDES;C 250;entrainement
M10MCDVPKA1C125;MERCEDES;C 250;entrainement
M10MCDVPKA1D126;MERCEDES;C 250;entrainement
M10MCDVPKA1E127;MERCEDES;C 250;entrainement
M10MCDVPKA1F128;MERCEDES;C 250;entrainement
M10MCDVPKA1G129;MERCEDES;C 250;entrainement
M10MCDVPKA1H130;MERCEDES;C 250;entrainement
M10MCDVPKA1J131;MERCEDES;C 250;entrainement
M10MCDVPKA1J132;MERCEDES;C 250;entrainement
M10MCDVPKA1K133;MERCEDES;C 250;entrainement
M10MCDVPKA1L134;MERCEDES;C 250;entrainement
M10MCDVPKA1M135;MERCEDES;C 250;entrainement
M10MCDVPKA1N136;MERCEDES;C 250;entrainement
M10MCDVPKA1P137;MERCEDES;C 250;entrainement
M10MCDVPKA1P138;MERCEDES;C 250;entrainement
M10MCDVPKA1R139;MERCEDES;C 250;entrainement
M10MCDVPKA1R140;MERCEDES;C 250;entrainement
M10MCDVPKA1S105;MERCEDES;C 250;entrainement
M10MCDVPKA1S141;MERCEDES;C 250;entrainement
M10MCDVPKA1T106;MERCEDES;C 250;entrainement
M10MCDVPKA1T142;MERCEDES;C 250;entrainement
M10MCDVPKA1U107;MERCEDES;C 250;entrainement
M10MCDVPKA1V108;MERCEDES;C 250;entrainement
M10MCDVPKA1W109;MERCEDES;C 250;entrainement
M10MCDVPKA1X110;MERCEDES;C 250;entrainement
M10MCDVPKA1Y111;MERCEDES;C 250;entrainement
M10MCDVPKA1Z112;MERCEDES;C 250;entrainement
M10MCDVPKL30233;MERCEDES;C 250;entrainement
M10MCDVPKL30269;MERCEDES;C 250;entrainement
M10MCDVPKL30294;MERCEDES;C 250;entrainement
M10MCDVPKL31234;MERCEDES;C 250;entrainement
M10MCDVPKL31270;MERCEDES;C 250;entrainement
M10MCDVPKL31295;MERCEDES;C 250;entrainement
M10MCDVPKL32235;MERCEDES;C 250;entrainement
M10MCDVPKL32271;MERCEDES;C 250;entrainement
M10MCDVPKL32296;MERCEDES;C 250;entrainement
M10MCDVPKL33236;MERCEDES;C 250;entrainement
M10MCDVPKL33272;MERCEDES;C 250;entrainement
M10MCDVPKL33297;MERCEDES;C 250;entrainement
M10MCDVPKL34237;MERCEDES;C 250;entrainement
M10MCDVPKL34273;MERCEDES;C 250;entrainement
M10MCDVPKL34298;MERCEDES;C 250;entrainement
M10MCDVPKL35238;MERCEDES;C 250;entrainement
M10MCDVPKL35274;MERCEDES;C 250;entrainement
M10MCDVPKL35299;MERCEDES;C 250;entrainement
M10MCDVPKL36239;MERCEDES;C 250;entrainement
M10MCDVPKL36275;MERCEDES;C 250;entrainement
M10MCDVPKL36300;MERCEDES;C 250;entrainement
M10MCDVPKL37240;MERCEDES;C 250;entrainement
M10MCDVPKL37276;MERCEDES;C 250;entrainement
M10MCDVPKL37301;MERCEDES;C 250;entrainement
M10MCDVPKL38241;MERCEDES;C 250;entrainement
M10MCDVPKL38277;MERCEDES;C 250;entrainement
M10MCDVPKL38302;MERCEDES;C 250;entrainement
M10MCDVPKL39242;MERCEDES;C 250;entrainement
M10MCDVPKL39278;MERCEDES;C 250;entrainement
M10MCDVPKL3A243;MERCEDES;C 250;entrainement
M10MCDVPKL3A279;MERCEDES;C 250;entrainement
M10MCDVPKL3B244;MERCEDES;C 250;entrainement
M10MCDVPKL3B280;MERCEDES;C 250;entrainement
M10MCDVPKL3C245;MERCEDES;C 250;entrainement
M10MCDVPKL3C281;MERCEDES;C 250;entrainement
M10MCDVPKL3D246;MERCEDES;C 250;entrainement
M10MCDVPKL3D282;MERCEDES;C 250;entrainement
M10MCDVPKL3E247;MERCEDES;C 250;entrainement
M10MCDVPKL3E283;MERCEDES;C 250;entrainement
M10MCDVPKL3F248;MERCEDES;C 250;entrainement
M10MCDVPKL3F284;MERCEDES;C 250;entrainement
M10MCDVPKL3G249;MERCEDES;C 250;entrainement
M10MCDVPKL3G285;MERCEDES;C 250;entrainement
M10MCDVPKL3H250;MERCEDES;C 250;entrainement
M10MCDVPKL3H286;MERCEDES;C 250;entrainement
M10MCDVPKL3J251;MERCEDES;C 250;entrainement
M10MCDVPKL3J252;MERCEDES;C 250;entrainement
M10MCDVPKL3J287;MERCEDES;C 250;entrainement
M10MCDVPKL3J288;MERCEDES;C 250;entrainement
M10MCDVPKL3K253;MERCEDES;C 250;entrainement
M10MCDVPKL3K289;MERCEDES;C 250;entrainement
M10MCDVPKL3L254;MERCEDES;C 250;entrainement
M10MCDVPKL3L290;MERCEDES;C 250;entrainement
M10MCDVPKL3M255;MERCEDES;C 250;entrainement
M10MCDVPKL3N256;MERCEDES;C 250;entrainement
M10MCDVPKL3P257;MERCEDES;C 250;entrainement
M10MCDVPKL3P258;MERCEDES;C 250;entrainement
M10MCDVPKL3R259;MERCEDES;C 250;entrainement
M10MCDVPKL3R260;MERCEDES;C 250;entrainement
M10MCDVPKL3S261;MERCEDES;C 250;entrainement
M10MCDVPKL3T262;MERCEDES;C 250;entrainement
M10MCDVPKL3U263;MERCEDES;C 250;entrainement
M10MCDVPKL3V264;MERCEDES;C 250;entrainement
M10MCDVPKL3W229;MERCEDES;C 250;entrainement
M10MCDVPKL3W265;MERCEDES;C 250;entrainement
M10MCDVPKL3X230;MERCEDES;C 250;entrainement
M10MCDVPKL3X266;MERCEDES;C 250;entrainement
M10MCDVPKL3X291;MERCEDES;C 250;entrainement
M10MCDVPKL3Y231;MERCEDES;C 250;entrainement
M10MCDVPKL3Y267;MERCEDES;C 250;entrainement
M10MCDVPKL3Y292;MERCEDES;C 250;entrainement
M10MCDVPKL3Z232;MERCEDES;C 250;entrainement
M10MCDVPKL3Z268;MERCEDES;C 250;entrainement
M10MCDVPKL3Z293;MERCEDES;C 250;entrainement
M10MCDVPKP40616;MERCEDES;C 250;entrainement
M10MCDVPKP41617;MERCEDES;C 250;entrainement
M10MCDVPKP42618;MERCEDES;C 250;entrainement
M10MCDVPKP43619;MERCEDES;C 250;entrainement
M10MCDVPKP44620;MERCEDES;C 250;entrainement
M10MCDVPKP45621;MERCEDES;C 250;entrainement
M10MCDVPKP46622;MERCEDES;C 250;entrainement
M10MCDVPKP47623;MERCEDES;C 250;entrainement
M10MCDVPKP48624;MERCEDES;C 250;entrainement
M10MCDVPKP49625;MERCEDES;C 250;entrainement
M10MCDVPKP4A626;MERCEDES;C 250;entrainement
M10MCDVPKP4B627;MERCEDES;C 250;entrainement
M10MCDVPKP4C628;MERCEDES;C 250;entrainement
M10MCDVPKP4D629;MERCEDES;C 250;entrainement
M10MCDVPKP4E630;MERCEDES;C 250;entrainement
M10MCDVPKP4F631;MERCEDES;C 250;entrainement
M10MCDVPKP4G632;MERCEDES;C 250;entrainement
M10MCDVPKP4H633;MERCEDES;C 250;entrainement
M10MCDVPKP4J599;MERCEDES;C 250;entrainement
M10MCDVPKP4J634;MERCEDES;C 250;entrainement
M10MCDVPKP4J635;MERCEDES;C 250;entrainement
M10MCDVPKP4K600;MERCEDES;C 250;entrainement
M10MCDVPKP4K636;MERCEDES;C 250;entrainement
M10MCDVPKP4L601;MERCEDES;C 250;entrainement
M10MCDVPKP4M602;MERCEDES;C 250;entrainement
M10MCDVPKP4N603;MERCEDES;C 250;entrainement
M10MCDVPKP4P604;MERCEDES;C 250;entrainement
M10MCDVPKP4P605;MERCEDES;C 250;entrainement
M10MCDVPKP4R606;MERCEDES;C 250;entrainement
M10MCDVPKP4R607;MERCEDES;C 250;entrainement
M10MCDVPKP4S608;MERCEDES;C 250;entrainement
M10MCDVPKP4T609;MERCEDES;C 250;entrainement
M10MCDVPKP4U610;MERCEDES;C 250;entrainement
M10MCDVPKP4V611;MERCEDES;C 250;entrainement
M10MCDVPKP4W612;MERCEDES;C 250;entrainement
M10MCDVPKP4X613;MERCEDES;C 250;entrainement
M10MCDVPKP4Y614;MERCEDES;C 250;entrainement
M10MCDVPKP4Z615;MERCEDES;C 250;entrainement
M10MCDVPLX30450;MERCEDES;C 250;entrainement
M10MCDVPLX30511;MERCEDES;C 250;entrainement
M10MCDVPLX31451;MERCEDES;C 250;entrainement
M10MCDVPLX31512;MERCEDES;C 250;entrainement
M10MCDVPLX32452;MERCEDES;C 250;entrainement
M10MCDVPLX32513;MERCEDES;C 250;entrainement
M10MCDVPLX33453;MERCEDES;C 250;entrainement
M10MCDVPLX33514;MERCEDES;C 250;entrainement
M10MCDVPLX34454;MERCEDES;C 250;entrainement
M10MCDVPLX34515;MERCEDES;C 250;entrainement
M10MCDVPLX35455;MERCEDES;C 250;entrainement
M10MCDVPLX35516;MERCEDES;C 250;entrainement
M10MCDVPLX36456;MERCEDES;C 250;entrainement
M10MCDVPLX36517;MERCEDES;C 250;entrainement
M10MCDVPLX37457;MERCEDES;C 250;entrainement
M10MCDVPLX38458;MERCEDES;C 250;entrainement
M10MCDVPLX39459;MERCEDES;C 250;entrainement
M10MCDVPLX3A460;MERCEDES;C 250;entrainement
M10MCDVPLX3A485;MERCEDES;C 250;entrainement
M10MCDVPLX3B461;MERCEDES;C 250;entrainement
M10MCDVPLX3B486;MERCEDES;C 250;entrainement
M10MCDVPLX3C462;MERCEDES;C 250;entrainement
M10MCDVPLX3C487;MERCEDES;C 250;entrainement
M10MCDVPLX3D463;MERCEDES;C 250;entrainement
M10MCDVPLX3D488;MERCEDES;C 250;entrainement
M10MCDVPLX3E464;MERCEDES;C 250;entrainement
M10MCDVPLX3E489;MERCEDES;C 250;entrainement
M10MCDVPLX3F465;MERCEDES;C 250;entrainement
M10MCDVPLX3F490;MERCEDES;C 250;entrainement
M10MCDVPLX3G466;MERCEDES;C 250;entrainement
M10MCDVPLX3G491;MERCEDES;C 250;entrainement
M10MCDVPLX3H467;MERCEDES;C 250;entrainement
M10MCDVPLX3H492;MERCEDES;C 250;entrainement
M10MCDVPLX3J468;MERCEDES;C 250;entrainement
M10MCDVPLX3J469;MERCEDES;C 250;entrainement
M10MCDVPLX3J493;MERCEDES;C 250;entrainement
M10MCDVPLX3J494;MERCEDES;C 250;entrainement
M10MCDVPLX3K470;MERCEDES;C 250;entrainement
M10MCDVPLX3K495;MERCEDES;C 250;entrainement
M10MCDVPLX3L471;MERCEDES;C 250;entrainement
M10MCDVPLX3L496;MERCEDES;C 250;entrainement
M10MCDVPLX3M472;MERCEDES;C 250;entrainement
M10MCDVPLX3M497;MERCEDES;C 250;entrainement
M10MCDVPLX3N473;MERCEDES;C 250;entrainement
M10MCDVPLX3N498;MERCEDES;C 250;entrainement
M10MCDVPLX3P474;MERCEDES;C 250;entrainement
M10MCDVPLX3P475;MERCEDES;C 250;entrainement
M10MCDVPLX3P499;MERCEDES;C 250;entrainement
M10MCDVPLX3P500;MERCEDES;C 250;entrainement
M10MCDVPLX3R476;MERCEDES;C 250;entrainement
M10MCDVPLX3R477;MERCEDES;C 250;entrainement
M10MCDVPLX3R501;MERCEDES;C 250;entrainement
M10MCDVPLX3R502;MERCEDES;C 250;entrainement
M10MCDVPLX3S478;MERCEDES;C 250;entrainement
M10MCDVPLX3S503;MERCEDES;C 250;entrainement
M10MCDVPLX3T479;MERCEDES;C 250;entrainement
M10MCDVPLX3T504;MERCEDES;C 250;entrainement
M10MCDVPLX3U480;MERCEDES;C 250;entrainement
M10MCDVPLX3U505;MERCEDES;C 250;entrainement
M10MCDVPLX3V481;MERCEDES;C 250;entrainement
M10MCDVPLX3V506;MERCEDES;C 250;entrainement
M10MCDVPLX3W446;MERCEDES;C 250;entrainement
M10MCDVPLX3W482;MERCEDES;C 250;entrainement
M10MCDVPLX3W507;MERCEDES;C 250;entrainement
M10MCDVPLX3X447;MERCEDES;C 250;entrainement
M10MCDVPLX3X483;MERCEDES;C 250;entrainement
M10MCDVPLX3X508;MERCEDES;C 250;entrainement
M10MCDVPLX3Y448;MERCEDES;C 250;entrainement
M10MCDVPLX3Y484;MERCEDES;C 250;entrainement
M10MCDVPLX3Y509;MERCEDES;C 250;entrainement
M10MCDVPLX3Z449;MERCEDES;C 250;entrainement
M10MCDVPLX3Z510;MERCEDES;C 250;entrainement
M10MCDVPPT90577;MERCEDES;C 250;entrainement
M10MCDVPPT90602;MERCEDES;C 250;entrainement
M10MCDVPPT90638;MERCEDES;C 250;entrainement
M10MCDVPPT91578;MERCEDES;C 250;entrainement
M10MCDVPPT91603;MERCEDES;C 250;entrainement
M10MCDVPPT91639;MERCEDES;C 250;entrainement
M10MCDVPPT92579;MERCEDES;C 250;entrainement
M10MCDVPPT92604;MERCEDES;C 250;entrainement
M10MCDVPPT92640;MERCEDES;C 250;entrainement
M10MCDVPPT93580;MERCEDES;C 250;entrainement
M10MCDVPPT93605;MERCEDES;C 250;entrainement
M10MCDVPPT93641;MERCEDES;C 250;entrainement
M10MCDVPPT94581;MERCEDES;C 250;entrainement
M10MCDVPPT94606;MERCEDES;C 250;entrainement
M10MCDVPPT94642;MERCEDES;C 250;entrainement
M10MCDVPPT95607;MERCEDES;C 250;entrainement
M10MCDVPPT95643;MERCEDES;C 250;entrainement
M10MCDVPPT96608;MERCEDES;C 250;entrainement
M10MCDVPPT96644;MERCEDES;C 250;entrainement
M10MCDVPPT97609;MERCEDES;C 250;entrainement
M10MCDVPPT97645;MERCEDES;C 250;entrainement
M10MCDVPPT98610;MERCEDES;C 250;entrainement
M10MCDVPPT98646;MERCEDES;C 250;entrainement
M10MCDVPPT99611;MERCEDES;C 250;entrainement
M10MCDVPPT99647;MERCEDES;C 250;entrainement
M10MCDVPPT9A612;MERCEDES;C 250;entrainement
M10MCDVPPT9A648;MERCEDES;C 250;entrainement
M10MCDVPPT9B613;MERCEDES;C 250;entrainement
M10MCDVPPT9B649;MERCEDES;C 250;entrainement
M10MCDVPPT9C614;MERCEDES;C 250;entrainement
M10MCDVPPT9C650;MERCEDES;C 250;entrainement
M10MCDVPPT9D615;MERCEDES;C 250;entrainement
M10MCDVPPT9D651;MERCEDES;C 250;entrainement
M10MCDVPPT9E616;MERCEDES;C 250;entrainement
M10MCDVPPT9E652;MERCEDES;C 250;entrainement
M10MCDVPPT9F617;MERCEDES;C 250;entrainement
M10MCDVPPT9F653;MERCEDES;C 250;entrainement
M10MCDVPPT9G582;MERCEDES;C 250;entrainement
M10MCDVPPT9G618;MERCEDES;C 250;entrainement
M10MCDVPPT9G654;MERCEDES;C 250;entrainement
M10MCDVPPT9H583;MERCEDES;C 250;entrainement
M10MCDVPPT9H619;MERCEDES;C 250;entrainement
M10MCDVPPT9H655;MERCEDES;C 250;entrainement
M10MCDVPPT9J584;MERCEDES;C 250;entrainement
M10MCDVPPT9J585;MERCEDES;C 250;entrainement
M10MCDVPPT9J620;MERCEDES;C 250;entrainement
M10MCDVPPT9J621;MERCEDES;C 250;entrainement
M10MCDVPPT9J656;MERCEDES;C 250;entrainement
M10MCDVPPT9J657;MERCEDES;C 250;entrainement
M10MCDVPPT9K586;MERCEDES;C 250;entrainement
M10MCDVPPT9K622;MERCEDES;C 250;entrainement
M10MCDVPPT9K658;MERCEDES;C 250;entrainement
M10MCDVPPT9L562;MERCEDES;C 250;entrainement
M10MCDVPPT9L587;MERCEDES;C 250;entrainement
M10MCDVPPT9L623;MERCEDES;C 250;entrainement
M10MCDVPPT9L659;MERCEDES;C 250;entrainement
M10MCDVPPT9M563;MERCEDES;C 250;entrainement
M10MCDVPPT9M588;MERCEDES;C 250;entrainement
M10MCDVPPT9M624;MERCEDES;C 250;entrainement
M10MCDVPPT9N564;MERCEDES;C 250;entrainement
M10MCDVPPT9N589;MERCEDES;C 250;entrainement
M10MCDVPPT9N625;MERCEDES;C 250;entrainement
M10MCDVPPT9P565;MERCEDES;C 250;entrainement
M10MCDVPPT9P566;MERCEDES;C 250;entrainement
M10MCDVPPT9P590;MERCEDES;C 250;entrainement
M10MCDVPPT9P591;MERCEDES;C 250;entrainement
M10MCDVPPT9P626;MERCEDES;C 250;entrainement
M10MCDVPPT9P627;MERCEDES;C 250;entrainement
M10MCDVPPT9R567;MERCEDES;C 250;entrainement
M10MCDVPPT9R568;MERCEDES;C 250;entrainement
M10MCDVPPT9R592;MERCEDES;C 250;entrainement
M10MCDVPPT9R593;MERCEDES;C 250;entrainement
M10MCDVPPT9R628;MERCEDES;C 250;entrainement
M10MCDVPPT9R629;MERCEDES;C 250;entrainement
M10MCDVPPT9S569;MERCEDES;C 250;entrainement
M10MCDVPPT9S594;MERCEDES;C 250;entrainement
M10MCDVPPT9S630;MERCEDES;C 250;entrainement
M10MCDVPPT9T570;MERCEDES;C 250;entrainement
M10MCDVPPT9T595;MERCEDES;C 250;entrainement
M10MCDVPPT9T631;MERCEDES;C 250;entrainement
M10MCDVPPT9U571;MERCEDES;C 250;entrainement
M10MCDVPPT9U596;MERCEDES;C 250;entrainement
M10MCDVPPT9U632;MERCEDES;C 250;entrainement
M10MCDVPPT9V572;MERCEDES;C 250;entrainement
M10MCDVPPT9V597;MERCEDES;C 250;entrainement
M10MCDVPPT9V633;MERCEDES;C 250;entrainement
M10MCDVPPT9W573;MERCEDES;C 250;entrainement
M10MCDVPPT9W598;MERCEDES;C 250;entrainement
M10MCDVPPT9W634;MERCEDES;C 250;entrainement
M10MCDVPPT9X574;MERCEDES;C 250;entrainement
M10MCDVPPT9X599;MERCEDES;C 250;entrainement
M10MCDVPPT9X635;MERCEDES;C 250;entrainement
M10MCDVPPT9Y575;MERCEDES;C 250;entrainement
M10MCDVPPT9Y600;MERCEDES;C 250;entrainement
M10MCDVPPT9Y636;MERCEDES;C 250;entrainement
M10MCDVPPT9Z576;MERCEDES;C 250;entrainement
M10MCDVPPT9Z601;MERCEDES;C 250;entrainement
M10MCDVPPT9Z637;MERCEDES;C 250;entrainement
M10MCDVPPW70443;MERCEDES;C 250;entrainement
M10MCDVPPW70479;MERCEDES;C 250;entrainement
M10MCDVPPW70504;MERCEDES;C 250;entrainement
M10MCDVPPW71444;MERCEDES;C 250;entrainement
M10MCDVPPW71480;MERCEDES;C 250;entrainement
M10MCDVPPW71505;MERCEDES;C 250;entrainement
M10MCDVPPW72445;MERCEDES;C 250;entrainement
M10MCDVPPW72481;MERCEDES;C 250;entrainement
M10MCDVPPW72506;MERCEDES;C 250;entrainement
M10MCDVPPW73446;MERCEDES;C 250;entrainement
M10MCDVPPW73482;MERCEDES;C 250;entrainement
M10MCDVPPW73507;MERCEDES;C 250;entrainement
M10MCDVPPW74447;MERCEDES;C 250;entrainement
M10MCDVPPW74483;MERCEDES;C 250;entrainement
M10MCDVPPW74508;MERCEDES;C 250;entrainement
M10MCDVPPW75448;MERCEDES;C 250;entrainement
M10MCDVPPW75484;MERCEDES;C 250;entrainement
M10MCDVPPW75509;MERCEDES;C 250;entrainement
M10MCDVPPW76449;MERCEDES;C 250;entrainement
M10MCDVPPW76510;MERCEDES;C 250;entrainement
M10MCDVPPW77450;MERCEDES;C 250;entrainement
M10MCDVPPW77511;MERCEDES;C 250;entrainement
M10MCDVPPW78451;MERCEDES;C 250;entrainement
M10MCDVPPW78512;MERCEDES;C 250;entrainement
M10MCDVPPW79452;MERCEDES;C 250;entrainement
M10MCDVPPW79513;MERCEDES;C 250;entrainement
M10MCDVPPW7A453;MERCEDES;C 250;entrainement
M10MCDVPPW7A514;MERCEDES;C 250;entrainement
M10MCDVPPW7B454;MERCEDES;C 250;entrainement
M10MCDVPPW7B515;MERCEDES;C 250;entrainement
M10MCDVPPW7C455;MERCEDES;C 250;entrainement
M10MCDVPPW7C516;MERCEDES;C 250;entrainement
M10MCDVPPW7D456;MERCEDES;C 250;entrainement
M10MCDVPPW7D517;MERCEDES;C 250;entrainement
M10MCDVPPW7E457;MERCEDES;C 250;entrainement
M10MCDVPPW7E518;MERCEDES;C 250;entrainement
M10MCDVPPW7F458;MERCEDES;C 250;entrainement
M10MCDVPPW7F519;MERCEDES;C 250;entrainement
M10MCDVPPW7G459;MERCEDES;C 250;entrainement
M10MCDVPPW7G520;MERCEDES;C 250;entrainement
M10MCDVPPW7H460;MERCEDES;C 250;entrainement
M10MCDVPPW7H485;MERCEDES;C 250;entrainement
M10MCDVPPW7H521;MERCEDES;C 250;entrainement
M10MCDVPPW7J461;MERCEDES;C 250;entrainement
M10MCDVPPW7J462;MERCEDES;C 250;entrainement
M10MCDVPPW7J486;MERCEDES;C 250;entrainement
M10MCDVPPW7J487;MERCEDES;C 250;entrainement
M10MCDVPPW7K463;MERCEDES;C 250;entrainement
M10MCDVPPW7K488;MERCEDES;C 250;entrainement
M10MCDVPPW7L464;MERCEDES;C 250;entrainement
M10MCDVPPW7L489;MERCEDES;C 250;entrainement
M10MCDVPPW7M465;MERCEDES;C 250;entrainement
M10MCDVPPW7M490;MERCEDES;C 250;entrainement
M10MCDVPPW7N466;MERCEDES;C 250;entrainement
M10MCDVPPW7N491;MERCEDES;C 250;entrainement
M10MCDVPPW7P432;MERCEDES;C 250;entrainement
M10MCDVPPW7P467;MERCEDES;C 250;entrainement
M10MCDVPPW7P468;MERCEDES;C 250;entrainement
M10MCDVPPW7P492;MERCEDES;C 250;entrainement
M10MCDVPPW7P493;MERCEDES;C 250;entrainement
M10MCDVPPW7R433;MERCEDES;C 250;entrainement
M10MCDVPPW7R434;MERCEDES;C 250;entrainement
M10MCDVPPW7R469;MERCEDES;C 250;entrainement
M10MCDVPPW7R470;MERCEDES;C 250;entrainement
M10MCDVPPW7R494;MERCEDES;C 250;entrainement
M10MCDVPPW7R495;MERCEDES;C 250;entrainement
M10MCDVPPW7S435;MERCEDES;C 250;entrainement
M10MCDVPPW7S471;MERCEDES;C 250;entrainement
M10MCDVPPW7S496;MERCEDES;C 250;entrainement
M10MCDVPPW7T436;MERCEDES;C 250;entrainement
M10MCDVPPW7T472;MERCEDES;C 250;entrainement
M10MCDVPPW7T497;MERCEDES;C 250;entrainement
M10MCDVPPW7U437;MERCEDES;C 250;entrainement
M10MCDVPPW7U473;MERCEDES;C 250;entrainement
M10MCDVPPW7U498;MERCEDES;C 250;entrainement
M10MCDVPPW7V438;MERCEDES;C 250;entrainement
M10MCDVPPW7V474;MERCEDES;C 250;entrainement
M10MCDVPPW7V499;MERCEDES;C 250;entrainement
M10MCDVPPW7W439;MERCEDES;C 250;entrainement
M10MCDVPPW7W475;MERCEDES;C 250;entrainement
M10MCDVPPW7W500;MERCEDES;C 250;entrainement
M10MCDVPPW7X440;MERCEDES;C 250;entrainement
M10MCDVPPW7X476;MERCEDES;C 250;entrainement
M10MCDVPPW7X501;MERCEDES;C 250;entrainement
M10MCDVPPW7Y441;MERCEDES;C 250;entrainement
M10MCDVPPW7Y477;MERCEDES;C 250;entrainement
M10MCDVPPW7Y502;MERCEDES;C 250;entrainement
M10MCDVPPW7Z442;MERCEDES;C 250;entrainement
M10MCDVPPW7Z478;MERCEDES;C 250;entrainement
M10MCDVPPW7Z503;MERCEDES;C 250;entrainement
M10MCDVPKP60650;MERCEDES;CLA 180;calibration
M10MCDVPKP61651;MERCEDES;CLA 180;calibration
M10MCDVPKP62652;MERCEDES;CLA 180;calibration
M10MCDVPKP6D627;MERCEDES;CLA 180;calibration
M10MCDVPKP6E628;MERCEDES;CLA 180;calibration
M10MCDVPKP6F629;MERCEDES;CLA 180;calibration
M10MCDVPKP6G630;MERCEDES;CLA 180;calibration
M10MCDVPKP6H631;MERCEDES;CLA 180;calibration
M10MCDVPKP6J632;MERCEDES;CLA 180;calibration
M10MCDVPKP6J633;MERCEDES;CLA 180;calibration
M10MCDVPKP6K634;MERCEDES;CLA 180;calibration
M10MCDVPKP6L635;MERCEDES;CLA 180;calibration
M10MCDVPKP6M636;MERCEDES;CLA 180;calibration
M10MCDVPKP6N637;MERCEDES;CLA 180;calibration
M10MCDVPKP6P638;MERCEDES;CLA 180;calibration
M10MCDVPKP6P639;MERCEDES;CLA 180;calibration
M10MCDVPKP6R640;MERCEDES;CLA 180;calibration
M10MCDVPKP6R641;MERCEDES;CLA 180;calibration
M10MCDVPKP6S642;MERCEDES;CLA 180;calibration
M10MCDVPKP6T643;MERCEDES;CLA 180;calibration
M10MCDVPKP6U644;MERCEDES;CLA 180;calibration
M10MCDVPKP6V645;MERCEDES;CLA 180;calibration
M10MCDVPKP6W646;MERCEDES;CLA 180;calibration
M10MCDVPKP6X647;MERCEDES;CLA 180;calibration
M10MCDVPKP6Y648;MERCEDES;CLA 180;calibration
M10MCDVPKP6Z649;MERCEDES;CLA 180;calibration
M10MCDVPNT60025;MERCEDES;CLA 180;calibration
M10MCDVPNT61026;MERCEDES;CLA 180;calibration
M10MCDVPNT62027;MERCEDES;CLA 180;calibration
M10MCDVPNT63028;MERCEDES;CLA 180;calibration
M10MCDVPNT64029;MERCEDES;CLA 180;calibration
M10MCDVPNT65030;MERCEDES;CLA 180;calibration
M10MCDVPNT66031;MERCEDES;CLA 180;calibration
M10MCDVPNT67032;MERCEDES;CLA 180;calibration
M10MCDVPNT68033;MERCEDES;CLA 180;calibration
M10MCDVPNT69034;MERCEDES;CLA 180;calibration
M10MCDVPNT6A035;MERCEDES;CLA 180;calibration
M10MCDVPNT6B036;MERCEDES;CLA 180;calibration
M10MCDVPNT6C037;MERCEDES;CLA 180;calibration
M10MCDVPNT6D038;MERCEDES;CLA 180;calibration
M10MCDVPNT6E039;MERCEDES;CLA 180;calibration
M10MCDVPNT6F040;MERCEDES;CLA 180;calibration
M10MCDVPNT6G041;MERCEDES;CLA 180;calibration
M10MCDVPNT6H042;MERCEDES;CLA 180;calibration
M10MCDVPNT6J043;MERCEDES;CLA 180;calibration
M10MCDVPNT6J044;MERCEDES;CLA 180;calibration
M10MCDVPNT6K045;MERCEDES;CLA 180;calibration
M10MCDVPNT6L046;MERCEDES;CLA 180;calibration
M10MCDVPNT6M047;MERCEDES;CLA 180;calibration
M10MCDVPNT6N048;MERCEDES;CLA 180;calibration
M10MCDVPPT00356;MERCEDES;CLA 180;calibration
M10MCDVPPT01357;MERCEDES;CLA 180;calibration
M10MCDVPPT02358;MERCEDES;CLA 180;calibration
M10MCDVPPT03359;MERCEDES;CLA 180;calibration
M10MCDVPPT04360;MERCEDES;CLA 180;calibration
M10MCDVPPT05361;MERCEDES;CLA 180;calibration
M10MCDVPPT0K340;MERCEDES;CLA 180;calibration
M10MCDVPPT0L341;MERCEDES;CLA 180;calibration
M10MCDVPPT0M342;MERCEDES;CLA 180;calibration
M10MCDVPPT0N343;MERCEDES;CLA 180;calibration
M10MCDVPPT0P344;MERCEDES;CLA 180;calibration
M10MCDVPPT0P345;MERCEDES;CLA 180;calibration
M10MCDVPPT0R346;MERCEDES;CLA 180;calibration
M10MCDVPPT0R347;MERCEDES;CLA 180;calibration
M10MCDVPPT0S348;MERCEDES;CLA 180;calibration
M10MCDVPPT0T349;MERCEDES;CLA 180;calibration
M10MCDVPPT0U350;MERCEDES;CLA 180;calibration
M10MCDVPPT0V351;MERCEDES;CLA 180;calibration
M10MCDVPPT0W352;MERCEDES;CLA 180;calibration
M10MCDVPPT0X353;MERCEDES;CLA 180;calibration
M10MCDVPPT0Y354;MERCEDES;CLA 180;calibration
M10MCDVPPT0Z355;MERCEDES;CLA 180;calibration
M10MCDVPKP64679;MERCEDES;CLA 200;entrainement
M10MCDVPKP65680;MERCEDES;CLA 200;entrainement
M10MCDVPKP66681;MERCEDES;CLA 200;entrainement
M10MCDVPKP67682;MERCEDES;CLA 200;entrainement
M10MCDVPKP68683;MERCEDES;CLA 200;entrainement
M10MCDVPKP69684;MERCEDES;CLA 200;entrainement
M10MCDVPKP6A685;MERCEDES;CLA 200;entrainement
M10MCDVPKP6B686;MERCEDES;CLA 200;entrainement
M10MCDVPKP6C687;MERCEDES;CLA 200;entrainement
M10MCDVPKP6D688;MERCEDES;CLA 200;entrainement
M10MCDVPKP6E689;MERCEDES;CLA 200;entrainement
M10MCDVPKP6F690;MERCEDES;CLA 200;entrainement
M10MCDVPKP6G691;MERCEDES;CLA 200;entrainement
M10MCDVPKP6H692;MERCEDES;CLA 200;entrainement
M10MCDVPKP6J693;MERCEDES;CLA 200;entrainement
M10MCDVPKP6J694;MERCEDES;CLA 200;entrainement
M10MCDVPKP6K695;MERCEDES;CLA 200;entrainement
M10MCDVPKP6L696;MERCEDES;CLA 200;entrainement
M10MCDVPKP6M697;MERCEDES;CLA 200;entrainement
M10MCDVPKP6N698;MERCEDES;CLA 200;entrainement
M10MCDVPKP6P699;MERCEDES;CLA 200;entrainement
M10MCDVPKP6P700;MERCEDES;CLA 200;entrainement
M10MCDVPKP6R677;MERCEDES;CLA 200;entrainement
M10MCDVPKP6S678;MERCEDES;CLA 200;entrainement
M10MCDVPNT6C073;MERCEDES;CLA 200;entrainement
M10MCDVPNT6D074;MERCEDES;CLA 200;entrainement
M10MCDVPNT6E075;MERCEDES;CLA 200;entrainement
M10MCDVPNT6F076;MERCEDES;CLA 200;entrainement
M10MCDVPNT6G077;MERCEDES;CLA 200;entrainement
M10MCDVPNT6H078;MERCEDES;CLA 200;entrainement
M10MCDVPNT6J079;MERCEDES;CLA 200;entrainement
M10MCDVPNT6J080;MERCEDES;CLA 200;entrainement
M10MCDVPNT6K081;MERCEDES;CLA 200;entrainement
M10MCDVPNT6L082;MERCEDES;CLA 200;entrainement
M10MCDVPNT6M083;MERCEDES;CLA 200;entrainement
M10MCDVPNT6N084;MERCEDES;CLA 200;entrainement
M10MCDVPNT6P085;MERCEDES;CLA 200;entrainement
M10MCDVPNT6P086;MERCEDES;CLA 200;entrainement
M10MCDVPNT6R087;MERCEDES;CLA 200;entrainement
M10MCDVPNT6R088;MERCEDES;CLA 200;entrainement
M10MCDVPNT6S089;MERCEDES;CLA 200;entrainement
M10MCDVPNT6T090;MERCEDES;CLA 200;entrainement
M10MCDVPNT6U091;MERCEDES;CLA 200;entrainement
M10MCDVPNT6V092;MERCEDES;CLA 200;entrainement
M10MCDVPNT6W093;MERCEDES;CLA 200;entrainement
M10MCDVPNT6X094;MERCEDES;CLA 200;entrainement
M10MCDVPNT6Y095;MERCEDES;CLA 200;entrainement
M10MCDVPNT6Z096;MERCEDES;CLA 200;entrainement
M10MCDVPPT07388;MERCEDES;CLA 200;entrainement
M10MCDVPPT08389;MERCEDES;CLA 200;entrainement
M10MCDVPPT09390;MERCEDES;CLA 200;entrainement
M10MCDVPPT0A391;MERCEDES;CLA 200;entrainement
M10MCDVPPT0B392;MERCEDES;CLA 200;entrainement
M10MCDVPPT0C296;MERCEDES;CLA 200;entrainement
M10MCDVPPT0C393;MERCEDES;CLA 200;entrainement
M10MCDVPPT0D297;MERCEDES;CLA 200;entrainement
M10MCDVPPT0D394;MERCEDES;CLA 200;entrainement
M10MCDVPPT0E298;MERCEDES;CLA 200;entrainement
M10MCDVPPT0E395;MERCEDES;CLA 200;entrainement
M10MCDVPPT0F299;MERCEDES;CLA 200;entrainement
M10MCDVPPT0F396;MERCEDES;CLA 200;entrainement
M10MCDVPPT0G397;MERCEDES;CLA 200;entrainement
M10MCDVPPT0H398;MERCEDES;CLA 200;entrainement
M10MCDVPPT0J399;MERCEDES;CLA 200;entrainement
M10MCDVPPT0J400;MERCEDES;CLA 200;entrainement
M10MCDVPPT0K401;MERCEDES;CLA 200;entrainement
M10MCDVPPT0L402;MERCEDES;CLA 200;entrainement
M10MCDVPPT0M403;MERCEDES;CLA 200;entrainement
M10MCDVPPT0N404;MERCEDES;CLA 200;entrainement
M10MCDVPPT0P405;MERCEDES;CLA 200;entrainement
M10MCDVPPT0U386;MERCEDES;CLA 200;entrainement
M10MCDVPPT0V387;MERCEDES;CLA 200;entrainement
M10MCDVPGY4L571;MERCEDES;CLA 250;entrainement
M10MCDVPGY4M572;MERCEDES;CLA 250;entrainement
M10MCDVPGY4N573;MERCEDES;CLA 250;entrainement
M10MCDVPGY4P574;MERCEDES;CLA 250;entrainement
M10MCDVPGY4P575;MERCEDES;CLA 250;entrainement
M10MCDVPGY4R576;MERCEDES;CLA 250;entrainement
M10MCDVPGY4R577;MERCEDES;CLA 250;entrainement
M10MCDVPGY4S578;MERCEDES;CLA 250;entrainement
M10MCDVPKP6R701;MERCEDES;CLA 250;entrainement
M10MCDVPKP6R702;MERCEDES;CLA 250;entrainement
M10MCDVPKP6S703;MERCEDES;CLA 250;entrainement
M10MCDVPKP6T704;MERCEDES;CLA 250;entrainement
M10MCDVPKP6U705;MERCEDES;CLA 250;entrainement
M10MCDVPKP6V706;MERCEDES;CLA 250;entrainement
M10MCDVPNT6J105;MERCEDES;CLA 250;entrainement
M10MCDVPNT6J201;MERCEDES;CLA 250;entrainement
M10MCDVPNT6J202;MERCEDES;CLA 250;entrainement
M10MCDVPNT6K106;MERCEDES;CLA 250;entrainement
M10MCDVPNT6K203;MERCEDES;CLA 250;entrainement
M10MCDVPNT6L107;MERCEDES;CLA 250;entrainement
M10MCDVPNT6L204;MERCEDES;CLA 250;entrainement
M10MCDVPNT6M108;MERCEDES;CLA 250;entrainement
M10MCDVPNT6M205;MERCEDES;CLA 250;entrainement
M10MCDVPNT6N109;MERCEDES;CLA 250;entrainement
M10MCDVPNT6N206;MERCEDES;CLA 250;entrainement
M10MCDVPNT6P110;MERCEDES;CLA 250;entrainement
M10MCDVPNT6P111;MERCEDES;CLA 250;entrainement
M10MCDVPNT6P207;MERCEDES;CLA 250;entrainement
M10MCDVPNT6P208;MERCEDES;CLA 250;entrainement
M10MCDVPNT6R112;MERCEDES;CLA 250;entrainement
M10MCDVPNT6R113;MERCEDES;CLA 250;entrainement
M10MCDVPNT6S114;MERCEDES;CLA 250;entrainement
M10MCDVPNT6T115;MERCEDES;CLA 250;entrainement
M10MCDVPNT6U116;MERCEDES;CLA 250;entrainement
M10MCDVPNT6V117;MERCEDES;CLA 250;entrainement
M10MCDVPNT6W118;MERCEDES;CLA 250;entrainement
M10MCDVPNT6X119;MERCEDES;CLA 250;entrainement
M10MCDVPNT6Y120;MERCEDES;CLA 250;entrainement
M10MCDVPPT0P406;MERCEDES;CLA 250;entrainement
M10MCDVPPT0R407;MERCEDES;CLA 250;entrainement
M10MCDVPPT0R408;MERCEDES;CLA 250;entrainement
M10MCDVPPT0S409;MERCEDES;CLA 250;entrainement
M10MCDVPPT0T410;MERCEDES;CLA 250;entrainement
M10MCDVPPT0U411;MERCEDES;CLA 250;entrainement
M10MCDVPPT0V412;MERCEDES;CLA 250;entrainement
M10MCDVPPT0W413;MERCEDES;CLA 250;entrainement
M10MCDVPPT0X414;MERCEDES;CLA 250;entrainement
M10MCDVPPT0Y415;MERCEDES;CLA 250;entrainement
M10MCDVPKP66717;MERCEDES;CLA 45 AMG;calibration
M10MCDVPKP67718;MERCEDES;CLA 45 AMG;calibration
M10MCDVPKP68719;MERCEDES;CLA 45 AMG;calibration
M10MCDVPKP69720;MERCEDES;CLA 45 AMG;calibration
M10MCDVPNT60122;MERCEDES;CLA 45 AMG;calibration
M10MCDVPNT61123;MERCEDES;CLA 45 AMG;calibration
M10MCDVPNT62124;MERCEDES;CLA 45 AMG;calibration
M10MCDVPNT6Z121;MERCEDES;CLA 45 AMG;calibration
M10MCDVPPT05422;MERCEDES;CLA 45 AMG;calibration
M10MCDVPPT06423;MERCEDES;CLA 45 AMG;calibration
M10MCDVPPT07424;MERCEDES;CLA 45 AMG;calibration
M10MCDVPPT08425;MERCEDES;CLA 45 AMG;calibration
M10MCDVPPT0G300;MERCEDES;CLA 45 AMG;calibration
M10MCDVPPT0H301;MERCEDES;CLA 45 AMG;calibration
M10MCDVPPT0J302;MERCEDES;CLA 45 AMG;calibration
M10MCDVPPT0J303;MERCEDES;CLA 45 AMG;calibration
M10MCDVPGE01927;MERCEDES;CLA 180;calibration
M10MCDVPGE02928;MERCEDES;CLA 180;calibration
M10MCDVPGE04930;MERCEDES;CLA 180;calibration
M10MCDVPGE05931;MERCEDES;CLA 180;calibration
M10MCDVPGE07933;MERCEDES;CLA 180;calibration
M10MCDVPGE08934;MERCEDES;CLA 180;calibration
M10MCDVPGE09935;MERCEDES;CLA 180;calibration
M10MCDVPGE0A936;MERCEDES;CLA 180;calibration
M10MCDVPGE0B937;MERCEDES;CLA 180;calibration
M10MCDVPGE0C938;MERCEDES;CLA 180;calibration
M10MCDVPGE0D939;MERCEDES;CLA 180;calibration
M10MCDVPGE0E940;MERCEDES;CLA 180;calibration
M10MCDVPGE0F941;MERCEDES;CLA 180;calibration
M10MCDVPGE0G942;MERCEDES;CLA 180;calibration
M10MCDVPGE0H943;MERCEDES;CLA 180;calibration
M10MCDVPGE0J944;MERCEDES;CLA 180;calibration
M10MCDVPGE0J945;MERCEDES;CLA 180;calibration
M10MCDVPGE0K946;MERCEDES;CLA 180;calibration
M10MCDVPGE0Y924;MERCEDES;CLA 180;calibration
M10MCDVPGE0Z925;MERCEDES;CLA 180;calibration
M10MCDVPJX6L337;MERCEDES;CLA 180;calibration
M10MCDVPJX6M338;MERCEDES;CLA 180;calibration
M10MCDVPJX6N339;MERCEDES;CLA 180;calibration
M10MCDVPJX6P340;MERCEDES;CLA 180;calibration
M10MCDVPLA00088;MERCEDES;CLA 180;calibration
M10MCDVPLA01089;MERCEDES;CLA 180;calibration
M10MCDVPLA02090;MERCEDES;CLA 180;calibration
M10MCDVPLA03091;MERCEDES;CLA 180;calibration
M10MCDVPLA04092;MERCEDES;CLA 180;calibration
M10MCDVPLA05093;MERCEDES;CLA 180;calibration
M10MCDVPLA06094;MERCEDES;CLA 180;calibration
M10MCDVPLA07095;MERCEDES;CLA 180;calibration
M10MCDVPLA08096;MERCEDES;CLA 180;calibration
M10MCDVPLA0K097;MERCEDES;CLA 180;calibration
M10MCDVPLA0L098;MERCEDES;CLA 180;calibration
M10MCDVPLA0M074;MERCEDES;CLA 180;calibration
M10MCDVPLA0M099;MERCEDES;CLA 180;calibration
M10MCDVPLA0N075;MERCEDES;CLA 180;calibration
M10MCDVPLA0N100;MERCEDES;CLA 180;calibration
M10MCDVPLA0P076;MERCEDES;CLA 180;calibration
M10MCDVPLA0P077;MERCEDES;CLA 180;calibration
M10MCDVPLA0R078;MERCEDES;CLA 180;calibration
M10MCDVPLA0R079;MERCEDES;CLA 180;calibration
M10MCDVPLA0S080;MERCEDES;CLA 180;calibration
M10MCDVPLA0T081;MERCEDES;CLA 180;calibration
M10MCDVPLA0U082;MERCEDES;CLA 180;calibration
M10MCDVPLA0V083;MERCEDES;CLA 180;calibration
M10MCDVPLA0W084;MERCEDES;CLA 180;calibration
M10MCDVPLA0X085;MERCEDES;CLA 180;calibration
M10MCDVPLA0Y086;MERCEDES;CLA 180;calibration
M10MCDVPLA0Z087;MERCEDES;CLA 180;calibration
M10MCDVPNT6B194;MERCEDES;CLA 180;calibration
M10MCDVPNT6C195;MERCEDES;CLA 180;calibration
M10MCDVPNT6D196;MERCEDES;CLA 180;calibration
M10MCDVPNT6E197;MERCEDES;CLA 180;calibration
M10MCDVPNT6F198;MERCEDES;CLA 180;calibration
M10MCDVPNT6G199;MERCEDES;CLA 180;calibration
M10MCDVPNT6H200;MERCEDES;CLA 180;calibration
M10MCDVPNT6J177;MERCEDES;CLA 180;calibration
M10MCDVPNT6K178;MERCEDES;CLA 180;calibration
M10MCDVPNT6L179;MERCEDES;CLA 180;calibration
M10MCDVPNT6M180;MERCEDES;CLA 180;calibration
M10MCDVPNT6N181;MERCEDES;CLA 180;calibration
M10MCDVPNT6P182;MERCEDES;CLA 180;calibration
M10MCDVPNT6P183;MERCEDES;CLA 180;calibration
M10MCDVPNT6R184;MERCEDES;CLA 180;calibration
M10MCDVPNT6R185;MERCEDES;CLA 180;calibration
M10MCDVPNT6S186;MERCEDES;CLA 180;calibration
M10MCDVPNT6T187;MERCEDES;CLA 180;calibration
M10MCDVPNT6U188;MERCEDES;CLA 180;calibration
M10MCDVPNT6V189;MERCEDES;CLA 180;calibration
M10MCDVPNT6W190;MERCEDES;CLA 180;calibration
M10MCDVPNT6X191;MERCEDES;CLA 180;calibration
M10MCDVPNT6Y192;MERCEDES;CLA 180;calibration
M10MCDVPNT6Z193;MERCEDES;CLA 180;calibration
M10MCDVPGE09899;MERCEDES;CLA 200;entrainement
M10MCDVPGE0A900;MERCEDES;CLA 200;entrainement
M10MCDVPGE0B901;MERCEDES;CLA 200;entrainement
M10MCDVPGE0C902;MERCEDES;CLA 200;entrainement
M10MCDVPGE0D903;MERCEDES;CLA 200;entrainement
M10MCDVPGE0E904;MERCEDES;CLA 200;entrainement
M10MCDVPGE0F905;MERCEDES;CLA 200;entrainement
M10MCDVPGE0G906;MERCEDES;CLA 200;entrainement
M10MCDVPGE0H907;MERCEDES;CLA 200;entrainement
M10MCDVPGE0J908;MERCEDES;CLA 200;entrainement
M10MCDVPGE0J909;MERCEDES;CLA 200;entrainement
M10MCDVPGE0K910;MERCEDES;CLA 200;entrainement
M10MCDVPGE0L911;MERCEDES;CLA 200;entrainement
M10MCDVPGE0M912;MERCEDES;CLA 200;entrainement
M10MCDVPGE0N913;MERCEDES;CLA 200;entrainement
M10MCDVPGE0P914;MERCEDES;CLA 200;entrainement
M10MCDVPGE0P915;MERCEDES;CLA 200;entrainement
M10MCDVPGE0R916;MERCEDES;CLA 200;entrainement
M10MCDVPGE0R917;MERCEDES;CLA 200;entrainement
M10MCDVPGE0S918;MERCEDES;CLA 200;entrainement
M10MCDVPGE0T919;MERCEDES;CLA 200;entrainement
M10MCDVPGE0U920;MERCEDES;CLA 200;entrainement
M10MCDVPGE0V921;MERCEDES;CLA 200;entrainement
M10MCDVPGE0W922;MERCEDES;CLA 200;entrainement
M10MCDVPKP60747;MERCEDES;CLA 200;entrainement
M10MCDVPKP61748;MERCEDES;CLA 200;entrainement
M10MCDVPKP62749;MERCEDES;CLA 200;entrainement
M10MCDVPKP63750;MERCEDES;CLA 200;entrainement
M10MCDVPKP64751;MERCEDES;CLA 200;entrainement
M10MCDVPKP65752;MERCEDES;CLA 200;entrainement
M10MCDVPKP66753;MERCEDES;CLA 200;entrainement
M10MCDVPKP67754;MERCEDES;CLA 200;entrainement
M10MCDVPKP68755;MERCEDES;CLA 200;entrainement
M10MCDVPKP69756;MERCEDES;CLA 200;entrainement
M10MCDVPKP6A721;MERCEDES;CLA 200;entrainement
M10MCDVPKP6A757;MERCEDES;CLA 200;entrainement
M10MCDVPKP6B722;MERCEDES;CLA 200;entrainement
M10MCDVPKP6B758;MERCEDES;CLA 200;entrainement
M10MCDVPKP6C723;MERCEDES;CLA 200;entrainement
M10MCDVPKP6C759;MERCEDES;CLA 200;entrainement
M10MCDVPKP6D724;MERCEDES;CLA 200;entrainement
M10MCDVPKP6D760;MERCEDES;CLA 200;entrainement
M10MCDVPKP6E725;MERCEDES;CLA 200;entrainement
M10MCDVPKP6E761;MERCEDES;CLA 200;entrainement
M10MCDVPKP6F726;MERCEDES;CLA 200;entrainement
M10MCDVPKP6F762;MERCEDES;CLA 200;entrainement
M10MCDVPKP6G727;MERCEDES;CLA 200;entrainement
M10MCDVPKP6G763;MERCEDES;CLA 200;entrainement
M10MCDVPKP6H728;MERCEDES;CLA 200;entrainement
M10MCDVPKP6H764;MERCEDES;CLA 200;entrainement
M10MCDVPKP6J729;MERCEDES;CLA 200;entrainement
M10MCDVPKP6J730;MERCEDES;CLA 200;entrainement
M10MCDVPKP6J765;MERCEDES;CLA 200;entrainement
M10MCDVPKP6J766;MERCEDES;CLA 200;entrainement
M10MCDVPKP6K731;MERCEDES;CLA 200;entrainement
M10MCDVPKP6L732;MERCEDES;CLA 200;entrainement
M10MCDVPKP6M733;MERCEDES;CLA 200;entrainement
M10MCDVPKP6N734;MERCEDES;CLA 200;entrainement
M10MCDVPKP6P735;MERCEDES;CLA 200;entrainement
M10MCDVPKP6P736;MERCEDES;CLA 200;entrainement
M10MCDVPKP6R737;MERCEDES;CLA 200;entrainement
M10MCDVPKP6R738;MERCEDES;CLA 200;entrainement
M10MCDVPKP6S739;MERCEDES;CLA 200;entrainement
M10MCDVPKP6T740;MERCEDES;CLA 200;entrainement
M10MCDVPKP6U741;MERCEDES;CLA 200;entrainement
M10MCDVPKP6V742;MERCEDES;CLA 200;entrainement
M10MCDVPKP6W743;MERCEDES;CLA 200;entrainement
M10MCDVPKP6X744;MERCEDES;CLA 200;entrainement
M10MCDVPKP6Y745;MERCEDES;CLA 200;entrainement
M10MCDVPKP6Z746;MERCEDES;CLA 200;entrainement
M10MCDVPNT63125;MERCEDES;CLA 200;entrainement
M10MCDVPNT64126;MERCEDES;CLA 200;entrainement
M10MCDVPNT65127;MERCEDES;CLA 200;entrainement
M10MCDVPNT66128;MERCEDES;CLA 200;entrainement
M10MCDVPNT67129;MERCEDES;CLA 200;entrainement
M10MCDVPNT68130;MERCEDES;CLA 200;entrainement
M10MCDVPNT69131;MERCEDES;CLA 200;entrainement
M10MCDVPNT6A132;MERCEDES;CLA 200;entrainement
M10MCDVPNT6B133;MERCEDES;CLA 200;entrainement
M10MCDVPNT6C134;MERCEDES;CLA 200;entrainement
M10MCDVPNT6D135;MERCEDES;CLA 200;entrainement
M10MCDVPNT6E136;MERCEDES;CLA 200;entrainement
M10MCDVPPT00453;MERCEDES;CLA 200;entrainement
M10MCDVPPT09426;MERCEDES;CLA 200;entrainement
M10MCDVPPT0A427;MERCEDES;CLA 200;entrainement
M10MCDVPPT0B428;MERCEDES;CLA 200;entrainement
M10MCDVPPT0C429;MERCEDES;CLA 200;entrainement
M10MCDVPPT0D430;MERCEDES;CLA 200;entrainement
M10MCDVPPT0E431;MERCEDES;CLA 200;entrainement
M10MCDVPPT0F432;MERCEDES;CLA 200;entrainement
M10MCDVPPT0G433;MERCEDES;CLA 200;entrainement
M10MCDVPPT0H434;MERCEDES;CLA 200;entrainement
M10MCDVPPT0J435;MERCEDES;CLA 200;entrainement
M10MCDVPPT0J436;MERCEDES;CLA 200;entrainement
M10MCDVPPT0K304;MERCEDES;CLA 200;entrainement
M10MCDVPPT0K437;MERCEDES;CLA 200;entrainement
M10MCDVPPT0L305;MERCEDES;CLA 200;entrainement
M10MCDVPPT0L438;MERCEDES;CLA 200;entrainement
M10MCDVPPT0M306;MERCEDES;CLA 200;entrainement
M10MCDVPPT0M439;MERCEDES;CLA 200;entrainement
M10MCDVPPT0N307;MERCEDES;CLA 200;entrainement
M10MCDVPPT0N440;MERCEDES;CLA 200;entrainement
M10MCDVPPT0P308;MERCEDES;CLA 200;entrainement
M10MCDVPPT0P309;MERCEDES;CLA 200;entrainement
M10MCDVPPT0P441;MERCEDES;CLA 200;entrainement
M10MCDVPPT0P442;MERCEDES;CLA 200;entrainement
M10MCDVPPT0R310;MERCEDES;CLA 200;entrainement
M10MCDVPPT0R311;MERCEDES;CLA 200;entrainement
M10MCDVPPT0R443;MERCEDES;CLA 200;entrainement
M10MCDVPPT0R444;MERCEDES;CLA 200;entrainement
M10MCDVPPT0S312;MERCEDES;CLA 200;entrainement
M10MCDVPPT0S445;MERCEDES;CLA 200;entrainement
M10MCDVPPT0T313;MERCEDES;CLA 200;entrainement
M10MCDVPPT0T446;MERCEDES;CLA 200;entrainement
M10MCDVPPT0U314;MERCEDES;CLA 200;entrainement
M10MCDVPPT0U447;MERCEDES;CLA 200;entrainement
M10MCDVPPT0V315;MERCEDES;CLA 200;entrainement
M10MCDVPPT0V448;MERCEDES;CLA 200;entrainement
M10MCDVPPT0W449;MERCEDES;CLA 200;entrainement
M10MCDVPPT0X450;MERCEDES;CLA 200;entrainement
M10MCDVPPT0Y451;MERCEDES;CLA 200;entrainement
M10MCDVPPT0Z452;MERCEDES;CLA 200;entrainement
M10MCDVPKP64776;MERCEDES;CLA 220;entrainement
M10MCDVPKP65777;MERCEDES;CLA 220;entrainement
M10MCDVPKP66778;MERCEDES;CLA 220;entrainement
M10MCDVPKP67779;MERCEDES;CLA 220;entrainement
M10MCDVPKP68780;MERCEDES;CLA 220;entrainement
M10MCDVPKP69781;MERCEDES;CLA 220;entrainement
M10MCDVPKP6A782;MERCEDES;CLA 220;entrainement
M10MCDVPKP6B783;MERCEDES;CLA 220;entrainement
M10MCDVPKP6C784;MERCEDES;CLA 220;entrainement
M10MCDVPKP6D785;MERCEDES;CLA 220;entrainement
M10MCDVPKP6E786;MERCEDES;CLA 220;entrainement
M10MCDVPKP6F787;MERCEDES;CLA 220;entrainement
M10MCDVPKP6G788;MERCEDES;CLA 220;entrainement
M10MCDVPKP6H789;MERCEDES;CLA 220;entrainement
M10MCDVPKP6J790;MERCEDES;CLA 220;entrainement
M10MCDVPKP6J791;MERCEDES;CLA 220;entrainement
M10MCDVPKP6K767;MERCEDES;CLA 220;entrainement
M10MCDVPKP6K792;MERCEDES;CLA 220;entrainement
M10MCDVPKP6L768;MERCEDES;CLA 220;entrainement
M10MCDVPKP6L793;MERCEDES;CLA 220;entrainement
M10MCDVPKP6M769;MERCEDES;CLA 220;entrainement
M10MCDVPKP6M794;MERCEDES;CLA 220;entrainement
M10MCDVPKP6N770;MERCEDES;CLA 220;entrainement
M10MCDVPKP6N795;MERCEDES;CLA 220;entrainement
M10MCDVPKP6P771;MERCEDES;CLA 220;entrainement
M10MCDVPKP6P772;MERCEDES;CLA 220;entrainement
M10MCDVPKP6P796;MERCEDES;CLA 220;entrainement
M10MCDVPKP6R773;MERCEDES;CLA 220;entrainement
M10MCDVPKP6R774;MERCEDES;CLA 220;entrainement
M10MCDVPKP6S775;MERCEDES;CLA 220;entrainement
M10MCDVPLA00113;MERCEDES;CLA 220;entrainement
M10MCDVPLA01114;MERCEDES;CLA 220;entrainement
M10MCDVPLA02115;MERCEDES;CLA 220;entrainement
M10MCDVPLA03116;MERCEDES;CLA 220;entrainement
M10MCDVPLA04117;MERCEDES;CLA 220;entrainement
M10MCDVPLA05118;MERCEDES;CLA 220;entrainement
M10MCDVPLA06119;MERCEDES;CLA 220;entrainement
M10MCDVPLA07120;MERCEDES;CLA 220;entrainement
M10MCDVPLA08121;MERCEDES;CLA 220;entrainement
M10MCDVPLA09122;MERCEDES;CLA 220;entrainement
M10MCDVPLA0A123;MERCEDES;CLA 220;entrainement
M10MCDVPLA0B124;MERCEDES;CLA 220;entrainement
M10MCDVPLA0C125;MERCEDES;CLA 220;entrainement
M10MCDVPLA0D126;MERCEDES;CLA 220;entrainement
M10MCDVPLA0E127;MERCEDES;CLA 220;entrainement
M10MCDVPLA0F128;MERCEDES;CLA 220;entrainement
M10MCDVPLA0G129;MERCEDES;CLA 220;entrainement
M10MCDVPLA0H130;MERCEDES;CLA 220;entrainement
M10MCDVPLA0J131;MERCEDES;CLA 220;entrainement
M10MCDVPLA0P102;MERCEDES;CLA 220;entrainement
M10MCDVPLA0R103;MERCEDES;CLA 220;entrainement
M10MCDVPLA0R104;MERCEDES;CLA 220;entrainement
M10MCDVPLA0S105;MERCEDES;CLA 220;entrainement
M10MCDVPLA0T106;MERCEDES;CLA 220;entrainement
M10MCDVPLA0U107;MERCEDES;CLA 220;entrainement
M10MCDVPLA0V108;MERCEDES;CLA 220;entrainement
M10MCDVPLA0W109;MERCEDES;CLA 220;entrainement
M10MCDVPLA0X110;MERCEDES;CLA 220;entrainement
M10MCDVPLA0Y111;MERCEDES;CLA 220;entrainement
M10MCDVPLA0Z112;MERCEDES;CLA 220;entrainement
M10MCDVPNT6F137;MERCEDES;CLA 220;entrainement
M10MCDVPNT6G138;MERCEDES;CLA 220;entrainement
M10MCDVPNT6H139;MERCEDES;CLA 220;entrainement
M10MCDVPNT6J140;MERCEDES;CLA 220;entrainement
M10MCDVPNT6J141;MERCEDES;CLA 220;entrainement
M10MCDVPNT6K142;MERCEDES;CLA 220;entrainement
M10MCDVPNT6L143;MERCEDES;CLA 220;entrainement
M10MCDVPNT6M144;MERCEDES;CLA 220;entrainement
M10MCDVPNT6N145;MERCEDES;CLA 220;entrainement
M10MCDVPNT6P146;MERCEDES;CLA 220;entrainement
M10MCDVPNT6P147;MERCEDES;CLA 220;entrainement
M10MCDVPNT6R148;MERCEDES;CLA 220;entrainement
M10MCDVPNT6R149;MERCEDES;CLA 220;entrainement
M10MCDVPNT6S150;MERCEDES;CLA 220;entrainement
M10MCDVPNT6T151;MERCEDES;CLA 220;entrainement
M10MCDVPNT6U152;MERCEDES;CLA 220;entrainement
M10MCDVPNT6V153;MERCEDES;CLA 220;entrainement
M10MCDVPNT6W154;MERCEDES;CLA 220;entrainement
M10MCDVPNT6X155;MERCEDES;CLA 220;entrainement
M10MCDVPNT6Y156;MERCEDES;CLA 220;entrainement
M10MCDVPPT01454;MERCEDES;CLA 220;entrainement
M10MCDVPPT02455;MERCEDES;CLA 220;entrainement
M10MCDVPPT03456;MERCEDES;CLA 220;entrainement
M10MCDVPPT04457;MERCEDES;CLA 220;entrainement
M10MCDVPPT05458;MERCEDES;CLA 220;entrainement
M10MCDVPPT06459;MERCEDES;CLA 220;entrainement
M10MCDVPPT07460;MERCEDES;CLA 220;entrainement
M10MCDVPPT08461;MERCEDES;CLA 220;entrainement
M10MCDVPPT09462;MERCEDES;CLA 220;entrainement
M10MCDVPPT0A463;MERCEDES;CLA 220;entrainement
M10MCDVPPT0B464;MERCEDES;CLA 220;entrainement
M10MCDVPPT0C465;MERCEDES;CLA 220;entrainement
M10MCDVPPT0D466;MERCEDES;CLA 220;entrainement
M10MCDVPPT0E467;MERCEDES;CLA 220;entrainement
M10MCDVPPT0F468;MERCEDES;CLA 220;entrainement
M10MCDVPPT0G469;MERCEDES;CLA 220;entrainement
M10MCDVPPT0H470;MERCEDES;CLA 220;entrainement
M10MCDVPPT0J471;MERCEDES;CLA 220;entrainement
M10MCDVPKL20561;MERCEDES;CLS 400;entrainement
M10MCDVPKL20683;MERCEDES;CLS 400;entrainement
M10MCDVPKL21562;MERCEDES;CLS 400;entrainement
M10MCDVPKL21684;MERCEDES;CLS 400;entrainement
M10MCDVPKL22563;MERCEDES;CLS 400;entrainement
M10MCDVPKL22685;MERCEDES;CLS 400;entrainement
M10MCDVPKL23564;MERCEDES;CLS 400;entrainement
M10MCDVPKL24565;MERCEDES;CLS 400;entrainement
M10MCDVPKL25566;MERCEDES;CLS 400;entrainement
M10MCDVPKL26567;MERCEDES;CLS 400;entrainement
M10MCDVPKL27568;MERCEDES;CLS 400;entrainement
M10MCDVPKL28569;MERCEDES;CLS 400;entrainement
M10MCDVPKL29570;MERCEDES;CLS 400;entrainement
M10MCDVPKL2A571;MERCEDES;CLS 400;entrainement
M10MCDVPKL2K678;MERCEDES;CLS 400;entrainement
M10MCDVPKL2W679;MERCEDES;CLS 400;entrainement
M10MCDVPKL2X680;MERCEDES;CLS 400;entrainement
M10MCDVPKL2Y681;MERCEDES;CLS 400;entrainement
M10MCDVPKL2Z560;MERCEDES;CLS 400;entrainement
M10MCDVPKL2Z682;MERCEDES;CLS 400;entrainement
M10MCDVPPS17485;MERCEDES;CLS 400;entrainement
M10MCDVPPS17582;MERCEDES;CLS 400;entrainement
M10MCDVPPS18486;MERCEDES;CLS 400;entrainement
M10MCDVPPS18583;MERCEDES;CLS 400;entrainement
M10MCDVPPS19487;MERCEDES;CLS 400;entrainement
M10MCDVPPS19584;MERCEDES;CLS 400;entrainement
M10MCDVPPS1A488;MERCEDES;CLS 400;entrainement
M10MCDVPPS1A585;MERCEDES;CLS 400;entrainement
M10MCDVPPS1B489;MERCEDES;CLS 400;entrainement
M10MCDVPPS1B586;MERCEDES;CLS 400;entrainement
M10MCDVPPS1C490;MERCEDES;CLS 400;entrainement
M10MCDVPPS1C587;MERCEDES;CLS 400;entrainement
M10MCDVPPS1D491;MERCEDES;CLS 400;entrainement
M10MCDVPPS1D588;MERCEDES;CLS 400;entrainement
M10MCDVPPS1E492;MERCEDES;CLS 400;entrainement
M10MCDVPPS1E589;MERCEDES;CLS 400;entrainement
M10MCDVPPS1F493;MERCEDES;CLS 400;entrainement
M10MCDVPPS1F590;MERCEDES;CLS 400;entrainement
M10MCDVPPS1G494;MERCEDES;CLS 400;entrainement
M10MCDVPPS1G591;MERCEDES;CLS 400;entrainement
M10MCDVPPS1H470;MERCEDES;CLS 400;entrainement
M10MCDVPPS1H495;MERCEDES;CLS 400;entrainement
M10MCDVPPS1H592;MERCEDES;CLS 400;entrainement
M10MCDVPPS1J471;MERCEDES;CLS 400;entrainement
M10MCDVPPS1J472;MERCEDES;CLS 400;entrainement
M10MCDVPPS1J496;MERCEDES;CLS 400;entrainement
M10MCDVPPS1J497;MERCEDES;CLS 400;entrainement
M10MCDVPPS1J593;MERCEDES;CLS 400;entrainement
M10MCDVPPS1K473;MERCEDES;CLS 400;entrainement
M10MCDVPPS1K498;MERCEDES;CLS 400;entrainement
M10MCDVPPS1L474;MERCEDES;CLS 400;entrainement
M10MCDVPPS1L499;MERCEDES;CLS 400;entrainement
M10MCDVPPS1M475;MERCEDES;CLS 400;entrainement
M10MCDVPPS1M500;MERCEDES;CLS 400;entrainement
M10MCDVPPS1N476;MERCEDES;CLS 400;entrainement
M10MCDVPPS1N501;MERCEDES;CLS 400;entrainement
M10MCDVPPS1P477;MERCEDES;CLS 400;entrainement
M10MCDVPPS1P478;MERCEDES;CLS 400;entrainement
M10MCDVPPS1R479;MERCEDES;CLS 400;entrainement
M10MCDVPPS1R480;MERCEDES;CLS 400;entrainement
M10MCDVPPS1S481;MERCEDES;CLS 400;entrainement
M10MCDVPPS1S578;MERCEDES;CLS 400;entrainement
M10MCDVPPS1T482;MERCEDES;CLS 400;entrainement
M10MCDVPPS1T579;MERCEDES;CLS 400;entrainement
M10MCDVPPS1U483;MERCEDES;CLS 400;entrainement
M10MCDVPPS1U580;MERCEDES;CLS 400;entrainement
M10MCDVPPS1V484;MERCEDES;CLS 400;entrainement
M10MCDVPPS1V581;MERCEDES;CLS 400;entrainement
M10MCDVPGY5E297;MERCEDES;CLS 500;entrainement
M10MCDVPGY5F298;MERCEDES;CLS 500;entrainement
M10MCDVPGY5G299;MERCEDES;CLS 500;entrainement
M10MCDVPGY5H239;MERCEDES;CLS 500;entrainement
M10MCDVPGY5H300;MERCEDES;CLS 500;entrainement
M10MCDVPGY5J240;MERCEDES;CLS 500;entrainement
M10MCDVPGY5J241;MERCEDES;CLS 500;entrainement
M10MCDVPGY5K242;MERCEDES;CLS 500;entrainement
M10MCDVPKL2D696;MERCEDES;CLS 500;entrainement
M10MCDVPKL2E697;MERCEDES;CLS 500;entrainement
M10MCDVPKL2F698;MERCEDES;CLS 500;entrainement
M10MCDVPKL2G699;MERCEDES;CLS 500;entrainement
M10MCDVPKL2W582;MERCEDES;CLS 500;entrainement
M10MCDVPKL2X583;MERCEDES;CLS 500;entrainement
M10MCDVPKL2Y584;MERCEDES;CLS 500;entrainement
M10MCDVPKL2Z585;MERCEDES;CLS 500;entrainement
M10MCDVPPS10611;MERCEDES;CLS 500;entrainement
M10MCDVPPS11612;MERCEDES;CLS 500;entrainement
M10MCDVPPS12613;MERCEDES;CLS 500;entrainement
M10MCDVPPS13614;MERCEDES;CLS 500;entrainement
M10MCDVPPS14518;MERCEDES;CLS 500;entrainement
M10MCDVPPS14615;MERCEDES;CLS 500;entrainement
M10MCDVPPS15519;MERCEDES;CLS 500;entrainement
M10MCDVPPS15616;MERCEDES;CLS 500;entrainement
M10MCDVPPS16520;MERCEDES;CLS 500;entrainement
M10MCDVPPS16617;MERCEDES;CLS 500;entrainement
M10MCDVPPS17521;MERCEDES;CLS 500;entrainement
M10MCDVPPS18522;MERCEDES;CLS 500;entrainement
M10MCDVPPS19523;MERCEDES;CLS 500;entrainement
M10MCDVPPS1A524;MERCEDES;CLS 500;entrainement
M10MCDVPPS1B525;MERCEDES;CLS 500;entrainement
M10MCDVPPS1Z610;MERCEDES;CLS 500;entrainement
M10MCDVPFH7K258;MERCEDES;CLS 63 AMG;test
M10MCDVPFH7L259;MERCEDES;CLS 63 AMG;test
M10MCDVPFH7M260;MERCEDES;CLS 63 AMG;test
M10MCDVPFH7N261;MERCEDES;CLS 63 AMG;test
M10MCDVPFH7S266;MERCEDES;CLS 63 AMG;test
M10MCDVPFH7T267;MERCEDES;CLS 63 AMG;test
M10MCDVPFH7U268;MERCEDES;CLS 63 AMG;test
M10MCDVPFH7V269;MERCEDES;CLS 63 AMG;test
M10MCDVPGY54323;MERCEDES;CLS 63 AMG;test
M10MCDVPGY55324;MERCEDES;CLS 63 AMG;test
M10MCDVPGY5W315;MERCEDES;CLS 63 AMG;test
M10MCDVPGY5X316;MERCEDES;CLS 63 AMG;test
M10MCDVPKL27690;MERCEDES;CLS 63 AMG;test
M10MCDVPKL28691;MERCEDES;CLS 63 AMG;test
M10MCDVPKL29692;MERCEDES;CLS 63 AMG;test
M10MCDVPKL2A693;MERCEDES;CLS 63 AMG;test
M10MCDVPKL2B572;MERCEDES;CLS 63 AMG;test
M10MCDVPKL2C573;MERCEDES;CLS 63 AMG;test
M10MCDVPKL2D574;MERCEDES;CLS 63 AMG;test
M10MCDVPKL2E575;MERCEDES;CLS 63 AMG;test
M10MCDVPKL2F576;MERCEDES;CLS 63 AMG;test
M10MCDVPKL2G577;MERCEDES;CLS 63 AMG;test
M10MCDVPKL2H578;MERCEDES;CLS 63 AMG;test
M10MCDVPKL2J579;MERCEDES;CLS 63 AMG;test
M10MCDVPPS10514;MERCEDES;CLS 63 AMG;test
M10MCDVPPS11515;MERCEDES;CLS 63 AMG;test
M10MCDVPPS12516;MERCEDES;CLS 63 AMG;test
M10MCDVPPS13517;MERCEDES;CLS 63 AMG;test
M10MCDVPPS1J594;MERCEDES;CLS 63 AMG;test
M10MCDVPPS1K595;MERCEDES;CLS 63 AMG;test
M10MCDVPPS1L596;MERCEDES;CLS 63 AMG;test
M10MCDVPPS1M597;MERCEDES;CLS 63 AMG;test
M10MCDVPPS1N598;MERCEDES;CLS 63 AMG;test
M10MCDVPPS1P502;MERCEDES;CLS 63 AMG;test
M10MCDVPPS1P503;MERCEDES;CLS 63 AMG;test
M10MCDVPPS1P599;MERCEDES;CLS 63 AMG;test
M10MCDVPPS1P600;MERCEDES;CLS 63 AMG;test
M10MCDVPPS1R504;MERCEDES;CLS 63 AMG;test
M10MCDVPPS1R505;MERCEDES;CLS 63 AMG;test
M10MCDVPPS1R601;MERCEDES;CLS 63 AMG;test
M10MCDVPPS1R602;MERCEDES;CLS 63 AMG;test
M10MCDVPPS1S506;MERCEDES;CLS 63 AMG;test
M10MCDVPPS1S603;MERCEDES;CLS 63 AMG;test
M10MCDVPPS1T507;MERCEDES;CLS 63 AMG;test
M10MCDVPPS1T604;MERCEDES;CLS 63 AMG;test
M10MCDVPPS1U508;MERCEDES;CLS 63 AMG;test
M10MCDVPPS1U605;MERCEDES;CLS 63 AMG;test
M10MCDVPPS1V509;MERCEDES;CLS 63 AMG;test
M10MCDVPPS1V606;MERCEDES;CLS 63 AMG;test
M10MCDVPPS1W510;MERCEDES;CLS 63 AMG;test
M10MCDVPPS1W607;MERCEDES;CLS 63 AMG;test
M10MCDVPPS1X511;MERCEDES;CLS 63 AMG;test
M10MCDVPPS1X608;MERCEDES;CLS 63 AMG;test
M10MCDVPPS1Y512;MERCEDES;CLS 63 AMG;test
M10MCDVPPS1Y609;MERCEDES;CLS 63 AMG;test
M10MCDVPPS1Z513;MERCEDES;CLS 63 AMG;test
M10MCDVPFH7R264;MERCEDES;CLS 63 AMG;test
M10MCDVPFH7R265;MERCEDES;CLS 63 AMG;test
M10MCDVPKL20586;MERCEDES;CLS 63 AMG;test
M10MCDVPKL21587;MERCEDES;CLS 63 AMG;test
M10MCDVPKL22588;MERCEDES;CLS 63 AMG;test
M10MCDVPKL23589;MERCEDES;CLS 63 AMG;test
M10MCDVPKL24590;MERCEDES;CLS 63 AMG;test
M10MCDVPKL25591;MERCEDES;CLS 63 AMG;test
M10MCDVPKL26592;MERCEDES;CLS 63 AMG;test
M10MCDVPKL27593;MERCEDES;CLS 63 AMG;test
M10MCDVPKL2L704;MERCEDES;CLS 63 AMG;test
M10MCDVPKL2M705;MERCEDES;CLS 63 AMG;test
M10MCDVPKL2N706;MERCEDES;CLS 63 AMG;test
M10MCDVPKL2P707;MERCEDES;CLS 63 AMG;test
M10MCDVPPS17618;MERCEDES;CLS 63 AMG;test
M10MCDVPPS18619;MERCEDES;CLS 63 AMG;test
M10MCDVPPS19620;MERCEDES;CLS 63 AMG;test
M10MCDVPPS1A621;MERCEDES;CLS 63 AMG;test
M10MCDVPPS1B622;MERCEDES;CLS 63 AMG;test
M10MCDVPPS1C526;MERCEDES;CLS 63 AMG;test
M10MCDVPPS1C623;MERCEDES;CLS 63 AMG;test
M10MCDVPPS1D527;MERCEDES;CLS 63 AMG;test
M10MCDVPPS1D624;MERCEDES;CLS 63 AMG;test
M10MCDVPPS1E528;MERCEDES;CLS 63 AMG;test
M10MCDVPPS1E625;MERCEDES;CLS 63 AMG;test
M10MCDVPPS1F529;MERCEDES;CLS 63 AMG;test
M10MCDVPPS1F626;MERCEDES;CLS 63 AMG;test
M10MCDVPPS1G530;MERCEDES;CLS 63 AMG;test
M10MCDVPPS1G627;MERCEDES;CLS 63 AMG;test
M10MCDVPPS1H531;MERCEDES;CLS 63 AMG;test
M10MCDVPPS1H628;MERCEDES;CLS 63 AMG;test
M10MCDVPPS1J532;MERCEDES;CLS 63 AMG;test
M10MCDVPPS1J533;MERCEDES;CLS 63 AMG;test
M10MCDVPPS1J629;MERCEDES;CLS 63 AMG;test
M10MCDVPPS1J630;MERCEDES;CLS 63 AMG;test
M10MCDVPPS1K534;MERCEDES;CLS 63 AMG;test
M10MCDVPPS1K631;MERCEDES;CLS 63 AMG;test
M10MCDVPPS1L535;MERCEDES;CLS 63 AMG;test
M10MCDVPPS1L632;MERCEDES;CLS 63 AMG;test
M10MCDVPPS1M536;MERCEDES;CLS 63 AMG;test
M10MCDVPPS1M633;MERCEDES;CLS 63 AMG;test
M10MCDVPPS1N537;MERCEDES;CLS 63 AMG;test
M10MCDVPPS1P538;MERCEDES;CLS 63 AMG;test
M10MCDVPPS1P539;MERCEDES;CLS 63 AMG;test
M10MCDVPPS1R540;MERCEDES;CLS 63 AMG;test
M10MCDVPPS1R541;MERCEDES;CLS 63 AMG;test
M10MCDVPKL2G638;MERCEDES;CLS 220;entrainement
M10MCDVPKL2H506;MERCEDES;CLS 220;entrainement
M10MCDVPKL2H639;MERCEDES;CLS 220;entrainement
M10MCDVPKL2J507;MERCEDES;CLS 220;entrainement
M10MCDVPKL2J508;MERCEDES;CLS 220;entrainement
M10MCDVPKL2J640;MERCEDES;CLS 220;entrainement
M10MCDVPKL2J641;MERCEDES;CLS 220;entrainement
M10MCDVPKL2K509;MERCEDES;CLS 220;entrainement
M10MCDVPKL2L510;MERCEDES;CLS 220;entrainement
M10MCDVPKL2M511;MERCEDES;CLS 220;entrainement
M10MCDVPPS11454;MERCEDES;CLS 220;entrainement
M10MCDVPPS12455;MERCEDES;CLS 220;entrainement
M10MCDVPPS13456;MERCEDES;CLS 220;entrainement
M10MCDVPPS14457;MERCEDES;CLS 220;entrainement
M10MCDVPPS15458;MERCEDES;CLS 220;entrainement
M10MCDVPPS16459;MERCEDES;CLS 220;entrainement
M10MCDVPPS17460;MERCEDES;CLS 220;entrainement
M10MCDVPPS18461;MERCEDES;CLS 220;entrainement
M10MCDVPPS1K570;MERCEDES;CLS 220;entrainement
M10MCDVPPS1L571;MERCEDES;CLS 220;entrainement
M10MCDVPPS1M572;MERCEDES;CLS 220;entrainement
M10MCDVPPS1N573;MERCEDES;CLS 220;entrainement
M10MCDVPFH75146;MERCEDES;CLS 250;test
M10MCDVPFH76147;MERCEDES;CLS 250;test
M10MCDVPFH77148;MERCEDES;CLS 250;test
M10MCDVPFH78149;MERCEDES;CLS 250;test
M10MCDVPFH79150;MERCEDES;CLS 250;test
M10MCDVPFH7A151;MERCEDES;CLS 250;test
M10MCDVPKL20489;MERCEDES;CLS 250;test
M10MCDVPKL21490;MERCEDES;CLS 250;test
M10MCDVPKL22491;MERCEDES;CLS 250;test
M10MCDVPKL23492;MERCEDES;CLS 250;test
M10MCDVPKL24493;MERCEDES;CLS 250;test
M10MCDVPKL24626;MERCEDES;CLS 250;test
M10MCDVPKL25494;MERCEDES;CLS 250;test
M10MCDVPKL25627;MERCEDES;CLS 250;test
M10MCDVPKL26495;MERCEDES;CLS 250;test
M10MCDVPKL26628;MERCEDES;CLS 250;test
M10MCDVPKL27496;MERCEDES;CLS 250;test
M10MCDVPKL27629;MERCEDES;CLS 250;test
M10MCDVPKL28497;MERCEDES;CLS 250;test
M10MCDVPKL28630;MERCEDES;CLS 250;test
M10MCDVPKL29498;MERCEDES;CLS 250;test
M10MCDVPKL29631;MERCEDES;CLS 250;test
M10MCDVPKL2A499;MERCEDES;CLS 250;test
M10MCDVPKL2A632;MERCEDES;CLS 250;test
M10MCDVPKL2B633;MERCEDES;CLS 250;test
M10MCDVPKL2Z488;MERCEDES;CLS 250;test
M10MCDVPPS18558;MERCEDES;CLS 250;test
M10MCDVPPS19559;MERCEDES;CLS 250;test
M10MCDVPPS1A560;MERCEDES;CLS 250;test
M10MCDVPPS1B561;MERCEDES;CLS 250;test
M10MCDVPPS1C562;MERCEDES;CLS 250;test
M10MCDVPPS1D430;MERCEDES;CLS 250;test
M10MCDVPPS1D563;MERCEDES;CLS 250;test
M10MCDVPPS1E431;MERCEDES;CLS 250;test
M10MCDVPPS1E564;MERCEDES;CLS 250;test
M10MCDVPPS1F432;MERCEDES;CLS 250;test
M10MCDVPPS1F565;MERCEDES;CLS 250;test
M10MCDVPPS1G433;MERCEDES;CLS 250;test
M10MCDVPPS1H434;MERCEDES;CLS 250;test
M10MCDVPPS1J435;MERCEDES;CLS 250;test
M10MCDVPPS1J436;MERCEDES;CLS 250;test
M10MCDVPPS1K437;MERCEDES;CLS 250;test
M10MCDVPPS1L438;MERCEDES;CLS 250;test
M10MCDVPPS1M439;MERCEDES;CLS 250;test
M10MCDVPPS1N440;MERCEDES;CLS 250;test
M10MCDVPPS1P441;MERCEDES;CLS 250;test
M10MCDVPPS1P442;MERCEDES;CLS 250;test
M10MCDVPPS1R443;MERCEDES;CLS 250;test
M10MCDVPPS1R444;MERCEDES;CLS 250;test
M10MCDVPPS1S445;MERCEDES;CLS 250;test
M10MCDVPFH79247;MERCEDES;CLS 350;entrainement
M10MCDVPFH7A248;MERCEDES;CLS 350;entrainement
M10MCDVPFH7C250;MERCEDES;CLS 350;entrainement
M10MCDVPFH7D251;MERCEDES;CLS 350;entrainement
M10MCDVPFH7F253;MERCEDES;CLS 350;entrainement
M10MCDVPFH7G254;MERCEDES;CLS 350;entrainement
M10MCDVPFH7J256;MERCEDES;CLS 350;entrainement
M10MCDVPFH7J257;MERCEDES;CLS 350;entrainement
M10MCDVPGY5S311;MERCEDES;CLS 350;entrainement
M10MCDVPGY5T312;MERCEDES;CLS 350;entrainement
M10MCDVPGY5U313;MERCEDES;CLS 350;entrainement
M10MCDVPGY5V314;MERCEDES;CLS 350;entrainement
M10MCDVPKL28594;MERCEDES;CLS 350;entrainement
M10MCDVPKL29595;MERCEDES;CLS 350;entrainement
M10MCDVPKL2A596;MERCEDES;CLS 350;entrainement
M10MCDVPKL2B597;MERCEDES;CLS 350;entrainement
M10MCDVPKL2C598;MERCEDES;CLS 350;entrainement
M10MCDVPKL2D599;MERCEDES;CLS 350;entrainement
M10MCDVPKL2P708;MERCEDES;CLS 350;entrainement
M10MCDVPKL2R709;MERCEDES;CLS 350;entrainement
M10MCDVPKL2R710;MERCEDES;CLS 350;entrainement
M10MCDVPKL2S711;MERCEDES;CLS 350;entrainement
M10MCDVPKL2T712;MERCEDES;CLS 350;entrainement
M10MCDVPKL2U713;MERCEDES;CLS 350;entrainement
M10MCDVPKL2V714;MERCEDES;CLS 350;entrainement
M10MCDVPKL2W715;MERCEDES;CLS 350;entrainement
M10MCDVPPS1N634;MERCEDES;CLS 350;entrainement
M10MCDVPPS1P635;MERCEDES;CLS 350;entrainement
M10MCDVPPS1P636;MERCEDES;CLS 350;entrainement
M10MCDVPPS1R637;MERCEDES;CLS 350;entrainement
M10MCDVPPS1R638;MERCEDES;CLS 350;entrainement
M10MCDVPPS1S542;MERCEDES;CLS 350;entrainement
M10MCDVPPS1S639;MERCEDES;CLS 350;entrainement
M10MCDVPPS1T543;MERCEDES;CLS 350;entrainement
M10MCDVPPS1T640;MERCEDES;CLS 350;entrainement
M10MCDVPPS1U544;MERCEDES;CLS 350;entrainement
M10MCDVPPS1U641;MERCEDES;CLS 350;entrainement
M10MCDVPPS1V545;MERCEDES;CLS 350;entrainement
M10MCDVPPS1W546;MERCEDES;CLS 350;entrainement
M10MCDVPPS1X547;MERCEDES;CLS 350;entrainement
M10MCDVPPS1Y548;MERCEDES;CLS 350;entrainement
M10MCDVPPS1Z549;MERCEDES;CLS 350;entrainement
M10MCDVPKL20719;MERCEDES;CLS 350;entrainement
M10MCDVPKL21720;MERCEDES;CLS 350;entrainement
M10MCDVPKL22721;MERCEDES;CLS 350;entrainement
M10MCDVPKL23722;MERCEDES;CLS 350;entrainement
M10MCDVPKL24723;MERCEDES;CLS 350;entrainement
M10MCDVPKL2E600;MERCEDES;CLS 350;entrainement
M10MCDVPKL2F601;MERCEDES;CLS 350;entrainement
M10MCDVPKL2G602;MERCEDES;CLS 350;entrainement
M10MCDVPKL2H603;MERCEDES;CLS 350;entrainement
M10MCDVPKL2J604;MERCEDES;CLS 350;entrainement
M10MCDVPKL2J605;MERCEDES;CLS 350;entrainement
M10MCDVPKL2X716;MERCEDES;CLS 350;entrainement
M10MCDVPKL2Y717;MERCEDES;CLS 350;entrainement
M10MCDVPKL2Z718;MERCEDES;CLS 350;entrainement
M10MCDVPPS10550;MERCEDES;CLS 350;entrainement
M10MCDVPPS10647;MERCEDES;CLS 350;entrainement
M10MCDVPPS11551;MERCEDES;CLS 350;entrainement
M10MCDVPPS11648;MERCEDES;CLS 350;entrainement
M10MCDVPPS12552;MERCEDES;CLS 350;entrainement
M10MCDVPPS12649;MERCEDES;CLS 350;entrainement
M10MCDVPPS13553;MERCEDES;CLS 350;entrainement
M10MCDVPPS14554;MERCEDES;CLS 350;entrainement
M10MCDVPPS15555;MERCEDES;CLS 350;entrainement
M10MCDVPPS16556;MERCEDES;CLS 350;entrainement
M10MCDVPPS17557;MERCEDES;CLS 350;entrainement
M10MCDVPPS1V642;MERCEDES;CLS 350;entrainement
M10MCDVPPS1W643;MERCEDES;CLS 350;entrainement
M10MCDVPPS1X644;MERCEDES;CLS 350;entrainement
M10MCDVPPS1Y645;MERCEDES;CLS 350;entrainement
M10MCDVPPS1Z646;MERCEDES;CLS 350;entrainement
M10MCDVPNT70193;MERCEDES;E 200;entrainement
M10MCDVPNT7C194;MERCEDES;E 200;entrainement
M10MCDVPNT7D195;MERCEDES;E 200;entrainement
M10MCDVPNT7E196;MERCEDES;E 200;entrainement
M10MCDVPNT7F197;MERCEDES;E 200;entrainement
M10MCDVPNT7G173;MERCEDES;E 200;entrainement
M10MCDVPNT7G198;MERCEDES;E 200;entrainement
M10MCDVPNT7H174;MERCEDES;E 200;entrainement
M10MCDVPNT7H199;MERCEDES;E 200;entrainement
M10MCDVPNT7J175;MERCEDES;E 200;entrainement
M10MCDVPNT7J176;MERCEDES;E 200;entrainement
M10MCDVPNT7J200;MERCEDES;E 200;entrainement
M10MCDVPNT7J201;MERCEDES;E 200;entrainement
M10MCDVPNT7K177;MERCEDES;E 200;entrainement
M10MCDVPNT7K202;MERCEDES;E 200;entrainement
M10MCDVPNT7L178;MERCEDES;E 200;entrainement
M10MCDVPNT7L203;MERCEDES;E 200;entrainement
M10MCDVPNT7M179;MERCEDES;E 200;entrainement
M10MCDVPNT7M204;MERCEDES;E 200;entrainement
M10MCDVPNT7N180;MERCEDES;E 200;entrainement
M10MCDVPNT7N205;MERCEDES;E 200;entrainement
M10MCDVPNT7P181;MERCEDES;E 200;entrainement
M10MCDVPNT7P182;MERCEDES;E 200;entrainement
M10MCDVPNT7P206;MERCEDES;E 200;entrainement
M10MCDVPNT7P207;MERCEDES;E 200;entrainement
M10MCDVPNT7R183;MERCEDES;E 200;entrainement
M10MCDVPNT7R184;MERCEDES;E 200;entrainement
M10MCDVPNT7R208;MERCEDES;E 200;entrainement
M10MCDVPNT7R209;MERCEDES;E 200;entrainement
M10MCDVPNT7S185;MERCEDES;E 200;entrainement
M10MCDVPNT7S210;MERCEDES;E 200;entrainement
M10MCDVPNT7T186;MERCEDES;E 200;entrainement
M10MCDVPNT7T211;MERCEDES;E 200;entrainement
M10MCDVPNT7U187;MERCEDES;E 200;entrainement
M10MCDVPNT7U212;MERCEDES;E 200;entrainement
M10MCDVPNT7V188;MERCEDES;E 200;entrainement
M10MCDVPNT7W189;MERCEDES;E 200;entrainement
M10MCDVPNT7X190;MERCEDES;E 200;entrainement
M10MCDVPNT7Y191;MERCEDES;E 200;entrainement
M10MCDVPNT7Z192;MERCEDES;E 200;entrainement
M10MCDVPKP50421;MERCEDES;E 200;entrainement
M10MCDVPKP50906;MERCEDES;E 200;entrainement
M10MCDVPKP51422;MERCEDES;E 200;entrainement
M10MCDVPKP52423;MERCEDES;E 200;entrainement
M10MCDVPKP53424;MERCEDES;E 200;entrainement
M10MCDVPKP53679;MERCEDES;E 200;entrainement
M10MCDVPKP54425;MERCEDES;E 200;entrainement
M10MCDVPKP54680;MERCEDES;E 200;entrainement
M10MCDVPKP55426;MERCEDES;E 200;entrainement
M10MCDVPKP55681;MERCEDES;E 200;entrainement
M10MCDVPKP56427;MERCEDES;E 200;entrainement
M10MCDVPKP56682;MERCEDES;E 200;entrainement
M10MCDVPKP57428;MERCEDES;E 200;entrainement
M10MCDVPKP57683;MERCEDES;E 200;entrainement
M10MCDVPKP58429;MERCEDES;E 200;entrainement
M10MCDVPKP58684;MERCEDES;E 200;entrainement
M10MCDVPKP59430;MERCEDES;E 200;entrainement
M10MCDVPKP59685;MERCEDES;E 200;entrainement
M10MCDVPKP59879;MERCEDES;E 200;entrainement
M10MCDVPKP5A431;MERCEDES;E 200;entrainement
M10MCDVPKP5A686;MERCEDES;E 200;entrainement
M10MCDVPKP5A880;MERCEDES;E 200;entrainement
M10MCDVPKP5B432;MERCEDES;E 200;entrainement
M10MCDVPKP5B687;MERCEDES;E 200;entrainement
M10MCDVPKP5B881;MERCEDES;E 200;entrainement
M10MCDVPKP5C433;MERCEDES;E 200;entrainement
M10MCDVPKP5C688;MERCEDES;E 200;entrainement
M10MCDVPKP5C882;MERCEDES;E 200;entrainement
M10MCDVPKP5D434;MERCEDES;E 200;entrainement
M10MCDVPKP5D689;MERCEDES;E 200;entrainement
M10MCDVPKP5D883;MERCEDES;E 200;entrainement
M10MCDVPKP5E435;MERCEDES;E 200;entrainement
M10MCDVPKP5E690;MERCEDES;E 200;entrainement
M10MCDVPKP5E884;MERCEDES;E 200;entrainement
M10MCDVPKP5F436;MERCEDES;E 200;entrainement
M10MCDVPKP5F691;MERCEDES;E 200;entrainement
M10MCDVPKP5F885;MERCEDES;E 200;entrainement
M10MCDVPKP5G437;MERCEDES;E 200;entrainement
M10MCDVPKP5G692;MERCEDES;E 200;entrainement
M10MCDVPKP5G886;MERCEDES;E 200;entrainement
M10MCDVPKP5H438;MERCEDES;E 200;entrainement
M10MCDVPKP5H693;MERCEDES;E 200;entrainement
M10MCDVPKP5H887;MERCEDES;E 200;entrainement
M10MCDVPKP5J439;MERCEDES;E 200;entrainement
M10MCDVPKP5J440;MERCEDES;E 200;entrainement
M10MCDVPKP5J694;MERCEDES;E 200;entrainement
M10MCDVPKP5J695;MERCEDES;E 200;entrainement
M10MCDVPKP5J888;MERCEDES;E 200;entrainement
M10MCDVPKP5J889;MERCEDES;E 200;entrainement
M10MCDVPKP5K696;MERCEDES;E 200;entrainement
M10MCDVPKP5K890;MERCEDES;E 200;entrainement
M10MCDVPKP5L697;MERCEDES;E 200;entrainement
M10MCDVPKP5L891;MERCEDES;E 200;entrainement
M10MCDVPKP5M698;MERCEDES;E 200;entrainement
M10MCDVPKP5M892;MERCEDES;E 200;entrainement
M10MCDVPKP5N893;MERCEDES;E 200;entrainement
M10MCDVPKP5P894;MERCEDES;E 200;entrainement
M10MCDVPKP5P895;MERCEDES;E 200;entrainement
M10MCDVPKP5R896;MERCEDES;E 200;entrainement
M10MCDVPKP5R897;MERCEDES;E 200;entrainement
M10MCDVPKP5S898;MERCEDES;E 200;entrainement
M10MCDVPKP5T899;MERCEDES;E 200;entrainement
M10MCDVPKP5U900;MERCEDES;E 200;entrainement
M10MCDVPKP5V901;MERCEDES;E 200;entrainement
M10MCDVPKP5W417;MERCEDES;E 200;entrainement
M10MCDVPKP5W902;MERCEDES;E 200;entrainement
M10MCDVPKP5X418;MERCEDES;E 200;entrainement
M10MCDVPKP5X903;MERCEDES;E 200;entrainement
M10MCDVPKP5Y419;MERCEDES;E 200;entrainement
M10MCDVPKP5Y904;MERCEDES;E 200;entrainement
M10MCDVPKP5Z420;MERCEDES;E 200;entrainement
M10MCDVPKP5Z905;MERCEDES;E 200;entrainement
M10MCDVPKV70413;MERCEDES;E 200;entrainement
M10MCDVPKV71414;MERCEDES;E 200;entrainement
M10MCDVPKV72415;MERCEDES;E 200;entrainement
M10MCDVPKV73416;MERCEDES;E 200;entrainement
M10MCDVPKV74417;MERCEDES;E 200;entrainement
M10MCDVPKV75418;MERCEDES;E 200;entrainement
M10MCDVPKV76419;MERCEDES;E 200;entrainement
M10MCDVPKV77420;MERCEDES;E 200;entrainement
M10MCDVPKV78421;MERCEDES;E 200;entrainement
M10MCDVPKV79422;MERCEDES;E 200;entrainement
M10MCDVPKV7A423;MERCEDES;E 200;entrainement
M10MCDVPKV7B388;MERCEDES;E 200;entrainement
M10MCDVPKV7B424;MERCEDES;E 200;entrainement
M10MCDVPKV7C389;MERCEDES;E 200;entrainement
M10MCDVPKV7C425;MERCEDES;E 200;entrainement
M10MCDVPKV7D390;MERCEDES;E 200;entrainement
M10MCDVPKV7D426;MERCEDES;E 200;entrainement
M10MCDVPKV7E391;MERCEDES;E 200;entrainement
M10MCDVPKV7F392;MERCEDES;E 200;entrainement
M10MCDVPKV7G393;MERCEDES;E 200;entrainement
M10MCDVPKV7H394;MERCEDES;E 200;entrainement
M10MCDVPKV7J371;MERCEDES;E 200;entrainement
M10MCDVPKV7J395;MERCEDES;E 200;entrainement
M10MCDVPKV7J396;MERCEDES;E 200;entrainement
M10MCDVPKV7K372;MERCEDES;E 200;entrainement
M10MCDVPKV7K397;MERCEDES;E 200;entrainement
M10MCDVPKV7L373;MERCEDES;E 200;entrainement
M10MCDVPKV7L398;MERCEDES;E 200;entrainement
M10MCDVPKV7M374;MERCEDES;E 200;entrainement
M10MCDVPKV7M399;MERCEDES;E 200;entrainement
M10MCDVPKV7N375;MERCEDES;E 200;entrainement
M10MCDVPKV7N400;MERCEDES;E 200;entrainement
M10MCDVPKV7P376;MERCEDES;E 200;entrainement
M10MCDVPKV7P377;MERCEDES;E 200;entrainement
M10MCDVPKV7P401;MERCEDES;E 200;entrainement
M10MCDVPKV7P402;MERCEDES;E 200;entrainement
M10MCDVPKV7R378;MERCEDES;E 200;entrainement
M10MCDVPKV7R379;MERCEDES;E 200;entrainement
M10MCDVPKV7R403;MERCEDES;E 200;entrainement
M10MCDVPKV7R404;MERCEDES;E 200;entrainement
M10MCDVPKV7S380;MERCEDES;E 200;entrainement
M10MCDVPKV7S405;MERCEDES;E 200;entrainement
M10MCDVPKV7T381;MERCEDES;E 200;entrainement
M10MCDVPKV7T406;MERCEDES;E 200;entrainement
M10MCDVPKV7U382;MERCEDES;E 200;entrainement
M10MCDVPKV7U407;MERCEDES;E 200;entrainement
M10MCDVPKV7V383;MERCEDES;E 200;entrainement
M10MCDVPKV7V408;MERCEDES;E 200;entrainement
M10MCDVPKV7W384;MERCEDES;E 200;entrainement
M10MCDVPKV7W409;MERCEDES;E 200;entrainement
M10MCDVPKV7X385;MERCEDES;E 200;entrainement
M10MCDVPKV7X410;MERCEDES;E 200;entrainement
M10MCDVPKV7Y386;MERCEDES;E 200;entrainement
M10MCDVPKV7Y411;MERCEDES;E 200;entrainement
M10MCDVPKV7Z387;MERCEDES;E 200;entrainement
M10MCDVPKV7Z412;MERCEDES;E 200;entrainement
M10MCDVPNT70315;MERCEDES;E 200;entrainement
M10MCDVPNT70351;MERCEDES;E 200;entrainement
M10MCDVPNT71316;MERCEDES;E 200;entrainement
M10MCDVPNT71352;MERCEDES;E 200;entrainement
M10MCDVPNT72317;MERCEDES;E 200;entrainement
M10MCDVPNT72353;MERCEDES;E 200;entrainement
M10MCDVPNT73318;MERCEDES;E 200;entrainement
M10MCDVPNT73354;MERCEDES;E 200;entrainement
M10MCDVPNT74319;MERCEDES;E 200;entrainement
M10MCDVPNT74355;MERCEDES;E 200;entrainement
M10MCDVPNT75320;MERCEDES;E 200;entrainement
M10MCDVPNT75356;MERCEDES;E 200;entrainement
M10MCDVPNT76321;MERCEDES;E 200;entrainement
M10MCDVPNT76357;MERCEDES;E 200;entrainement
M10MCDVPNT77322;MERCEDES;E 200;entrainement
M10MCDVPNT77358;MERCEDES;E 200;entrainement
M10MCDVPNT78323;MERCEDES;E 200;entrainement
M10MCDVPNT78359;MERCEDES;E 200;entrainement
M10MCDVPNT79324;MERCEDES;E 200;entrainement
M10MCDVPNT79360;MERCEDES;E 200;entrainement
M10MCDVPNT7A325;MERCEDES;E 200;entrainement
M10MCDVPNT7A361;MERCEDES;E 200;entrainement
M10MCDVPNT7B326;MERCEDES;E 200;entrainement
M10MCDVPNT7B362;MERCEDES;E 200;entrainement
M10MCDVPNT7C327;MERCEDES;E 200;entrainement
M10MCDVPNT7C363;MERCEDES;E 200;entrainement
M10MCDVPNT7D328;MERCEDES;E 200;entrainement
M10MCDVPNT7D364;MERCEDES;E 200;entrainement
M10MCDVPNT7E329;MERCEDES;E 200;entrainement
M10MCDVPNT7E365;MERCEDES;E 200;entrainement
M10MCDVPNT7F330;MERCEDES;E 200;entrainement
M10MCDVPNT7F366;MERCEDES;E 200;entrainement
M10MCDVPNT7G331;MERCEDES;E 200;entrainement
M10MCDVPNT7G367;MERCEDES;E 200;entrainement
M10MCDVPNT7H332;MERCEDES;E 200;entrainement
M10MCDVPNT7H368;MERCEDES;E 200;entrainement
M10MCDVPNT7J333;MERCEDES;E 200;entrainement
M10MCDVPNT7J334;MERCEDES;E 200;entrainement
M10MCDVPNT7J369;MERCEDES;E 200;entrainement
M10MCDVPNT7J370;MERCEDES;E 200;entrainement
M10MCDVPNT7K335;MERCEDES;E 200;entrainement
M10MCDVPNT7K371;MERCEDES;E 200;entrainement
M10MCDVPNT7L336;MERCEDES;E 200;entrainement
M10MCDVPNT7L372;MERCEDES;E 200;entrainement
M10MCDVPNT7M337;MERCEDES;E 200;entrainement
M10MCDVPNT7M373;MERCEDES;E 200;entrainement
M10MCDVPNT7N338;MERCEDES;E 200;entrainement
M10MCDVPNT7N374;MERCEDES;E 200;entrainement
M10MCDVPNT7P339;MERCEDES;E 200;entrainement
M10MCDVPNT7P340;MERCEDES;E 200;entrainement
M10MCDVPNT7P375;MERCEDES;E 200;entrainement
M10MCDVPNT7P376;MERCEDES;E 200;entrainement
M10MCDVPNT7R305;MERCEDES;E 200;entrainement
M10MCDVPNT7R306;MERCEDES;E 200;entrainement
M10MCDVPNT7R341;MERCEDES;E 200;entrainement
M10MCDVPNT7R342;MERCEDES;E 200;entrainement
M10MCDVPNT7S307;MERCEDES;E 200;entrainement
M10MCDVPNT7S343;MERCEDES;E 200;entrainement
M10MCDVPNT7T308;MERCEDES;E 200;entrainement
M10MCDVPNT7T344;MERCEDES;E 200;entrainement
M10MCDVPNT7U309;MERCEDES;E 200;entrainement
M10MCDVPNT7U345;MERCEDES;E 200;entrainement
M10MCDVPNT7V310;MERCEDES;E 200;entrainement
M10MCDVPNT7V346;MERCEDES;E 200;entrainement
M10MCDVPNT7W311;MERCEDES;E 200;entrainement
M10MCDVPNT7W347;MERCEDES;E 200;entrainement
M10MCDVPNT7X312;MERCEDES;E 200;entrainement
M10MCDVPNT7X348;MERCEDES;E 200;entrainement
M10MCDVPNT7Y313;MERCEDES;E 200;entrainement
M10MCDVPNT7Y349;MERCEDES;E 200;entrainement
M10MCDVPNT7Z314;MERCEDES;E 200;entrainement
M10MCDVPNT7Z350;MERCEDES;E 200;entrainement
M10MCDVPPS00612;MERCEDES;E 200;entrainement
M10MCDVPPS01613;MERCEDES;E 200;entrainement
M10MCDVPPS02614;MERCEDES;E 200;entrainement
M10MCDVPPS02844;MERCEDES;E 200;entrainement
M10MCDVPPS03615;MERCEDES;E 200;entrainement
M10MCDVPPS03845;MERCEDES;E 200;entrainement
M10MCDVPPS04616;MERCEDES;E 200;entrainement
M10MCDVPPS04846;MERCEDES;E 200;entrainement
M10MCDVPPS05617;MERCEDES;E 200;entrainement
M10MCDVPPS05847;MERCEDES;E 200;entrainement
M10MCDVPPS06618;MERCEDES;E 200;entrainement
M10MCDVPPS06848;MERCEDES;E 200;entrainement
M10MCDVPPS07619;MERCEDES;E 200;entrainement
M10MCDVPPS07849;MERCEDES;E 200;entrainement
M10MCDVPPS08620;MERCEDES;E 200;entrainement
M10MCDVPPS08850;MERCEDES;E 200;entrainement
M10MCDVPPS09621;MERCEDES;E 200;entrainement
M10MCDVPPS09851;MERCEDES;E 200;entrainement
M10MCDVPPS0A622;MERCEDES;E 200;entrainement
M10MCDVPPS0A852;MERCEDES;E 200;entrainement
M10MCDVPPS0B623;MERCEDES;E 200;entrainement
M10MCDVPPS0B853;MERCEDES;E 200;entrainement
M10MCDVPPS0C624;MERCEDES;E 200;entrainement
M10MCDVPPS0C854;MERCEDES;E 200;entrainement
M10MCDVPPS0C976;MERCEDES;E 200;entrainement
M10MCDVPPS0D625;MERCEDES;E 200;entrainement
M10MCDVPPS0D855;MERCEDES;E 200;entrainement
M10MCDVPPS0D977;MERCEDES;E 200;entrainement
M10MCDVPPS0E626;MERCEDES;E 200;entrainement
M10MCDVPPS0E856;MERCEDES;E 200;entrainement
M10MCDVPPS0E978;MERCEDES;E 200;entrainement
M10MCDVPPS0F627;MERCEDES;E 200;entrainement
M10MCDVPPS0F857;MERCEDES;E 200;entrainement
M10MCDVPPS0F979;MERCEDES;E 200;entrainement
M10MCDVPPS0G858;MERCEDES;E 200;entrainement
M10MCDVPPS0G980;MERCEDES;E 200;entrainement
M10MCDVPPS0H859;MERCEDES;E 200;entrainement
M10MCDVPPS0H981;MERCEDES;E 200;entrainement
M10MCDVPPS0J860;MERCEDES;E 200;entrainement
M10MCDVPPS0J861;MERCEDES;E 200;entrainement
M10MCDVPPS0J982;MERCEDES;E 200;entrainement
M10MCDVPPS0J983;MERCEDES;E 200;entrainement
M10MCDVPPS0K596;MERCEDES;E 200;entrainement
M10MCDVPPS0K862;MERCEDES;E 200;entrainement
M10MCDVPPS0K984;MERCEDES;E 200;entrainement
M10MCDVPPS0L597;MERCEDES;E 200;entrainement
M10MCDVPPS0L863;MERCEDES;E 200;entrainement
M10MCDVPPS0L985;MERCEDES;E 200;entrainement
M10MCDVPPS0M598;MERCEDES;E 200;entrainement
M10MCDVPPS0M864;MERCEDES;E 200;entrainement
M10MCDVPPS0M986;MERCEDES;E 200;entrainement
M10MCDVPPS0N599;MERCEDES;E 200;entrainement
M10MCDVPPS0N865;MERCEDES;E 200;entrainement
M10MCDVPPS0N987;MERCEDES;E 200;entrainement
M10MCDVPPS0P600;MERCEDES;E 200;entrainement
M10MCDVPPS0P601;MERCEDES;E 200;entrainement
M10MCDVPPS0P866;MERCEDES;E 200;entrainement
M10MCDVPPS0P867;MERCEDES;E 200;entrainement
M10MCDVPPS0P988;MERCEDES;E 200;entrainement
M10MCDVPPS0P989;MERCEDES;E 200;entrainement
M10MCDVPPS0R602;MERCEDES;E 200;entrainement
M10MCDVPPS0R603;MERCEDES;E 200;entrainement
M10MCDVPPS0R868;MERCEDES;E 200;entrainement
M10MCDVPPS0R869;MERCEDES;E 200;entrainement
M10MCDVPPS0S604;MERCEDES;E 200;entrainement
M10MCDVPPS0S870;MERCEDES;E 200;entrainement
M10MCDVPPS0T605;MERCEDES;E 200;entrainement
M10MCDVPPS0T871;MERCEDES;E 200;entrainement
M10MCDVPPS0U606;MERCEDES;E 200;entrainement
M10MCDVPPS0V607;MERCEDES;E 200;entrainement
M10MCDVPPS0W608;MERCEDES;E 200;entrainement
M10MCDVPPS0X609;MERCEDES;E 200;entrainement
M10MCDVPPS0Y610;MERCEDES;E 200;entrainement
M10MCDVPPS0Z611;MERCEDES;E 200;entrainement
M10MCDVPPS15228;MERCEDES;E 200;entrainement
M10MCDVPPS16229;MERCEDES;E 200;entrainement
M10MCDVPPS17230;MERCEDES;E 200;entrainement
M10MCDVPPS18231;MERCEDES;E 200;entrainement
M10MCDVPPS19232;MERCEDES;E 200;entrainement
M10MCDVPPS1A233;MERCEDES;E 200;entrainement
M10MCDVPPS1B234;MERCEDES;E 200;entrainement
M10MCDVPPS1C235;MERCEDES;E 200;entrainement
M10MCDVPPS1D236;MERCEDES;E 200;entrainement
M10MCDVPPS1E237;MERCEDES;E 200;entrainement
M10MCDVPPS1F238;MERCEDES;E 200;entrainement
M10MCDVPPS1G239;MERCEDES;E 200;entrainement
M10MCDVPKP51907;MERCEDES;E 250;entrainement
M10MCDVPKP52908;MERCEDES;E 250;entrainement
M10MCDVPKP53909;MERCEDES;E 250;entrainement
M10MCDVPKP54910;MERCEDES;E 250;entrainement
M10MCDVPKP55911;MERCEDES;E 250;entrainement
M10MCDVPKP56912;MERCEDES;E 250;entrainement
M10MCDVPKP57913;MERCEDES;E 250;entrainement
M10MCDVPKP58914;MERCEDES;E 250;entrainement
M10MCDVPKP59915;MERCEDES;E 250;entrainement
M10MCDVPKP5A916;MERCEDES;E 250;entrainement
M10MCDVPKP5B917;MERCEDES;E 250;entrainement
M10MCDVPKP5C918;MERCEDES;E 250;entrainement
M10MCDVPKP5D919;MERCEDES;E 250;entrainement
M10MCDVPKP5E920;MERCEDES;E 250;entrainement
M10MCDVPKP5K441;MERCEDES;E 250;entrainement
M10MCDVPKP5L442;MERCEDES;E 250;entrainement
M10MCDVPKP5M443;MERCEDES;E 250;entrainement
M10MCDVPKP5N444;MERCEDES;E 250;entrainement
M10MCDVPKP5N699;MERCEDES;E 250;entrainement
M10MCDVPKP5P445;MERCEDES;E 250;entrainement
M10MCDVPKP5P446;MERCEDES;E 250;entrainement
M10MCDVPKP5P700;MERCEDES;E 250;entrainement
M10MCDVPKP5P701;MERCEDES;E 250;entrainement
M10MCDVPKP5R447;MERCEDES;E 250;entrainement
M10MCDVPKP5R448;MERCEDES;E 250;entrainement
M10MCDVPKP5R702;MERCEDES;E 250;entrainement
M10MCDVPKP5R703;MERCEDES;E 250;entrainement
M10MCDVPKP5S449;MERCEDES;E 250;entrainement
M10MCDVPKP5S704;MERCEDES;E 250;entrainement
M10MCDVPKP5T450;MERCEDES;E 250;entrainement
M10MCDVPKP5T705;MERCEDES;E 250;entrainement
M10MCDVPKP5U451;MERCEDES;E 250;entrainement
M10MCDVPKP5U706;MERCEDES;E 250;entrainement
M10MCDVPKP5V452;MERCEDES;E 250;entrainement
M10MCDVPKP5V707;MERCEDES;E 250;entrainement
M10MCDVPKP5W708;MERCEDES;E 250;entrainement
M10MCDVPKV7E427;MERCEDES;E 250;entrainement
M10MCDVPKV7F428;MERCEDES;E 250;entrainement
M10MCDVPKV7G429;MERCEDES;E 250;entrainement
M10MCDVPKV7H430;MERCEDES;E 250;entrainement
M10MCDVPKV7J431;MERCEDES;E 250;entrainement
M10MCDVPKV7J432;MERCEDES;E 250;entrainement
M10MCDVPKV7K433;MERCEDES;E 250;entrainement
M10MCDVPKV7L434;MERCEDES;E 250;entrainement
M10MCDVPKV7M435;MERCEDES;E 250;entrainement
M10MCDVPKV7N436;MERCEDES;E 250;entrainement
M10MCDVPKV7P437;MERCEDES;E 250;entrainement
M10MCDVPKV7P438;MERCEDES;E 250;entrainement
M10MCDVPKV7R439;MERCEDES;E 250;entrainement
M10MCDVPKV7R440;MERCEDES;E 250;entrainement
M10MCDVPKV7S441;MERCEDES;E 250;entrainement
M10MCDVPKV7T442;MERCEDES;E 250;entrainement
M10MCDVPNT70387;MERCEDES;E 250;entrainement
M10MCDVPNT7C388;MERCEDES;E 250;entrainement
M10MCDVPNT7D389;MERCEDES;E 250;entrainement
M10MCDVPNT7E390;MERCEDES;E 250;entrainement
M10MCDVPNT7F391;MERCEDES;E 250;entrainement
M10MCDVPNT7G392;MERCEDES;E 250;entrainement
M10MCDVPNT7H393;MERCEDES;E 250;entrainement
M10MCDVPNT7J394;MERCEDES;E 250;entrainement
M10MCDVPNT7J395;MERCEDES;E 250;entrainement
M10MCDVPNT7K396;MERCEDES;E 250;entrainement
M10MCDVPNT7R377;MERCEDES;E 250;entrainement
M10MCDVPNT7R378;MERCEDES;E 250;entrainement
M10MCDVPNT7S379;MERCEDES;E 250;entrainement
M10MCDVPNT7T380;MERCEDES;E 250;entrainement
M10MCDVPNT7U381;MERCEDES;E 250;entrainement
M10MCDVPNT7V382;MERCEDES;E 250;entrainement
M10MCDVPNT7W383;MERCEDES;E 250;entrainement
M10MCDVPNT7X384;MERCEDES;E 250;entrainement
M10MCDVPNT7Y385;MERCEDES;E 250;entrainement
M10MCDVPNT7Z386;MERCEDES;E 250;entrainement
M10MCDVPPS06873;MERCEDES;E 250;entrainement
M10MCDVPPS07874;MERCEDES;E 250;entrainement
M10MCDVPPS08875;MERCEDES;E 250;entrainement
M10MCDVPPS09876;MERCEDES;E 250;entrainement
M10MCDVPPS0A877;MERCEDES;E 250;entrainement
M10MCDVPPS0B878;MERCEDES;E 250;entrainement
M10MCDVPPS0C879;MERCEDES;E 250;entrainement
M10MCDVPPS0D880;MERCEDES;E 250;entrainement
M10MCDVPPS0E881;MERCEDES;E 250;entrainement
M10MCDVPPS0F882;MERCEDES;E 250;entrainement
M10MCDVPPS0G628;MERCEDES;E 250;entrainement
M10MCDVPPS0G883;MERCEDES;E 250;entrainement
M10MCDVPPS0H629;MERCEDES;E 250;entrainement
M10MCDVPPS0H884;MERCEDES;E 250;entrainement
M10MCDVPPS0J630;MERCEDES;E 250;entrainement
M10MCDVPPS0J631;MERCEDES;E 250;entrainement
M10MCDVPPS0J885;MERCEDES;E 250;entrainement
M10MCDVPPS0K632;MERCEDES;E 250;entrainement
M10MCDVPPS0L633;MERCEDES;E 250;entrainement
M10MCDVPPS0M634;MERCEDES;E 250;entrainement
M10MCDVPPS0N635;MERCEDES;E 250;entrainement
M10MCDVPPS0P636;MERCEDES;E 250;entrainement
M10MCDVPPS0P637;MERCEDES;E 250;entrainement
M10MCDVPPS0R638;MERCEDES;E 250;entrainement
M10MCDVPPS0R639;MERCEDES;E 250;entrainement
M10MCDVPPS0R990;MERCEDES;E 250;entrainement
M10MCDVPPS0R991;MERCEDES;E 250;entrainement
M10MCDVPPS0S640;MERCEDES;E 250;entrainement
M10MCDVPPS0S992;MERCEDES;E 250;entrainement
M10MCDVPPS0T641;MERCEDES;E 250;entrainement
M10MCDVPPS0T993;MERCEDES;E 250;entrainement
M10MCDVPPS0U642;MERCEDES;E 250;entrainement
M10MCDVPPS0U872;MERCEDES;E 250;entrainement
M10MCDVPPS0V643;MERCEDES;E 250;entrainement
M10MCDVPPS1H240;MERCEDES;E 250;entrainement
M10MCDVPPS1J241;MERCEDES;E 250;entrainement
M10MCDVPPS1J242;MERCEDES;E 250;entrainement
M10MCDVPPS1K243;MERCEDES;E 250;entrainement
M10MCDVPPS1L244;MERCEDES;E 250;entrainement
M10MCDVPPS1M245;MERCEDES;E 250;entrainement
M10MCDVPGU43097;MERCEDES;E 300;calibration
M10MCDVPGU44098;MERCEDES;E 300;calibration
M10MCDVPGU45099;MERCEDES;E 300;calibration
M10MCDVPGU46100;MERCEDES;E 300;calibration
M10MCDVPGU47101;MERCEDES;E 300;calibration
M10MCDVPGU48102;MERCEDES;E 300;calibration
M10MCDVPGU49103;MERCEDES;E 300;calibration
M10MCDVPGU4A104;MERCEDES;E 300;calibration
M10MCDVPGU4B105;MERCEDES;E 300;calibration
M10MCDVPGU4C106;MERCEDES;E 300;calibration
M10MCDVPGU4D107;MERCEDES;E 300;calibration
M10MCDVPGU4E108;MERCEDES;E 300;calibration
M10MCDVPGU4F109;MERCEDES;E 300;calibration
M10MCDVPGU4G110;MERCEDES;E 300;calibration
M10MCDVPGU4H111;MERCEDES;E 300;calibration
M10MCDVPGU4J112;MERCEDES;E 300;calibration
M10MCDVPGU4P093;MERCEDES;E 300;calibration
M10MCDVPGU4P094;MERCEDES;E 300;calibration
M10MCDVPGU4R095;MERCEDES;E 300;calibration
M10MCDVPGU4R096;MERCEDES;E 300;calibration
M10MCDVPGW78485;MERCEDES;E 300;calibration
M10MCDVPGW79486;MERCEDES;E 300;calibration
M10MCDVPGW7A487;MERCEDES;E 300;calibration
M10MCDVPGW7B488;MERCEDES;E 300;calibration
M10MCDVPGW7C489;MERCEDES;E 300;calibration
M10MCDVPGW7D490;MERCEDES;E 300;calibration
M10MCDVPGW7E491;MERCEDES;E 300;calibration
M10MCDVPGW7F492;MERCEDES;E 300;calibration
M10MCDVPGW7G493;MERCEDES;E 300;calibration
M10MCDVPGW7H494;MERCEDES;E 300;calibration
M10MCDVPGW7J495;MERCEDES;E 300;calibration
M10MCDVPGW7J496;MERCEDES;E 300;calibration
M10MCDVPGW7K497;MERCEDES;E 300;calibration
M10MCDVPGW7L498;MERCEDES;E 300;calibration
M10MCDVPGW7M499;MERCEDES;E 300;calibration
M10MCDVPGW7N500;MERCEDES;E 300;calibration
M10MCDVPGW7P501;MERCEDES;E 300;calibration
M10MCDVPGW7R479;MERCEDES;E 300;calibration
M10MCDVPGW7S480;MERCEDES;E 300;calibration
M10MCDVPGW7T481;MERCEDES;E 300;calibration
M10MCDVPGW7U482;MERCEDES;E 300;calibration
M10MCDVPGW7V483;MERCEDES;E 300;calibration
M10MCDVPGW7W484;MERCEDES;E 300;calibration
M10MCDVPKP50457;MERCEDES;E 300;calibration
M10MCDVPKP50712;MERCEDES;E 300;calibration
M10MCDVPKP51458;MERCEDES;E 300;calibration
M10MCDVPKP51713;MERCEDES;E 300;calibration
M10MCDVPKP52459;MERCEDES;E 300;calibration
M10MCDVPKP52714;MERCEDES;E 300;calibration
M10MCDVPKP53460;MERCEDES;E 300;calibration
M10MCDVPKP53715;MERCEDES;E 300;calibration
M10MCDVPKP54461;MERCEDES;E 300;calibration
M10MCDVPKP54716;MERCEDES;E 300;calibration
M10MCDVPKP55462;MERCEDES;E 300;calibration
M10MCDVPKP55717;MERCEDES;E 300;calibration
M10MCDVPKP56718;MERCEDES;E 300;calibration
M10MCDVPKP5W453;MERCEDES;E 300;calibration
M10MCDVPKP5X454;MERCEDES;E 300;calibration
M10MCDVPKP5X709;MERCEDES;E 300;calibration
M10MCDVPKP5Y455;MERCEDES;E 300;calibration
M10MCDVPKP5Y710;MERCEDES;E 300;calibration
M10MCDVPKP5Z456;MERCEDES;E 300;calibration
M10MCDVPKP5Z711;MERCEDES;E 300;calibration
M10MCDVPNT79421;MERCEDES;E 300;calibration
M10MCDVPNT7A422;MERCEDES;E 300;calibration
M10MCDVPNT7B423;MERCEDES;E 300;calibration
M10MCDVPNT7C424;MERCEDES;E 300;calibration
M10MCDVPNT7D425;MERCEDES;E 300;calibration
M10MCDVPNT7E426;MERCEDES;E 300;calibration
M10MCDVPNT7F427;MERCEDES;E 300;calibration
M10MCDVPNT7G428;MERCEDES;E 300;calibration
M10MCDVPNT7H429;MERCEDES;E 300;calibration
M10MCDVPNT7J430;MERCEDES;E 300;calibration
M10MCDVPNT7J431;MERCEDES;E 300;calibration
M10MCDVPNT7K432;MERCEDES;E 300;calibration
M10MCDVPNT7L433;MERCEDES;E 300;calibration
M10MCDVPNT7M434;MERCEDES;E 300;calibration
M10MCDVPNT7N435;MERCEDES;E 300;calibration
M10MCDVPNT7P436;MERCEDES;E 300;calibration
M10MCDVPNT7P437;MERCEDES;E 300;calibration
M10MCDVPNT7R438;MERCEDES;E 300;calibration
M10MCDVPNT7R439;MERCEDES;E 300;calibration
M10MCDVPNT7S440;MERCEDES;E 300;calibration
M10MCDVPNT7T441;MERCEDES;E 300;calibration
M10MCDVPNT7U442;MERCEDES;E 300;calibration
M10MCDVPNT7V443;MERCEDES;E 300;calibration
M10MCDVPNT7W444;MERCEDES;E 300;calibration
M10MCDVPKP50518;MERCEDES;E 320;test
M10MCDVPKP5F763;MERCEDES;E 320;test
M10MCDVPKP5G764;MERCEDES;E 320;test
M10MCDVPKP5H765;MERCEDES;E 320;test
M10MCDVPKP5J766;MERCEDES;E 320;test
M10MCDVPKP5J767;MERCEDES;E 320;test
M10MCDVPKP5K768;MERCEDES;E 320;test
M10MCDVPKP5L769;MERCEDES;E 320;test
M10MCDVPKP5M770;MERCEDES;E 320;test
M10MCDVPKP5N771;MERCEDES;E 320;test
M10MCDVPKP5P772;MERCEDES;E 320;test
M10MCDVPKP5R509;MERCEDES;E 320;test
M10MCDVPKP5S510;MERCEDES;E 320;test
M10MCDVPKP5T511;MERCEDES;E 320;test
M10MCDVPKP5U512;MERCEDES;E 320;test
M10MCDVPKP5V513;MERCEDES;E 320;test
M10MCDVPKP5W514;MERCEDES;E 320;test
M10MCDVPKP5X515;MERCEDES;E 320;test
M10MCDVPKP5Y516;MERCEDES;E 320;test
M10MCDVPKP5Z517;MERCEDES;E 320;test
M10MCDVPPS06679;MERCEDES;E 320;test
M10MCDVPPS07680;MERCEDES;E 320;test
M10MCDVPPS08681;MERCEDES;E 320;test
M10MCDVPPS09682;MERCEDES;E 320;test
M10MCDVPPS0A683;MERCEDES;E 320;test
M10MCDVPPS0B684;MERCEDES;E 320;test
M10MCDVPPS0B914;MERCEDES;E 320;test
M10MCDVPPS0C685;MERCEDES;E 320;test
M10MCDVPPS0C915;MERCEDES;E 320;test
M10MCDVPPS0D916;MERCEDES;E 320;test
M10MCDVPPS0E917;MERCEDES;E 320;test
M10MCDVPPS0F918;MERCEDES;E 320;test
M10MCDVPPS0G919;MERCEDES;E 320;test
M10MCDVPPS0H920;MERCEDES;E 320;test
M10MCDVPPS0J921;MERCEDES;E 320;test
M10MCDVPPS0J922;MERCEDES;E 320;test
M10MCDVPPS0K923;MERCEDES;E 320;test
M10MCDVPPS0L924;MERCEDES;E 320;test
M10MCDVPPS0M925;MERCEDES;E 320;test
M10MCDVPPS0N926;MERCEDES;E 320;test
M10MCDVPPS0P672;MERCEDES;E 320;test
M10MCDVPPS0P673;MERCEDES;E 320;test
M10MCDVPPS0P927;MERCEDES;E 320;test
M10MCDVPPS0R674;MERCEDES;E 320;test
M10MCDVPPS0R675;MERCEDES;E 320;test
M10MCDVPPS0S676;MERCEDES;E 320;test
M10MCDVPPS0T677;MERCEDES;E 320;test
M10MCDVPPS0U678;MERCEDES;E 320;test
M10MCDVPGE2F939;MERCEDES;E 350;entrainement
M10MCDVPGE2G940;MERCEDES;E 350;entrainement
M10MCDVPGE2H941;MERCEDES;E 350;entrainement
M10MCDVPGE2J942;MERCEDES;E 350;entrainement
M10MCDVPGE2J943;MERCEDES;E 350;entrainement
M10MCDVPGE2K944;MERCEDES;E 350;entrainement
M10MCDVPGE2L945;MERCEDES;E 350;entrainement
M10MCDVPGE2M946;MERCEDES;E 350;entrainement
M10MCDVPGE2N947;MERCEDES;E 350;entrainement
M10MCDVPGE2P948;MERCEDES;E 350;entrainement
M10MCDVPGE3J129;MERCEDES;E 350;entrainement
M10MCDVPGE3J130;MERCEDES;E 350;entrainement
M10MCDVPGE3K131;MERCEDES;E 350;entrainement
M10MCDVPGE3L132;MERCEDES;E 350;entrainement
M10MCDVPGE3N134;MERCEDES;E 350;entrainement
M10MCDVPGE3P135;MERCEDES;E 350;entrainement
M10MCDVPGE3P136;MERCEDES;E 350;entrainement
M10MCDVPGE3R137;MERCEDES;E 350;entrainement
M10MCDVPGU40166;MERCEDES;E 350;entrainement
M10MCDVPGU4B141;MERCEDES;E 350;entrainement
M10MCDVPGU4C142;MERCEDES;E 350;entrainement
M10MCDVPGU4D143;MERCEDES;E 350;entrainement
M10MCDVPGU4E144;MERCEDES;E 350;entrainement
M10MCDVPGU4F145;MERCEDES;E 350;entrainement
M10MCDVPGU4G146;MERCEDES;E 350;entrainement
M10MCDVPGU4H147;MERCEDES;E 350;entrainement
M10MCDVPGU4J148;MERCEDES;E 350;entrainement
M10MCDVPGU4J149;MERCEDES;E 350;entrainement
M10MCDVPGU4K150;MERCEDES;E 350;entrainement
M10MCDVPGU4L151;MERCEDES;E 350;entrainement
M10MCDVPGU4M152;MERCEDES;E 350;entrainement
M10MCDVPGU4N153;MERCEDES;E 350;entrainement
M10MCDVPGU4P154;MERCEDES;E 350;entrainement
M10MCDVPGU4P155;MERCEDES;E 350;entrainement
M10MCDVPGU4R156;MERCEDES;E 350;entrainement
M10MCDVPGU4R157;MERCEDES;E 350;entrainement
M10MCDVPGU4S158;MERCEDES;E 350;entrainement
M10MCDVPGU4T159;MERCEDES;E 350;entrainement
M10MCDVPGU4U160;MERCEDES;E 350;entrainement
M10MCDVPGU4V161;MERCEDES;E 350;entrainement
M10MCDVPGU4W162;MERCEDES;E 350;entrainement
M10MCDVPGU4X163;MERCEDES;E 350;entrainement
M10MCDVPGU4Y164;MERCEDES;E 350;entrainement
M10MCDVPGU4Z165;MERCEDES;E 350;entrainement
M10MCDVPGW78776;MERCEDES;E 350;entrainement
M10MCDVPGW79777;MERCEDES;E 350;entrainement
M10MCDVPGW7A778;MERCEDES;E 350;entrainement
M10MCDVPGW7C780;MERCEDES;E 350;entrainement
M10MCDVPGW7D781;MERCEDES;E 350;entrainement
M10MCDVPGW7E782;MERCEDES;E 350;entrainement
M10MCDVPGW7F783;MERCEDES;E 350;entrainement
M10MCDVPGW7G784;MERCEDES;E 350;entrainement
M10MCDVPGW7J762;MERCEDES;E 350;entrainement
M10MCDVPGW7J786;MERCEDES;E 350;entrainement
M10MCDVPGW7J787;MERCEDES;E 350;entrainement
M10MCDVPGW7K763;MERCEDES;E 350;entrainement
M10MCDVPGW7K788;MERCEDES;E 350;entrainement
M10MCDVPGW7L764;MERCEDES;E 350;entrainement
M10MCDVPGW7L789;MERCEDES;E 350;entrainement
M10MCDVPGW7M765;MERCEDES;E 350;entrainement
M10MCDVPGW7M790;MERCEDES;E 350;entrainement
M10MCDVPGW7N766;MERCEDES;E 350;entrainement
M10MCDVPGW7N791;MERCEDES;E 350;entrainement
M10MCDVPGW7P768;MERCEDES;E 350;entrainement
M10MCDVPGW7P792;MERCEDES;E 350;entrainement
M10MCDVPGW7P793;MERCEDES;E 350;entrainement
M10MCDVPGW7R769;MERCEDES;E 350;entrainement
M10MCDVPGW7R770;MERCEDES;E 350;entrainement
M10MCDVPGW7S771;MERCEDES;E 350;entrainement
M10MCDVPGW7T772;MERCEDES;E 350;entrainement
M10MCDVPGW7V774;MERCEDES;E 350;entrainement
M10MCDVPGW7W775;MERCEDES;E 350;entrainement
M10MCDVPKP52811;MERCEDES;E 350;entrainement
M10MCDVPKP53812;MERCEDES;E 350;entrainement
M10MCDVPKP5G473;MERCEDES;E 350;entrainement
M10MCDVPKP5H474;MERCEDES;E 350;entrainement
M10MCDVPKP5J475;MERCEDES;E 350;entrainement
M10MCDVPKP5J476;MERCEDES;E 350;entrainement
M10MCDVPKP5K477;MERCEDES;E 350;entrainement
M10MCDVPKP5L478;MERCEDES;E 350;entrainement
M10MCDVPKP55753;MERCEDES;E 400;test
M10MCDVPKP56754;MERCEDES;E 400;test
M10MCDVPKP57755;MERCEDES;E 400;test
M10MCDVPKP58756;MERCEDES;E 400;test
M10MCDVPKP59757;MERCEDES;E 400;test
M10MCDVPKP5A758;MERCEDES;E 400;test
M10MCDVPKP5B759;MERCEDES;E 400;test
M10MCDVPKP5C760;MERCEDES;E 400;test
M10MCDVPKP5D761;MERCEDES;E 400;test
M10MCDVPKP5E762;MERCEDES;E 400;test
M10MCDVPKP5H499;MERCEDES;E 400;test
M10MCDVPKP5J500;MERCEDES;E 400;test
M10MCDVPKP5J501;MERCEDES;E 400;test
M10MCDVPKP5K502;MERCEDES;E 400;test
M10MCDVPKP5L503;MERCEDES;E 400;test
M10MCDVPKP5M504;MERCEDES;E 400;test
M10MCDVPKP5N505;MERCEDES;E 400;test
M10MCDVPKP5P506;MERCEDES;E 400;test
M10MCDVPKP5P507;MERCEDES;E 400;test
M10MCDVPKP5R508;MERCEDES;E 400;test
M10MCDVPKP6F205;MERCEDES;E 400;test
M10MCDVPKP6G206;MERCEDES;E 400;test
M10MCDVPKP6H207;MERCEDES;E 400;test
M10MCDVPKP6J208;MERCEDES;E 400;test
M10MCDVPKP6J209;MERCEDES;E 400;test
M10MCDVPKP6K210;MERCEDES;E 400;test
M10MCDVPKP6L211;MERCEDES;E 400;test
M10MCDVPKP6M212;MERCEDES;E 400;test
M10MCDVPKP6N213;MERCEDES;E 400;test
M10MCDVPKP6P214;MERCEDES;E 400;test
M10MCDVPKP6P215;MERCEDES;E 400;test
M10MCDVPKP6R216;MERCEDES;E 400;test
M10MCDVPKP6R217;MERCEDES;E 400;test
M10MCDVPKP6S218;MERCEDES;E 400;test
M10MCDVPKP6T219;MERCEDES;E 400;test
M10MCDVPKP6U220;MERCEDES;E 400;test
M10MCDVPKV7B485;MERCEDES;E 400;test
M10MCDVPKV7C486;MERCEDES;E 400;test
M10MCDVPKV7D487;MERCEDES;E 400;test
M10MCDVPKV7E488;MERCEDES;E 400;test
M10MCDVPKV7F489;MERCEDES;E 400;test
M10MCDVPKV7G490;MERCEDES;E 400;test
M10MCDVPKV7H491;MERCEDES;E 400;test
M10MCDVPKV7J492;MERCEDES;E 400;test
M10MCDVPKV7J493;MERCEDES;E 400;test
M10MCDVPKV7K494;MERCEDES;E 400;test
M10MCDVPKV7L495;MERCEDES;E 400;test
M10MCDVPKV7M496;MERCEDES;E 400;test
M10MCDVPKV7N497;MERCEDES;E 400;test
M10MCDVPKV7P498;MERCEDES;E 400;test
M10MCDVPKV7U479;MERCEDES;E 400;test
M10MCDVPKV7V480;MERCEDES;E 400;test
M10MCDVPKV7W481;MERCEDES;E 400;test
M10MCDVPKV7X482;MERCEDES;E 400;test
M10MCDVPKV7Y483;MERCEDES;E 400;test
M10MCDVPKV7Z484;MERCEDES;E 400;test
M10MCDVPNT70448;MERCEDES;E 400;test
M10MCDVPNT70484;MERCEDES;E 400;test
M10MCDVPNT71449;MERCEDES;E 400;test
M10MCDVPNT72450;MERCEDES;E 400;test
M10MCDVPNT73451;MERCEDES;E 400;test
M10MCDVPNT74452;MERCEDES;E 400;test
M10MCDVPNT75453;MERCEDES;E 400;test
M10MCDVPNT76454;MERCEDES;E 400;test
M10MCDVPNT77455;MERCEDES;E 400;test
M10MCDVPNT78456;MERCEDES;E 400;test
M10MCDVPNT79457;MERCEDES;E 400;test
M10MCDVPNT7A458;MERCEDES;E 400;test
M10MCDVPNT7B459;MERCEDES;E 400;test
M10MCDVPNT7C460;MERCEDES;E 400;test
M10MCDVPNT7C485;MERCEDES;E 400;test
M10MCDVPNT7D461;MERCEDES;E 400;test
M10MCDVPNT7D486;MERCEDES;E 400;test
M10MCDVPNT7E462;MERCEDES;E 400;test
M10MCDVPNT7E487;MERCEDES;E 400;test
M10MCDVPNT7F463;MERCEDES;E 400;test
M10MCDVPNT7F488;MERCEDES;E 400;test
M10MCDVPNT7G464;MERCEDES;E 400;test
M10MCDVPNT7G489;MERCEDES;E 400;test
M10MCDVPNT7H465;MERCEDES;E 400;test
M10MCDVPNT7H490;MERCEDES;E 400;test
M10MCDVPNT7J466;MERCEDES;E 400;test
M10MCDVPNT7J467;MERCEDES;E 400;test
M10MCDVPNT7J491;MERCEDES;E 400;test
M10MCDVPNT7J492;MERCEDES;E 400;test
M10MCDVPNT7K468;MERCEDES;E 400;test
M10MCDVPNT7K493;MERCEDES;E 400;test
M10MCDVPNT7L469;MERCEDES;E 400;test
M10MCDVPNT7L494;MERCEDES;E 400;test
M10MCDVPNT7M470;MERCEDES;E 400;test
M10MCDVPNT7M495;MERCEDES;E 400;test
M10MCDVPNT7N471;MERCEDES;E 400;test
M10MCDVPNT7N496;MERCEDES;E 400;test
M10MCDVPNT7P472;MERCEDES;E 400;test
M10MCDVPNT7P473;MERCEDES;E 400;test
M10MCDVPNT7P497;MERCEDES;E 400;test
M10MCDVPNT7P498;MERCEDES;E 400;test
M10MCDVPNT7R474;MERCEDES;E 400;test
M10MCDVPNT7R475;MERCEDES;E 400;test
M10MCDVPNT7R499;MERCEDES;E 400;test
M10MCDVPNT7R500;MERCEDES;E 400;test
M10MCDVPNT7S476;MERCEDES;E 400;test
M10MCDVPNT7S501;MERCEDES;E 400;test
M10MCDVPNT7T477;MERCEDES;E 400;test
M10MCDVPNT7T502;MERCEDES;E 400;test
M10MCDVPNT7U478;MERCEDES;E 400;test
M10MCDVPNT7U503;MERCEDES;E 400;test
M10MCDVPNT7V479;MERCEDES;E 400;test
M10MCDVPNT7V504;MERCEDES;E 400;test
M10MCDVPNT7W480;MERCEDES;E 400;test
M10MCDVPNT7W505;MERCEDES;E 400;test
M10MCDVPNT7X445;MERCEDES;E 400;test
M10MCDVPNT7X481;MERCEDES;E 400;test
M10MCDVPNT7X506;MERCEDES;E 400;test
M10MCDVPNT7Y446;MERCEDES;E 400;test
M10MCDVPNT7Y482;MERCEDES;E 400;test
M10MCDVPNT7Y507;MERCEDES;E 400;test
M10MCDVPNT7Z447;MERCEDES;E 400;test
M10MCDVPNT7Z483;MERCEDES;E 400;test
M10MCDVPNT7Z508;MERCEDES;E 400;test
M10MCDVPPS00648;MERCEDES;E 400;test
M10MCDVPPS00903;MERCEDES;E 400;test
M10MCDVPPS01649;MERCEDES;E 400;test
M10MCDVPPS01904;MERCEDES;E 400;test
M10MCDVPPS02650;MERCEDES;E 400;test
M10MCDVPPS02905;MERCEDES;E 400;test
M10MCDVPPS03651;MERCEDES;E 400;test
M10MCDVPPS03906;MERCEDES;E 400;test
M10MCDVPPS04652;MERCEDES;E 400;test
M10MCDVPPS04907;MERCEDES;E 400;test
M10MCDVPPS05653;MERCEDES;E 400;test
M10MCDVPPS05908;MERCEDES;E 400;test
M10MCDVPPS06654;MERCEDES;E 400;test
M10MCDVPPS06909;MERCEDES;E 400;test
M10MCDVPPS07655;MERCEDES;E 400;test
M10MCDVPPS07910;MERCEDES;E 400;test
M10MCDVPPS08656;MERCEDES;E 400;test
M10MCDVPPS08911;MERCEDES;E 400;test
M10MCDVPPS09657;MERCEDES;E 400;test
M10MCDVPPS09912;MERCEDES;E 400;test
M10MCDVPPS0A658;MERCEDES;E 400;test
M10MCDVPPS0A913;MERCEDES;E 400;test
M10MCDVPPS0B659;MERCEDES;E 400;test
M10MCDVPPS0C660;MERCEDES;E 400;test
M10MCDVPPS0D661;MERCEDES;E 400;test
M10MCDVPPS0E662;MERCEDES;E 400;test
M10MCDVPPS0F663;MERCEDES;E 400;test
M10MCDVPPS0G664;MERCEDES;E 400;test
M10MCDVPPS0H665;MERCEDES;E 400;test
M10MCDVPPS0J666;MERCEDES;E 400;test
M10MCDVPPS0J667;MERCEDES;E 400;test
M10MCDVPPS0J886;MERCEDES;E 400;test
M10MCDVPPS0K668;MERCEDES;E 400;test
M10MCDVPPS0K887;MERCEDES;E 400;test
M10MCDVPPS0L669;MERCEDES;E 400;test
M10MCDVPPS0L888;MERCEDES;E 400;test
M10MCDVPPS0M670;MERCEDES;E 400;test
M10MCDVPPS0M889;MERCEDES;E 400;test
M10MCDVPPS0N671;MERCEDES;E 400;test
M10MCDVPPS0N890;MERCEDES;E 400;test
M10MCDVPPS0P891;MERCEDES;E 400;test
M10MCDVPPS0P892;MERCEDES;E 400;test
M10MCDVPPS0R893;MERCEDES;E 400;test
M10MCDVPPS0R894;MERCEDES;E 400;test
M10MCDVPPS0S895;MERCEDES;E 400;test
M10MCDVPPS0T896;MERCEDES;E 400;test
M10MCDVPPS0U897;MERCEDES;E 400;test
M10MCDVPPS0V898;MERCEDES;E 400;test
M10MCDVPPS0W644;MERCEDES;E 400;test
M10MCDVPPS0W899;MERCEDES;E 400;test
M10MCDVPPS0X645;MERCEDES;E 400;test
M10MCDVPPS0X900;MERCEDES;E 400;test
M10MCDVPPS0Y646;MERCEDES;E 400;test
M10MCDVPPS0Y901;MERCEDES;E 400;test
M10MCDVPPS0Z647;MERCEDES;E 400;test
M10MCDVPPS0Z902;MERCEDES;E 400;test
M10MCDVPPS10259;MERCEDES;E 400;test
M10MCDVPPS11260;MERCEDES;E 400;test
M10MCDVPPS12261;MERCEDES;E 400;test
M10MCDVPPS13262;MERCEDES;E 400;test
M10MCDVPPS14263;MERCEDES;E 400;test
M10MCDVPPS15264;MERCEDES;E 400;test
M10MCDVPPS16265;MERCEDES;E 400;test
M10MCDVPPS17266;MERCEDES;E 400;test
M10MCDVPPS18267;MERCEDES;E 400;test
M10MCDVPPS19268;MERCEDES;E 400;test
M10MCDVPPS1A269;MERCEDES;E 400;test
M10MCDVPPS1B270;MERCEDES;E 400;test
M10MCDVPPS1C271;MERCEDES;E 400;test
M10MCDVPPS1D272;MERCEDES;E 400;test
M10MCDVPPS1E273;MERCEDES;E 400;test
M10MCDVPPS1F274;MERCEDES;E 400;test
M10MCDVPPS1G275;MERCEDES;E 400;test
M10MCDVPPS1H082;MERCEDES;E 400;test
M10MCDVPPS1H276;MERCEDES;E 400;test
M10MCDVPPS1J083;MERCEDES;E 400;test
M10MCDVPPS1J084;MERCEDES;E 400;test
M10MCDVPPS1J277;MERCEDES;E 400;test
M10MCDVPPS1J278;MERCEDES;E 400;test
M10MCDVPPS1K085;MERCEDES;E 400;test
M10MCDVPPS1K279;MERCEDES;E 400;test
M10MCDVPPS1L086;MERCEDES;E 400;test
M10MCDVPPS1L280;MERCEDES;E 400;test
M10MCDVPPS1M087;MERCEDES;E 400;test
M10MCDVPPS1M281;MERCEDES;E 400;test
M10MCDVPPS1N246;MERCEDES;E 400;test
M10MCDVPPS1P247;MERCEDES;E 400;test
M10MCDVPPS1P248;MERCEDES;E 400;test
M10MCDVPPS1R249;MERCEDES;E 400;test
M10MCDVPPS1R250;MERCEDES;E 400;test
M10MCDVPPS1S251;MERCEDES;E 400;test
M10MCDVPPS1T252;MERCEDES;E 400;test
M10MCDVPPS1U253;MERCEDES;E 400;test
M10MCDVPPS1V254;MERCEDES;E 400;test
M10MCDVPPS1W255;MERCEDES;E 400;test
M10MCDVPPS1X256;MERCEDES;E 400;test
M10MCDVPPS1Y257;MERCEDES;E 400;test
M10MCDVPPS1Z258;MERCEDES;E 400;test
M10MCDVPKP51519;MERCEDES;E 500;entrainement
M10MCDVPKP52520;MERCEDES;E 500;entrainement
M10MCDVPKP53776;MERCEDES;E 500;entrainement
M10MCDVPKP5P773;MERCEDES;E 500;entrainement
M10MCDVPKP5R774;MERCEDES;E 500;entrainement
M10MCDVPKP5R775;MERCEDES;E 500;entrainement
M10MCDVPKP60226;MERCEDES;E 500;entrainement
M10MCDVPKP6V221;MERCEDES;E 500;entrainement
M10MCDVPKP6W222;MERCEDES;E 500;entrainement
M10MCDVPKP6X223;MERCEDES;E 500;entrainement
M10MCDVPKP6Y224;MERCEDES;E 500;entrainement
M10MCDVPKP6Z225;MERCEDES;E 500;entrainement
M10MCDVPKV70510;MERCEDES;E 500;entrainement
M10MCDVPKV7P499;MERCEDES;E 500;entrainement
M10MCDVPKV7R500;MERCEDES;E 500;entrainement
M10MCDVPKV7R501;MERCEDES;E 500;entrainement
M10MCDVPKV7S502;MERCEDES;E 500;entrainement
M10MCDVPKV7T503;MERCEDES;E 500;entrainement
M10MCDVPKV7U504;MERCEDES;E 500;entrainement
M10MCDVPKV7V505;MERCEDES;E 500;entrainement
M10MCDVPKV7W506;MERCEDES;E 500;entrainement
M10MCDVPKV7X507;MERCEDES;E 500;entrainement
M10MCDVPKV7Y508;MERCEDES;E 500;entrainement
M10MCDVPKV7Z509;MERCEDES;E 500;entrainement
M10MCDVPNT70545;MERCEDES;E 500;entrainement
M10MCDVPNT71546;MERCEDES;E 500;entrainement
M10MCDVPNT72547;MERCEDES;E 500;entrainement
M10MCDVPNT73548;MERCEDES;E 500;entrainement
M10MCDVPNT74549;MERCEDES;E 500;entrainement
M10MCDVPNT75550;MERCEDES;E 500;entrainement
M10MCDVPNT76551;MERCEDES;E 500;entrainement
M10MCDVPNT77552;MERCEDES;E 500;entrainement
M10MCDVPNT78553;MERCEDES;E 500;entrainement
M10MCDVPNT79554;MERCEDES;E 500;entrainement
M10MCDVPNT7A555;MERCEDES;E 500;entrainement
M10MCDVPNT7B556;MERCEDES;E 500;entrainement
M10MCDVPNT7P533;MERCEDES;E 500;entrainement
M10MCDVPNT7P534;MERCEDES;E 500;entrainement
M10MCDVPNT7R535;MERCEDES;E 500;entrainement
M10MCDVPNT7R536;MERCEDES;E 500;entrainement
M10MCDVPNT7S537;MERCEDES;E 500;entrainement
M10MCDVPNT7T538;MERCEDES;E 500;entrainement
M10MCDVPNT7U539;MERCEDES;E 500;entrainement
M10MCDVPNT7V540;MERCEDES;E 500;entrainement
M10MCDVPNT7W541;MERCEDES;E 500;entrainement
M10MCDVPNT7X542;MERCEDES;E 500;entrainement
M10MCDVPNT7Y543;MERCEDES;E 500;entrainement
M10MCDVPNT7Z544;MERCEDES;E 500;entrainement
M10MCDVPPS0D686;MERCEDES;E 500;entrainement
M10MCDVPPS0E687;MERCEDES;E 500;entrainement
M10MCDVPPS0F688;MERCEDES;E 500;entrainement
M10MCDVPPS0G689;MERCEDES;E 500;entrainement
M10MCDVPPS0P928;MERCEDES;E 500;entrainement
M10MCDVPPS0R929;MERCEDES;E 500;entrainement
M10MCDVPPS0R930;MERCEDES;E 500;entrainement
M10MCDVPPS0S931;MERCEDES;E 500;entrainement
M10MCDVPPS1A294;MERCEDES;E 500;entrainement
M10MCDVPPS1B295;MERCEDES;E 500;entrainement
M10MCDVPPS1C296;MERCEDES;E 500;entrainement
M10MCDVPPS1D297;MERCEDES;E 500;entrainement
M10MCDVPPS1E298;MERCEDES;E 500;entrainement
M10MCDVPPS1F299;MERCEDES;E 500;entrainement
M10MCDVPPS1G300;MERCEDES;E 500;entrainement
M10MCDVPPS1H301;MERCEDES;E 500;entrainement
M10MCDVPPS1J302;MERCEDES;E 500;entrainement
M10MCDVPPS1J303;MERCEDES;E 500;entrainement
M10MCDVPPS1K304;MERCEDES;E 500;entrainement
M10MCDVPPS1L305;MERCEDES;E 500;entrainement
M10MCDVPFY68582;MERCEDES;E 63 AMG;entrainement
M10MCDVPFY69583;MERCEDES;E 63 AMG;entrainement
M10MCDVPFZ25776;MERCEDES;E 63 AMG;entrainement
M10MCDVPFZ26777;MERCEDES;E 63 AMG;entrainement
M10MCDVPFZ27778;MERCEDES;E 63 AMG;entrainement
M10MCDVPFZ28779;MERCEDES;E 63 AMG;entrainement
M10MCDVPFZ29780;MERCEDES;E 63 AMG;entrainement
M10MCDVPFZ2A781;MERCEDES;E 63 AMG;entrainement
M10MCDVPFZ2B782;MERCEDES;E 63 AMG;entrainement
M10MCDVPFZ2C783;MERCEDES;E 63 AMG;entrainement
M10MCDVPFZ2D784;MERCEDES;E 63 AMG;entrainement
M10MCDVPFZ2E785;MERCEDES;E 63 AMG;entrainement
M10MCDVPFZ2S774;MERCEDES;E 63 AMG;entrainement
M10MCDVPFZ2T775;MERCEDES;E 63 AMG;entrainement
M10MCDVPNT70509;MERCEDES;E 63 AMG;entrainement
M10MCDVPNT71510;MERCEDES;E 63 AMG;entrainement
M10MCDVPNT72511;MERCEDES;E 63 AMG;entrainement
M10MCDVPNT73512;MERCEDES;E 63 AMG;entrainement
M10MCDVPNT74513;MERCEDES;E 63 AMG;entrainement
M10MCDVPNT75514;MERCEDES;E 63 AMG;entrainement
M10MCDVPNT76515;MERCEDES;E 63 AMG;entrainement
M10MCDVPNT77516;MERCEDES;E 63 AMG;entrainement
M10MCDVPNT78517;MERCEDES;E 63 AMG;entrainement
M10MCDVPNT79518;MERCEDES;E 63 AMG;entrainement
M10MCDVPNT7A519;MERCEDES;E 63 AMG;entrainement
M10MCDVPNT7B520;MERCEDES;E 63 AMG;entrainement
M10MCDVPNT7C521;MERCEDES;E 63 AMG;entrainement
M10MCDVPNT7D522;MERCEDES;E 63 AMG;entrainement
M10MCDVPNT7E523;MERCEDES;E 63 AMG;entrainement
M10MCDVPNT7F524;MERCEDES;E 63 AMG;entrainement
M10MCDVPNT7G525;MERCEDES;E 63 AMG;entrainement
M10MCDVPNT7H526;MERCEDES;E 63 AMG;entrainement
M10MCDVPNT7J527;MERCEDES;E 63 AMG;entrainement
M10MCDVPNT7J528;MERCEDES;E 63 AMG;entrainement
M10MCDVPNT7K529;MERCEDES;E 63 AMG;entrainement
M10MCDVPNT7L530;MERCEDES;E 63 AMG;entrainement
M10MCDVPNT7M531;MERCEDES;E 63 AMG;entrainement
M10MCDVPNT7N532;MERCEDES;E 63 AMG;entrainement
M10MCDVPPS17291;MERCEDES;E 63 AMG;entrainement
M10MCDVPPS18292;MERCEDES;E 63 AMG;entrainement
M10MCDVPPS19293;MERCEDES;E 63 AMG;entrainement
M10MCDVPPS1N282;MERCEDES;E 63 AMG;entrainement
M10MCDVPPS1P283;MERCEDES;E 63 AMG;entrainement
M10MCDVPPS1P284;MERCEDES;E 63 AMG;entrainement
M10MCDVPPS1R285;MERCEDES;E 63 AMG;entrainement
M10MCDVPPS1R286;MERCEDES;E 63 AMG;entrainement
M10MCDVPPS1S287;MERCEDES;E 63 AMG;entrainement
M10MCDVPPS1T288;MERCEDES;E 63 AMG;entrainement
M10MCDVPPS1U289;MERCEDES;E 63 AMG;entrainement
M10MCDVPPS1V290;MERCEDES;E 63 AMG;entrainement
M10MCDVPFY6A584;MERCEDES;E 63 AMG;entrainement
M10MCDVPFY6B585;MERCEDES;E 63 AMG;entrainement
M10MCDVPFZ2N794;MERCEDES;E 63 AMG;entrainement
M10MCDVPFZ2P795;MERCEDES;E 63 AMG;entrainement
M10MCDVPFZ2P796;MERCEDES;E 63 AMG;entrainement
M10MCDVPFZ2R797;MERCEDES;E 63 AMG;entrainement
M10MCDVPNT7C557;MERCEDES;E 63 AMG;entrainement
M10MCDVPNT7D558;MERCEDES;E 63 AMG;entrainement
M10MCDVPNT7E559;MERCEDES;E 63 AMG;entrainement
M10MCDVPNT7F560;MERCEDES;E 63 AMG;entrainement
M10MCDVPNT7G561;MERCEDES;E 63 AMG;entrainement
M10MCDVPNT7H562;MERCEDES;E 63 AMG;entrainement
M10MCDVPNT7J563;MERCEDES;E 63 AMG;entrainement
M10MCDVPNT7J564;MERCEDES;E 63 AMG;entrainement
M10MCDVPNT7K565;MERCEDES;E 63 AMG;entrainement
M10MCDVPNT7L566;MERCEDES;E 63 AMG;entrainement
M10MCDVPNT7M567;MERCEDES;E 63 AMG;entrainement
M10MCDVPNT7N568;MERCEDES;E 63 AMG;entrainement
M10MCDVPNT7P569;MERCEDES;E 63 AMG;entrainement
M10MCDVPNT7P570;MERCEDES;E 63 AMG;entrainement
M10MCDVPNT7R571;MERCEDES;E 63 AMG;entrainement
M10MCDVPNT7R572;MERCEDES;E 63 AMG;entrainement
M10MCDVPNT7S573;MERCEDES;E 63 AMG;entrainement
M10MCDVPNT7T574;MERCEDES;E 63 AMG;entrainement
M10MCDVPNT7U575;MERCEDES;E 63 AMG;entrainement
M10MCDVPNT7V576;MERCEDES;E 63 AMG;entrainement
M10MCDVPNT7W577;MERCEDES;E 63 AMG;entrainement
M10MCDVPNT7X578;MERCEDES;E 63 AMG;entrainement
M10MCDVPNT7Y579;MERCEDES;E 63 AMG;entrainement
M10MCDVPNT7Z580;MERCEDES;E 63 AMG;entrainement
M10MCDVPPS1M306;MERCEDES;E 63 AMG;entrainement
M10MCDVPPS1N307;MERCEDES;E 63 AMG;entrainement
M10MCDVPPS1P308;MERCEDES;E 63 AMG;entrainement
M10MCDVPPS1P309;MERCEDES;E 63 AMG;entrainement
M10MCDVPPS1R310;MERCEDES;E 63 AMG;entrainement
M10MCDVPPS1R311;MERCEDES;E 63 AMG;entrainement
M10MCDVPPS1S312;MERCEDES;E 63 AMG;entrainement
M10MCDVPPS1T313;MERCEDES;E 63 AMG;entrainement
M10MCDVPPS1U314;MERCEDES;E 63 AMG;entrainement
M10MCDVPPS1V315;MERCEDES;E 63 AMG;entrainement
M10MCDVPPS1W316;MERCEDES;E 63 AMG;entrainement
M10MCDVPPS1X317;MERCEDES;E 63 AMG;entrainement
M10MCDVPPS10417;MERCEDES;E 200;entrainement
M10MCDVPPS11418;MERCEDES;E 200;entrainement
M10MCDVPPS12419;MERCEDES;E 200;entrainement
M10MCDVPPS13420;MERCEDES;E 200;entrainement
M10MCDVPPS14421;MERCEDES;E 200;entrainement
M10MCDVPPS15422;MERCEDES;E 200;entrainement
M10MCDVPPS16423;MERCEDES;E 200;entrainement
M10MCDVPPS17424;MERCEDES;E 200;entrainement
M10MCDVPPS18425;MERCEDES;E 200;entrainement
M10MCDVPPS19426;MERCEDES;E 200;entrainement
M10MCDVPPS1A427;MERCEDES;E 200;entrainement
M10MCDVPPS1B428;MERCEDES;E 200;entrainement
M10MCDVPPS1C429;MERCEDES;E 200;entrainement
M10MCDVPPS1T410;MERCEDES;E 200;entrainement
M10MCDVPPS1U411;MERCEDES;E 200;entrainement
M10MCDVPPS1V412;MERCEDES;E 200;entrainement
M10MCDVPPS1W413;MERCEDES;E 200;entrainement
M10MCDVPPS1X414;MERCEDES;E 200;entrainement
M10MCDVPPS1Y415;MERCEDES;E 200;entrainement
M10MCDVPPS1Z416;MERCEDES;E 200;entrainement
M10MCDVPKP6S157;MERCEDES;E 300;calibration
M10MCDVPKP6T158;MERCEDES;E 300;calibration
M10MCDVPKP6U159;MERCEDES;E 300;calibration
M10MCDVPKP6V160;MERCEDES;E 300;calibration
M10MCDVPKP6W161;MERCEDES;E 300;calibration
M10MCDVPKP6X162;MERCEDES;E 300;calibration
M10MCDVPKP6Y163;MERCEDES;E 300;calibration
M10MCDVPKP6Z164;MERCEDES;E 300;calibration
M10MCDVPKV7B097;MERCEDES;E 300;calibration
M10MCDVPKV7C098;MERCEDES;E 300;calibration
M10MCDVPKV7D099;MERCEDES;E 300;calibration
M10MCDVPKV7E075;MERCEDES;E 300;calibration
M10MCDVPKV7E100;MERCEDES;E 300;calibration
M10MCDVPKV7F076;MERCEDES;E 300;calibration
M10MCDVPKV7F101;MERCEDES;E 300;calibration
M10MCDVPKV7G077;MERCEDES;E 300;calibration
M10MCDVPKV7G102;MERCEDES;E 300;calibration
M10MCDVPKV7H078;MERCEDES;E 300;calibration
M10MCDVPKV7H103;MERCEDES;E 300;calibration
M10MCDVPKV7J079;MERCEDES;E 300;calibration
M10MCDVPKV7J080;MERCEDES;E 300;calibration
M10MCDVPKV7J104;MERCEDES;E 300;calibration
M10MCDVPKV7J105;MERCEDES;E 300;calibration
M10MCDVPKV7K081;MERCEDES;E 300;calibration
M10MCDVPKV7K106;MERCEDES;E 300;calibration
M10MCDVPKV7L082;MERCEDES;E 300;calibration
M10MCDVPKV7M083;MERCEDES;E 300;calibration
M10MCDVPKV7N084;MERCEDES;E 300;calibration
M10MCDVPKV7P085;MERCEDES;E 300;calibration
M10MCDVPKV7P086;MERCEDES;E 300;calibration
M10MCDVPKV7R087;MERCEDES;E 300;calibration
M10MCDVPKV7R088;MERCEDES;E 300;calibration
M10MCDVPKV7S089;MERCEDES;E 300;calibration
M10MCDVPKV7T090;MERCEDES;E 300;calibration
M10MCDVPKV7U091;MERCEDES;E 300;calibration
M10MCDVPKV7V092;MERCEDES;E 300;calibration
M10MCDVPKV7W093;MERCEDES;E 300;calibration
M10MCDVPKV7X094;MERCEDES;E 300;calibration
M10MCDVPKV7Y095;MERCEDES;E 300;calibration
M10MCDVPKV7Z096;MERCEDES;E 300;calibration
M10MCDVPNT60995;MERCEDES;E 300;calibration
M10MCDVPNT61996;MERCEDES;E 300;calibration
M10MCDVPNT62997;MERCEDES;E 300;calibration
M10MCDVPNT63998;MERCEDES;E 300;calibration
M10MCDVPNT64999;MERCEDES;E 300;calibration
M10MCDVPNT6B970;MERCEDES;E 300;calibration
M10MCDVPNT6C971;MERCEDES;E 300;calibration
M10MCDVPNT6D972;MERCEDES;E 300;calibration
M10MCDVPNT6E973;MERCEDES;E 300;calibration
M10MCDVPNT6F974;MERCEDES;E 300;calibration
M10MCDVPNT6G975;MERCEDES;E 300;calibration
M10MCDVPNT6H976;MERCEDES;E 300;calibration
M10MCDVPNT6J977;MERCEDES;E 300;calibration
M10MCDVPNT6J978;MERCEDES;E 300;calibration
M10MCDVPNT6K979;MERCEDES;E 300;calibration
M10MCDVPNT6L980;MERCEDES;E 300;calibration
M10MCDVPNT6M981;MERCEDES;E 300;calibration
M10MCDVPNT6N982;MERCEDES;E 300;calibration
M10MCDVPNT6P983;MERCEDES;E 300;calibration
M10MCDVPNT6P984;MERCEDES;E 300;calibration
M10MCDVPNT6R985;MERCEDES;E 300;calibration
M10MCDVPNT6R986;MERCEDES;E 300;calibration
M10MCDVPNT6S987;MERCEDES;E 300;calibration
M10MCDVPNT6T988;MERCEDES;E 300;calibration
M10MCDVPNT6U989;MERCEDES;E 300;calibration
M10MCDVPNT6V990;MERCEDES;E 300;calibration
M10MCDVPNT6W991;MERCEDES;E 300;calibration
M10MCDVPNT6X992;MERCEDES;E 300;calibration
M10MCDVPNT6Y993;MERCEDES;E 300;calibration
M10MCDVPNT6Z969;MERCEDES;E 300;calibration
M10MCDVPNT6Z994;MERCEDES;E 300;calibration
M10MCDVPNT7C000;MERCEDES;E 300;calibration
M10MCDVPPU08485;MERCEDES;E 300;calibration
M10MCDVPPU0J470;MERCEDES;E 300;calibration
M10MCDVPPU0J471;MERCEDES;E 300;calibration
M10MCDVPPU0K472;MERCEDES;E 300;calibration
M10MCDVPPU0L473;MERCEDES;E 300;calibration
M10MCDVPPU0M474;MERCEDES;E 300;calibration
M10MCDVPPU0N475;MERCEDES;E 300;calibration
M10MCDVPPU0P476;MERCEDES;E 300;calibration
M10MCDVPPU0P477;MERCEDES;E 300;calibration
M10MCDVPPU0R478;MERCEDES;E 300;calibration
M10MCDVPPU0R479;MERCEDES;E 300;calibration
M10MCDVPPU0S480;MERCEDES;E 300;calibration
M10MCDVPPU0T481;MERCEDES;E 300;calibration
M10MCDVPPU0U482;MERCEDES;E 300;calibration
M10MCDVPPU0V483;MERCEDES;E 300;calibration
M10MCDVPPU0W484;MERCEDES;E 300;calibration
M10MCDVPPS10417;MERCEDES;E 200;entrainement
M10MCDVPPS11418;MERCEDES;E 200;entrainement
M10MCDVPPS12419;MERCEDES;E 200;entrainement
M10MCDVPPS13420;MERCEDES;E 200;entrainement
M10MCDVPPS14421;MERCEDES;E 200;entrainement
M10MCDVPPS15422;MERCEDES;E 200;entrainement
M10MCDVPPS16423;MERCEDES;E 200;entrainement
M10MCDVPPS17424;MERCEDES;E 200;entrainement
M10MCDVPPS18425;MERCEDES;E 200;entrainement
M10MCDVPPS19426;MERCEDES;E 200;entrainement
M10MCDVPPS1A427;MERCEDES;E 200;entrainement
M10MCDVPPS1B428;MERCEDES;E 200;entrainement
M10MCDVPPS1C429;MERCEDES;E 200;entrainement
M10MCDVPPS1T410;MERCEDES;E 200;entrainement
M10MCDVPPS1U411;MERCEDES;E 200;entrainement
M10MCDVPPS1V412;MERCEDES;E 200;entrainement
M10MCDVPPS1W413;MERCEDES;E 200;entrainement
M10MCDVPPS1X414;MERCEDES;E 200;entrainement
M10MCDVPPS1Y415;MERCEDES;E 200;entrainement
M10MCDVPPS1Z416;MERCEDES;E 200;entrainement
M10MCDVPGU40324;MERCEDES;E 200;entrainement
M10MCDVPGU40360;MERCEDES;E 200;entrainement
M10MCDVPGU41325;MERCEDES;E 200;entrainement
M10MCDVPGU41361;MERCEDES;E 200;entrainement
M10MCDVPGU42326;MERCEDES;E 200;entrainement
M10MCDVPGU42362;MERCEDES;E 200;entrainement
M10MCDVPGU43327;MERCEDES;E 200;entrainement
M10MCDVPGU43363;MERCEDES;E 200;entrainement
M10MCDVPGU43388;MERCEDES;E 200;entrainement
M10MCDVPGU44328;MERCEDES;E 200;entrainement
M10MCDVPGU44364;MERCEDES;E 200;entrainement
M10MCDVPGU44389;MERCEDES;E 200;entrainement
M10MCDVPGU45293;MERCEDES;E 200;entrainement
M10MCDVPGU45329;MERCEDES;E 200;entrainement
M10MCDVPGU45365;MERCEDES;E 200;entrainement
M10MCDVPGU45390;MERCEDES;E 200;entrainement
M10MCDVPGU46294;MERCEDES;E 200;entrainement
M10MCDVPGU46330;MERCEDES;E 200;entrainement
M10MCDVPGU46366;MERCEDES;E 200;entrainement
M10MCDVPGU46391;MERCEDES;E 200;entrainement
M10MCDVPGU47295;MERCEDES;E 200;entrainement
M10MCDVPGU47331;MERCEDES;E 200;entrainement
M10MCDVPGU47367;MERCEDES;E 200;entrainement
M10MCDVPGU47392;MERCEDES;E 200;entrainement
M10MCDVPGU48296;MERCEDES;E 200;entrainement
M10MCDVPGU48332;MERCEDES;E 200;entrainement
M10MCDVPGU48368;MERCEDES;E 200;entrainement
M10MCDVPGU48393;MERCEDES;E 200;entrainement
M10MCDVPGU49297;MERCEDES;E 200;entrainement
M10MCDVPGU49333;MERCEDES;E 200;entrainement
M10MCDVPGU49369;MERCEDES;E 200;entrainement
M10MCDVPGU49394;MERCEDES;E 200;entrainement
M10MCDVPGU4A298;MERCEDES;E 200;entrainement
M10MCDVPGU4A334;MERCEDES;E 200;entrainement
M10MCDVPGU4A370;MERCEDES;E 200;entrainement
M10MCDVPGU4A395;MERCEDES;E 200;entrainement
M10MCDVPGU4B299;MERCEDES;E 200;entrainement
M10MCDVPGU4B335;MERCEDES;E 200;entrainement
M10MCDVPGU4B371;MERCEDES;E 200;entrainement
M10MCDVPGU4B396;MERCEDES;E 200;entrainement
M10MCDVPGU4C300;MERCEDES;E 200;entrainement
M10MCDVPGU4C336;MERCEDES;E 200;entrainement
M10MCDVPGU4C372;MERCEDES;E 200;entrainement
M10MCDVPGU4C397;MERCEDES;E 200;entrainement
M10MCDVPGU4D301;MERCEDES;E 200;entrainement
M10MCDVPGU4D337;MERCEDES;E 200;entrainement
M10MCDVPGU4D373;MERCEDES;E 200;entrainement
M10MCDVPGU4D398;MERCEDES;E 200;entrainement
M10MCDVPGU4E302;MERCEDES;E 200;entrainement
M10MCDVPGU4E338;MERCEDES;E 200;entrainement
M10MCDVPGU4E374;MERCEDES;E 200;entrainement
M10MCDVPGU4E399;MERCEDES;E 200;entrainement
M10MCDVPGU4F303;MERCEDES;E 200;entrainement
M10MCDVPGU4F339;MERCEDES;E 200;entrainement
M10MCDVPGU4F375;MERCEDES;E 200;entrainement
M10MCDVPGU4F400;MERCEDES;E 200;entrainement
M10MCDVPGU4G304;MERCEDES;E 200;entrainement
M10MCDVPGU4G340;MERCEDES;E 200;entrainement
M10MCDVPGU4G376;MERCEDES;E 200;entrainement
M10MCDVPGU4G401;MERCEDES;E 200;entrainement
M10MCDVPGU4H305;MERCEDES;E 200;entrainement
M10MCDVPGU4H341;MERCEDES;E 200;entrainement
M10MCDVPGU4H377;MERCEDES;E 200;entrainement
M10MCDVPGU4H402;MERCEDES;E 200;entrainement
M10MCDVPGU4J306;MERCEDES;E 200;entrainement
M10MCDVPGU4J307;MERCEDES;E 200;entrainement
M10MCDVPGU4J342;MERCEDES;E 200;entrainement
M10MCDVPGU4J343;MERCEDES;E 200;entrainement
M10MCDVPGU4J378;MERCEDES;E 200;entrainement
M10MCDVPGU4J379;MERCEDES;E 200;entrainement
M10MCDVPGU4J403;MERCEDES;E 200;entrainement
M10MCDVPGU4J404;MERCEDES;E 200;entrainement
M10MCDVPGU4K308;MERCEDES;E 200;entrainement
M10MCDVPGU4K344;MERCEDES;E 200;entrainement
M10MCDVPGU4K380;MERCEDES;E 200;entrainement
M10MCDVPGU4L309;MERCEDES;E 200;entrainement
M10MCDVPGU4L345;MERCEDES;E 200;entrainement
M10MCDVPGU4L381;MERCEDES;E 200;entrainement
M10MCDVPGU4M310;MERCEDES;E 200;entrainement
M10MCDVPGU4M346;MERCEDES;E 200;entrainement
M10MCDVPGU4M382;MERCEDES;E 200;entrainement
M10MCDVPGU4N311;MERCEDES;E 200;entrainement
M10MCDVPGU4N347;MERCEDES;E 200;entrainement
M10MCDVPGU4N383;MERCEDES;E 200;entrainement
M10MCDVPGU4P312;MERCEDES;E 200;entrainement
M10MCDVPGU4P313;MERCEDES;E 200;entrainement
M10MCDVPGU4P348;MERCEDES;E 200;entrainement
M10MCDVPGU4P349;MERCEDES;E 200;entrainement
M10MCDVPGU4P384;MERCEDES;E 200;entrainement
M10MCDVPGU4P385;MERCEDES;E 200;entrainement
M10MCDVPGU4R314;MERCEDES;E 200;entrainement
M10MCDVPGU4R315;MERCEDES;E 200;entrainement
M10MCDVPGU4R350;MERCEDES;E 200;entrainement
M10MCDVPGU4R351;MERCEDES;E 200;entrainement
M10MCDVPGU4R386;MERCEDES;E 200;entrainement
M10MCDVPGU4R387;MERCEDES;E 200;entrainement
M10MCDVPGU4S316;MERCEDES;E 200;entrainement
M10MCDVPGU4S352;MERCEDES;E 200;entrainement
M10MCDVPGU4T317;MERCEDES;E 200;entrainement
M10MCDVPGU4T353;MERCEDES;E 200;entrainement
M10MCDVPGU4U318;MERCEDES;E 200;entrainement
M10MCDVPGU4U354;MERCEDES;E 200;entrainement
M10MCDVPGU4V319;MERCEDES;E 200;entrainement
M10MCDVPGU4V355;MERCEDES;E 200;entrainement
M10MCDVPGU4W320;MERCEDES;E 200;entrainement
M10MCDVPGU4W356;MERCEDES;E 200;entrainement
M10MCDVPGU4X321;MERCEDES;E 200;entrainement
M10MCDVPGU4X357;MERCEDES;E 200;entrainement
M10MCDVPGU4Y322;MERCEDES;E 200;entrainement
M10MCDVPGU4Y358;MERCEDES;E 200;entrainement
M10MCDVPGU4Z323;MERCEDES;E 200;entrainement
M10MCDVPGU4Z359;MERCEDES;E 200;entrainement
M10MCDVPGW70549;MERCEDES;E 200;entrainement
M10MCDVPGW70610;MERCEDES;E 200;entrainement
M10MCDVPGW70646;MERCEDES;E 200;entrainement
M10MCDVPGW71550;MERCEDES;E 200;entrainement
M10MCDVPGW71708;MERCEDES;E 200;entrainement
M10MCDVPGW72612;MERCEDES;E 200;entrainement
M10MCDVPGW72648;MERCEDES;E 200;entrainement
M10MCDVPGW72709;MERCEDES;E 200;entrainement
M10MCDVPGW73552;MERCEDES;E 200;entrainement
M10MCDVPGW73613;MERCEDES;E 200;entrainement
M10MCDVPGW73649;MERCEDES;E 200;entrainement
M10MCDVPGW73710;MERCEDES;E 200;entrainement
M10MCDVPGW74553;MERCEDES;E 200;entrainement
M10MCDVPGW74614;MERCEDES;E 200;entrainement
M10MCDVPGW74650;MERCEDES;E 200;entrainement
M10MCDVPGW74711;MERCEDES;E 200;entrainement
M10MCDVPGW75554;MERCEDES;E 200;entrainement
M10MCDVPGW75615;MERCEDES;E 200;entrainement
M10MCDVPGW75651;MERCEDES;E 200;entrainement
M10MCDVPGW75712;MERCEDES;E 200;entrainement
M10MCDVPGW76555;MERCEDES;E 200;entrainement
M10MCDVPGW76616;MERCEDES;E 200;entrainement
M10MCDVPGW76652;MERCEDES;E 200;entrainement
M10MCDVPGW77556;MERCEDES;E 200;entrainement
M10MCDVPGW78582;MERCEDES;E 200;entrainement
M10MCDVPGW78618;MERCEDES;E 200;entrainement
M10MCDVPGW78654;MERCEDES;E 200;entrainement
M10MCDVPGW78679;MERCEDES;E 200;entrainement
M10MCDVPGW79522;MERCEDES;E 200;entrainement
M10MCDVPGW79558;MERCEDES;E 200;entrainement
M10MCDVPGW79583;MERCEDES;E 200;entrainement
M10MCDVPGW79619;MERCEDES;E 200;entrainement
M10MCDVPGW79655;MERCEDES;E 200;entrainement
M10MCDVPGW79680;MERCEDES;E 200;entrainement
M10MCDVPGW7A523;MERCEDES;E 200;entrainement
M10MCDVPGW7A559;MERCEDES;E 200;entrainement
M10MCDVPGW7A584;MERCEDES;E 200;entrainement
M10MCDVPGW7A620;MERCEDES;E 200;entrainement
M10MCDVPGW7A656;MERCEDES;E 200;entrainement
M10MCDVPGW7A681;MERCEDES;E 200;entrainement
M10MCDVPGW7B524;MERCEDES;E 200;entrainement
M10MCDVPGW7B560;MERCEDES;E 200;entrainement
M10MCDVPGW7B585;MERCEDES;E 200;entrainement
M10MCDVPGW7B621;MERCEDES;E 200;entrainement
M10MCDVPGW7B657;MERCEDES;E 200;entrainement
M10MCDVPGW7B682;MERCEDES;E 200;entrainement
M10MCDVPGW7C525;MERCEDES;E 200;entrainement
M10MCDVPGW7C561;MERCEDES;E 200;entrainement
M10MCDVPGW7C586;MERCEDES;E 200;entrainement
M10MCDVPGW7C622;MERCEDES;E 200;entrainement
M10MCDVPGW7C658;MERCEDES;E 200;entrainement
M10MCDVPGW7D526;MERCEDES;E 200;entrainement
M10MCDVPGW7D562;MERCEDES;E 200;entrainement
M10MCDVPGW7D684;MERCEDES;E 200;entrainement
M10MCDVPGW7E588;MERCEDES;E 200;entrainement
M10MCDVPGW7E624;MERCEDES;E 200;entrainement
M10MCDVPGW7E660;MERCEDES;E 200;entrainement
M10MCDVPGW7E685;MERCEDES;E 200;entrainement
M10MCDVPGW7F528;MERCEDES;E 200;entrainement
M10MCDVPGW7F564;MERCEDES;E 200;entrainement
M10MCDVPGW7F589;MERCEDES;E 200;entrainement
M10MCDVPGW7F625;MERCEDES;E 200;entrainement
M10MCDVPGW7F661;MERCEDES;E 200;entrainement
M10MCDVPGW7F686;MERCEDES;E 200;entrainement
M10MCDVPGW7G529;MERCEDES;E 200;entrainement
M10MCDVPGW7G565;MERCEDES;E 200;entrainement
M10MCDVPGW7G590;MERCEDES;E 200;entrainement
M10MCDVPGW7G626;MERCEDES;E 200;entrainement
M10MCDVPGW7G662;MERCEDES;E 200;entrainement
M10MCDVPGW7G687;MERCEDES;E 200;entrainement
M10MCDVPGW7H530;MERCEDES;E 200;entrainement
M10MCDVPGW7H566;MERCEDES;E 200;entrainement
M10MCDVPGW7H591;MERCEDES;E 200;entrainement
M10MCDVPGW7H627;MERCEDES;E 200;entrainement
M10MCDVPGW7H663;MERCEDES;E 200;entrainement
M10MCDVPGW7H688;MERCEDES;E 200;entrainement
M10MCDVPGW7J531;MERCEDES;E 200;entrainement
M10MCDVPGW7J532;MERCEDES;E 200;entrainement
M10MCDVPGW7J567;MERCEDES;E 200;entrainement
M10MCDVPGW7J568;MERCEDES;E 200;entrainement
M10MCDVPGW7J592;MERCEDES;E 200;entrainement
M10MCDVPGW7J628;MERCEDES;E 200;entrainement
M10MCDVPGW7J664;MERCEDES;E 200;entrainement
M10MCDVPGW7J690;MERCEDES;E 200;entrainement
M10MCDVPGW7K594;MERCEDES;E 200;entrainement
M10MCDVPGW7K630;MERCEDES;E 200;entrainement
M10MCDVPGW7K666;MERCEDES;E 200;entrainement
M10MCDVPGW7K691;MERCEDES;E 200;entrainement
M10MCDVPGW7L534;MERCEDES;E 200;entrainement
M10MCDVPGW7L570;MERCEDES;E 200;entrainement
M10MCDVPGW7L595;MERCEDES;E 200;entrainement
M10MCDVPGW7L631;MERCEDES;E 200;entrainement
M10MCDVPGW7L667;MERCEDES;E 200;entrainement
M10MCDVPGW7L692;MERCEDES;E 200;entrainement
M10MCDVPGW7M535;MERCEDES;E 200;entrainement
M10MCDVPGW7M571;MERCEDES;E 200;entrainement
M10MCDVPGW7M596;MERCEDES;E 200;entrainement
M10MCDVPGW7M632;MERCEDES;E 200;entrainement
M10MCDVPGW7M668;MERCEDES;E 200;entrainement
M10MCDVPGW7M693;MERCEDES;E 200;entrainement
M10MCDVPGW7N536;MERCEDES;E 200;entrainement
M10MCDVPGW7N572;MERCEDES;E 200;entrainement
M10MCDVPGW7N597;MERCEDES;E 200;entrainement
M10MCDVPGW7N633;MERCEDES;E 200;entrainement
M10MCDVPGW7N669;MERCEDES;E 200;entrainement
M10MCDVPGW7N694;MERCEDES;E 200;entrainement
M10MCDVPGW7P537;MERCEDES;E 200;entrainement
M10MCDVPGW7P538;MERCEDES;E 200;entrainement
M10MCDVPGW7P573;MERCEDES;E 200;entrainement
M10MCDVPGW7P574;MERCEDES;E 200;entrainement
M10MCDVPGW7P598;MERCEDES;E 200;entrainement
M10MCDVPGW7P634;MERCEDES;E 200;entrainement
M10MCDVPGW7P670;MERCEDES;E 200;entrainement
M10MCDVPGW7P696;MERCEDES;E 200;entrainement
M10MCDVPGW7R540;MERCEDES;E 200;entrainement
M10MCDVPGW7R576;MERCEDES;E 200;entrainement
M10MCDVPGW7R600;MERCEDES;E 200;entrainement
M10MCDVPGW7R601;MERCEDES;E 200;entrainement
M10MCDVPGW7R636;MERCEDES;E 200;entrainement
M10MCDVPGW7R637;MERCEDES;E 200;entrainement
M10MCDVPGW7R672;MERCEDES;E 200;entrainement
M10MCDVPGW7R673;MERCEDES;E 200;entrainement
M10MCDVPGW7R697;MERCEDES;E 200;entrainement
M10MCDVPGW7R698;MERCEDES;E 200;entrainement
M10MCDVPGW7S541;MERCEDES;E 200;entrainement
M10MCDVPGW7S577;MERCEDES;E 200;entrainement
M10MCDVPGW7S602;MERCEDES;E 200;entrainement
M10MCDVPGW7S638;MERCEDES;E 200;entrainement
M10MCDVPGW7S674;MERCEDES;E 200;entrainement
M10MCDVPGW7S699;MERCEDES;E 200;entrainement
M10MCDVPGW7T542;MERCEDES;E 200;entrainement
M10MCDVPGW7T578;MERCEDES;E 200;entrainement
M10MCDVPGW7T603;MERCEDES;E 200;entrainement
M10MCDVPGW7T639;MERCEDES;E 200;entrainement
M10MCDVPGW7T675;MERCEDES;E 200;entrainement
M10MCDVPGW7T700;MERCEDES;E 200;entrainement
M10MCDVPGW7U543;MERCEDES;E 200;entrainement
M10MCDVPGW7U579;MERCEDES;E 200;entrainement
M10MCDVPGW7U604;MERCEDES;E 200;entrainement
M10MCDVPGW7U640;MERCEDES;E 200;entrainement
M10MCDVPGW7U676;MERCEDES;E 200;entrainement
M10MCDVPGW7V544;MERCEDES;E 200;entrainement
M10MCDVPGW7V580;MERCEDES;E 200;entrainement
M10MCDVPGW7V702;MERCEDES;E 200;entrainement
M10MCDVPGW7W606;MERCEDES;E 200;entrainement
M10MCDVPGW7W642;MERCEDES;E 200;entrainement
M10MCDVPGW7W678;MERCEDES;E 200;entrainement
M10MCDVPGW7W703;MERCEDES;E 200;entrainement
M10MCDVPGW7X546;MERCEDES;E 200;entrainement
M10MCDVPGW7X607;MERCEDES;E 200;entrainement
M10MCDVPGW7X643;MERCEDES;E 200;entrainement
M10MCDVPGW7X704;MERCEDES;E 200;entrainement
M10MCDVPGW7Y547;MERCEDES;E 200;entrainement
M10MCDVPGW7Y608;MERCEDES;E 200;entrainement
M10MCDVPGW7Y644;MERCEDES;E 200;entrainement
M10MCDVPGW7Y705;MERCEDES;E 200;entrainement
M10MCDVPGW7Z548;MERCEDES;E 200;entrainement
M10MCDVPGW7Z609;MERCEDES;E 200;entrainement
M10MCDVPGW7Z645;MERCEDES;E 200;entrainement
M10MCDVPGW7Z706;MERCEDES;E 200;entrainement
M10MCDVPKP64194;MERCEDES;E 200;entrainement
M10MCDVPKP65195;MERCEDES;E 200;entrainement
M10MCDVPKP66196;MERCEDES;E 200;entrainement
M10MCDVPKP6G181;MERCEDES;E 200;entrainement
M10MCDVPKP6H182;MERCEDES;E 200;entrainement
M10MCDVPKP6J183;MERCEDES;E 200;entrainement
M10MCDVPKP6J184;MERCEDES;E 200;entrainement
M10MCDVPKP6K185;MERCEDES;E 200;entrainement
M10MCDVPKP6L186;MERCEDES;E 200;entrainement
M10MCDVPKP6M187;MERCEDES;E 200;entrainement
M10MCDVPKP6N188;MERCEDES;E 200;entrainement
M10MCDVPKP6P189;MERCEDES;E 200;entrainement
M10MCDVPKP6P190;MERCEDES;E 200;entrainement
M10MCDVPKP6R191;MERCEDES;E 200;entrainement
M10MCDVPKP6R192;MERCEDES;E 200;entrainement
M10MCDVPKP6S193;MERCEDES;E 200;entrainement
M10MCDVPKV70158;MERCEDES;E 200;entrainement
M10MCDVPKV70219;MERCEDES;E 200;entrainement
M10MCDVPKV70255;MERCEDES;E 200;entrainement
M10MCDVPKV71159;MERCEDES;E 200;entrainement
M10MCDVPKV71220;MERCEDES;E 200;entrainement
M10MCDVPKV71256;MERCEDES;E 200;entrainement
M10MCDVPKV72160;MERCEDES;E 200;entrainement
M10MCDVPKV72221;MERCEDES;E 200;entrainement
M10MCDVPKV72257;MERCEDES;E 200;entrainement
M10MCDVPKV73161;MERCEDES;E 200;entrainement
M10MCDVPKV73222;MERCEDES;E 200;entrainement
M10MCDVPKV73258;MERCEDES;E 200;entrainement
M10MCDVPKV74162;MERCEDES;E 200;entrainement
M10MCDVPKV74223;MERCEDES;E 200;entrainement
M10MCDVPKV74259;MERCEDES;E 200;entrainement
M10MCDVPKV75163;MERCEDES;E 200;entrainement
M10MCDVPKV75224;MERCEDES;E 200;entrainement
M10MCDVPKV75260;MERCEDES;E 200;entrainement
M10MCDVPKV76164;MERCEDES;E 200;entrainement
M10MCDVPKV76225;MERCEDES;E 200;entrainement
M10MCDVPKV76261;MERCEDES;E 200;entrainement
M10MCDVPKV77165;MERCEDES;E 200;entrainement
M10MCDVPKV77226;MERCEDES;E 200;entrainement
M10MCDVPKV77262;MERCEDES;E 200;entrainement
M10MCDVPKV78166;MERCEDES;E 200;entrainement
M10MCDVPKV78227;MERCEDES;E 200;entrainement
M10MCDVPKV78263;MERCEDES;E 200;entrainement
M10MCDVPKV79167;MERCEDES;E 200;entrainement
M10MCDVPKV79228;MERCEDES;E 200;entrainement
M10MCDVPKV79264;MERCEDES;E 200;entrainement
M10MCDVPKV7A168;MERCEDES;E 200;entrainement
M10MCDVPKV7A229;MERCEDES;E 200;entrainement
M10MCDVPKV7A265;MERCEDES;E 200;entrainement
M10MCDVPKV7B169;MERCEDES;E 200;entrainement
M10MCDVPKV7B194;MERCEDES;E 200;entrainement
M10MCDVPKV7B230;MERCEDES;E 200;entrainement
M10MCDVPKV7B266;MERCEDES;E 200;entrainement
M10MCDVPKV7C170;MERCEDES;E 200;entrainement
M10MCDVPKV7C195;MERCEDES;E 200;entrainement
M10MCDVPKV7C231;MERCEDES;E 200;entrainement
M10MCDVPKV7D171;MERCEDES;E 200;entrainement
M10MCDVPKV7D196;MERCEDES;E 200;entrainement
M10MCDVPKV7D232;MERCEDES;E 200;entrainement
M10MCDVPKV7E172;MERCEDES;E 200;entrainement
M10MCDVPKV7E197;MERCEDES;E 200;entrainement
M10MCDVPKV7E233;MERCEDES;E 200;entrainement
M10MCDVPKV7F173;MERCEDES;E 200;entrainement
M10MCDVPKV7F198;MERCEDES;E 200;entrainement
M10MCDVPKV7F234;MERCEDES;E 200;entrainement
M10MCDVPKV7G174;MERCEDES;E 200;entrainement
M10MCDVPKV7G199;MERCEDES;E 200;entrainement
M10MCDVPKV7G235;MERCEDES;E 200;entrainement
M10MCDVPKV7H175;MERCEDES;E 200;entrainement
M10MCDVPKV7H200;MERCEDES;E 200;entrainement
M10MCDVPKV7H236;MERCEDES;E 200;entrainement
M10MCDVPKV7J176;MERCEDES;E 200;entrainement
M10MCDVPKV7J177;MERCEDES;E 200;entrainement
M10MCDVPKV7J201;MERCEDES;E 200;entrainement
M10MCDVPKV7J202;MERCEDES;E 200;entrainement
M10MCDVPKV7J237;MERCEDES;E 200;entrainement
M10MCDVPKV7J238;MERCEDES;E 200;entrainement
M10MCDVPKV7K178;MERCEDES;E 200;entrainement
M10MCDVPKV7K203;MERCEDES;E 200;entrainement
M10MCDVPKV7K239;MERCEDES;E 200;entrainement
M10MCDVPKV7L179;MERCEDES;E 200;entrainement
M10MCDVPKV7L204;MERCEDES;E 200;entrainement
M10MCDVPKV7L240;MERCEDES;E 200;entrainement
M10MCDVPKV7M180;MERCEDES;E 200;entrainement
M10MCDVPKV7M205;MERCEDES;E 200;entrainement
M10MCDVPKV7M241;MERCEDES;E 200;entrainement
M10MCDVPKV7N181;MERCEDES;E 200;entrainement
M10MCDVPKV7N206;MERCEDES;E 200;entrainement
M10MCDVPKV7N242;MERCEDES;E 200;entrainement
M10MCDVPKV7P182;MERCEDES;E 200;entrainement
M10MCDVPKV7P183;MERCEDES;E 200;entrainement
M10MCDVPKV7P207;MERCEDES;E 200;entrainement
M10MCDVPKV7P208;MERCEDES;E 200;entrainement
M10MCDVPKV7P243;MERCEDES;E 200;entrainement
M10MCDVPKV7P244;MERCEDES;E 200;entrainement
M10MCDVPKV7R184;MERCEDES;E 200;entrainement
M10MCDVPKV7R185;MERCEDES;E 200;entrainement
M10MCDVPKV7R209;MERCEDES;E 200;entrainement
M10MCDVPKV7R210;MERCEDES;E 200;entrainement
M10MCDVPKV7R245;MERCEDES;E 200;entrainement
M10MCDVPKV7R246;MERCEDES;E 200;entrainement
M10MCDVPKV7S186;MERCEDES;E 200;entrainement
M10MCDVPKV7S211;MERCEDES;E 200;entrainement
M10MCDVPKV7S247;MERCEDES;E 200;entrainement
M10MCDVPKV7T187;MERCEDES;E 200;entrainement
M10MCDVPKV7T212;MERCEDES;E 200;entrainement
M10MCDVPKV7T248;MERCEDES;E 200;entrainement
M10MCDVPKV7U188;MERCEDES;E 200;entrainement
M10MCDVPKV7U213;MERCEDES;E 200;entrainement
M10MCDVPKV7U249;MERCEDES;E 200;entrainement
M10MCDVPKV7V189;MERCEDES;E 200;entrainement
M10MCDVPKV7V214;MERCEDES;E 200;entrainement
M10MCDVPKV7V250;MERCEDES;E 200;entrainement
M10MCDVPKV7W190;MERCEDES;E 200;entrainement
M10MCDVPKV7W215;MERCEDES;E 200;entrainement
M10MCDVPKV7W251;MERCEDES;E 200;entrainement
M10MCDVPKV7X155;MERCEDES;E 200;entrainement
M10MCDVPKV7X191;MERCEDES;E 200;entrainement
M10MCDVPKV7X216;MERCEDES;E 200;entrainement
M10MCDVPKV7X252;MERCEDES;E 200;entrainement
M10MCDVPKV7Y156;MERCEDES;E 200;entrainement
M10MCDVPKV7Y192;MERCEDES;E 200;entrainement
M10MCDVPKV7Y217;MERCEDES;E 200;entrainement
M10MCDVPKV7Y253;MERCEDES;E 200;entrainement
M10MCDVPKV7Z157;MERCEDES;E 200;entrainement
M10MCDVPKV7Z193;MERCEDES;E 200;entrainement
M10MCDVPKV7Z218;MERCEDES;E 200;entrainement
M10MCDVPKV7Z254;MERCEDES;E 200;entrainement
M10MCDVPNT70096;MERCEDES;E 200;entrainement
M10MCDVPNT70121;MERCEDES;E 200;entrainement
M10MCDVPNT70157;MERCEDES;E 200;entrainement
M10MCDVPNT71061;MERCEDES;E 200;entrainement
M10MCDVPNT71122;MERCEDES;E 200;entrainement
M10MCDVPNT71158;MERCEDES;E 200;entrainement
M10MCDVPNT72062;MERCEDES;E 200;entrainement
M10MCDVPNT72123;MERCEDES;E 200;entrainement
M10MCDVPNT72159;MERCEDES;E 200;entrainement
M10MCDVPNT73063;MERCEDES;E 200;entrainement
M10MCDVPNT73124;MERCEDES;E 200;entrainement
M10MCDVPNT73160;MERCEDES;E 200;entrainement
M10MCDVPNT74064;MERCEDES;E 200;entrainement
M10MCDVPNT74125;MERCEDES;E 200;entrainement
M10MCDVPNT74161;MERCEDES;E 200;entrainement
M10MCDVPNT75065;MERCEDES;E 200;entrainement
M10MCDVPNT75126;MERCEDES;E 200;entrainement
M10MCDVPNT75162;MERCEDES;E 200;entrainement
M10MCDVPNT76066;MERCEDES;E 200;entrainement
M10MCDVPNT76127;MERCEDES;E 200;entrainement
M10MCDVPNT76163;MERCEDES;E 200;entrainement
M10MCDVPNT77067;MERCEDES;E 200;entrainement
M10MCDVPNT77128;MERCEDES;E 200;entrainement
M10MCDVPNT77164;MERCEDES;E 200;entrainement
M10MCDVPNT78068;MERCEDES;E 200;entrainement
M10MCDVPNT78129;MERCEDES;E 200;entrainement
M10MCDVPNT78165;MERCEDES;E 200;entrainement
M10MCDVPNT79069;MERCEDES;E 200;entrainement
M10MCDVPNT79130;MERCEDES;E 200;entrainement
M10MCDVPNT79166;MERCEDES;E 200;entrainement
M10MCDVPNT7A070;MERCEDES;E 200;entrainement
M10MCDVPNT7A131;MERCEDES;E 200;entrainement
M10MCDVPNT7A167;MERCEDES;E 200;entrainement
M10MCDVPNT7B071;MERCEDES;E 200;entrainement
M10MCDVPNT7B132;MERCEDES;E 200;entrainement
M10MCDVPNT7B168;MERCEDES;E 200;entrainement
M10MCDVPNT7C072;MERCEDES;E 200;entrainement
M10MCDVPNT7C097;MERCEDES;E 200;entrainement
M10MCDVPNT7C133;MERCEDES;E 200;entrainement
M10MCDVPNT7C169;MERCEDES;E 200;entrainement
M10MCDVPNT7D073;MERCEDES;E 200;entrainement
M10MCDVPNT7D098;MERCEDES;E 200;entrainement
M10MCDVPNT7D134;MERCEDES;E 200;entrainement
M10MCDVPNT7D170;MERCEDES;E 200;entrainement
M10MCDVPNT7E074;MERCEDES;E 200;entrainement
M10MCDVPNT7E099;MERCEDES;E 200;entrainement
M10MCDVPNT7E135;MERCEDES;E 200;entrainement
M10MCDVPNT7E171;MERCEDES;E 200;entrainement
M10MCDVPNT7F075;MERCEDES;E 200;entrainement
M10MCDVPNT7F100;MERCEDES;E 200;entrainement
M10MCDVPNT7F136;MERCEDES;E 200;entrainement
M10MCDVPNT7F172;MERCEDES;E 200;entrainement
M10MCDVPNT7G076;MERCEDES;E 200;entrainement
M10MCDVPNT7G101;MERCEDES;E 200;entrainement
M10MCDVPNT7G137;MERCEDES;E 200;entrainement
M10MCDVPNT7H077;MERCEDES;E 200;entrainement
M10MCDVPNT7H102;MERCEDES;E 200;entrainement
M10MCDVPNT7H138;MERCEDES;E 200;entrainement
M10MCDVPNT7J078;MERCEDES;E 200;entrainement
M10MCDVPNT7J079;MERCEDES;E 200;entrainement
M10MCDVPNT7J103;MERCEDES;E 200;entrainement
M10MCDVPNT7J104;MERCEDES;E 200;entrainement
M10MCDVPNT7J139;MERCEDES;E 200;entrainement
M10MCDVPNT7J140;MERCEDES;E 200;entrainement
M10MCDVPNT7K080;MERCEDES;E 200;entrainement
M10MCDVPNT7K105;MERCEDES;E 200;entrainement
M10MCDVPNT7K141;MERCEDES;E 200;entrainement
M10MCDVPNT7L081;MERCEDES;E 200;entrainement
M10MCDVPNT7L106;MERCEDES;E 200;entrainement
M10MCDVPNT7L142;MERCEDES;E 200;entrainement
M10MCDVPNT7M082;MERCEDES;E 200;entrainement
M10MCDVPNT7M107;MERCEDES;E 200;entrainement
M10MCDVPNT7M143;MERCEDES;E 200;entrainement
M10MCDVPNT7N083;MERCEDES;E 200;entrainement
M10MCDVPNT7N108;MERCEDES;E 200;entrainement
M10MCDVPNT7N144;MERCEDES;E 200;entrainement
M10MCDVPNT7P084;MERCEDES;E 200;entrainement
M10MCDVPNT7P085;MERCEDES;E 200;entrainement
M10MCDVPNT7P109;MERCEDES;E 200;entrainement
M10MCDVPNT7P110;MERCEDES;E 200;entrainement
M10MCDVPNT7P145;MERCEDES;E 200;entrainement
M10MCDVPNT7P146;MERCEDES;E 200;entrainement
M10MCDVPNT7R086;MERCEDES;E 200;entrainement
M10MCDVPNT7R087;MERCEDES;E 200;entrainement
M10MCDVPNT7R111;MERCEDES;E 200;entrainement
M10MCDVPNT7R112;MERCEDES;E 200;entrainement
M10MCDVPNT7R147;MERCEDES;E 200;entrainement
M10MCDVPNT7R148;MERCEDES;E 200;entrainement
M10MCDVPNT7S088;MERCEDES;E 200;entrainement
M10MCDVPNT7S113;MERCEDES;E 200;entrainement
M10MCDVPNT7S149;MERCEDES;E 200;entrainement
M10MCDVPNT7T089;MERCEDES;E 200;entrainement
M10MCDVPNT7T114;MERCEDES;E 200;entrainement
M10MCDVPNT7T150;MERCEDES;E 200;entrainement
M10MCDVPNT7U090;MERCEDES;E 200;entrainement
M10MCDVPNT7U115;MERCEDES;E 200;entrainement
M10MCDVPNT7U151;MERCEDES;E 200;entrainement
M10MCDVPNT7V091;MERCEDES;E 200;entrainement
M10MCDVPNT7V116;MERCEDES;E 200;entrainement
M10MCDVPNT7V152;MERCEDES;E 200;entrainement
M10MCDVPNT7W092;MERCEDES;E 200;entrainement
M10MCDVPNT7W117;MERCEDES;E 200;entrainement
M10MCDVPNT7W153;MERCEDES;E 200;entrainement
M10MCDVPNT7X093;MERCEDES;E 200;entrainement
M10MCDVPNT7X118;MERCEDES;E 200;entrainement
M10MCDVPNT7X154;MERCEDES;E 200;entrainement
M10MCDVPNT7Y094;MERCEDES;E 200;entrainement
M10MCDVPNT7Y119;MERCEDES;E 200;entrainement
M10MCDVPNT7Y155;MERCEDES;E 200;entrainement
M10MCDVPNT7Z095;MERCEDES;E 200;entrainement
M10MCDVPNT7Z120;MERCEDES;E 200;entrainement
M10MCDVPNT7Z156;MERCEDES;E 200;entrainement
M10MCDVPPS15070;MERCEDES;E 200;entrainement
M10MCDVPPS16071;MERCEDES;E 200;entrainement
M10MCDVPPS17072;MERCEDES;E 200;entrainement
M10MCDVPPS18073;MERCEDES;E 200;entrainement
M10MCDVPPS19074;MERCEDES;E 200;entrainement
M10MCDVPPS1A075;MERCEDES;E 200;entrainement
M10MCDVPPS1B076;MERCEDES;E 200;entrainement
M10MCDVPPS1C077;MERCEDES;E 200;entrainement
M10MCDVPPS1D078;MERCEDES;E 200;entrainement
M10MCDVPPS1E079;MERCEDES;E 200;entrainement
M10MCDVPPS1F080;MERCEDES;E 200;entrainement
M10MCDVPPS1F202;MERCEDES;E 200;entrainement
M10MCDVPPS1G081;MERCEDES;E 200;entrainement
M10MCDVPPS1G203;MERCEDES;E 200;entrainement
M10MCDVPPS1H204;MERCEDES;E 200;entrainement
M10MCDVPPS1J205;MERCEDES;E 200;entrainement
M10MCDVPPS1J206;MERCEDES;E 200;entrainement
M10MCDVPPS1K207;MERCEDES;E 200;entrainement
M10MCDVPPS1L208;MERCEDES;E 200;entrainement
M10MCDVPPS1M209;MERCEDES;E 200;entrainement
M10MCDVPNT60740;MERCEDES;E 220;test
M10MCDVPNT60801;MERCEDES;E 220;test
M10MCDVPNT61741;MERCEDES;E 220;test
M10MCDVPNT61802;MERCEDES;E 220;test
M10MCDVPNT62742;MERCEDES;E 220;test
M10MCDVPNT62803;MERCEDES;E 220;test
M10MCDVPNT63743;MERCEDES;E 220;test
M10MCDVPNT63804;MERCEDES;E 220;test
M10MCDVPNT64744;MERCEDES;E 220;test
M10MCDVPNT64805;MERCEDES;E 220;test
M10MCDVPNT65745;MERCEDES;E 220;test
M10MCDVPNT65806;MERCEDES;E 220;test
M10MCDVPNT66746;MERCEDES;E 220;test
M10MCDVPNT66807;MERCEDES;E 220;test
M10MCDVPNT67747;MERCEDES;E 220;test
M10MCDVPNT67808;MERCEDES;E 220;test
M10MCDVPNT68748;MERCEDES;E 220;test
M10MCDVPNT68809;MERCEDES;E 220;test
M10MCDVPNT69713;MERCEDES;E 220;test
M10MCDVPNT69749;MERCEDES;E 220;test
M10MCDVPNT69810;MERCEDES;E 220;test
M10MCDVPNT6A714;MERCEDES;E 220;test
M10MCDVPNT6A750;MERCEDES;E 220;test
M10MCDVPNT6A811;MERCEDES;E 220;test
M10MCDVPNT6B715;MERCEDES;E 220;test
M10MCDVPNT6B751;MERCEDES;E 220;test
M10MCDVPNT6B776;MERCEDES;E 220;test
M10MCDVPNT6B812;MERCEDES;E 220;test
M10MCDVPNT6C716;MERCEDES;E 220;test
M10MCDVPNT6C752;MERCEDES;E 220;test
M10MCDVPNT6C777;MERCEDES;E 220;test
M10MCDVPNT6C813;MERCEDES;E 220;test
M10MCDVPNT6D717;MERCEDES;E 220;test
M10MCDVPNT6D753;MERCEDES;E 220;test
M10MCDVPNT6D778;MERCEDES;E 220;test
M10MCDVPNT6D814;MERCEDES;E 220;test
M10MCDVPNT6E718;MERCEDES;E 220;test
M10MCDVPNT6E754;MERCEDES;E 220;test
M10MCDVPNT6E779;MERCEDES;E 220;test
M10MCDVPNT6E815;MERCEDES;E 220;test
M10MCDVPNT6F719;MERCEDES;E 220;test
M10MCDVPNT6F755;MERCEDES;E 220;test
M10MCDVPNT6F780;MERCEDES;E 220;test
M10MCDVPNT6F816;MERCEDES;E 220;test
M10MCDVPNT6G720;MERCEDES;E 220;test
M10MCDVPNT6G756;MERCEDES;E 220;test
M10MCDVPNT6G781;MERCEDES;E 220;test
M10MCDVPNT6G817;MERCEDES;E 220;test
M10MCDVPNT6H721;MERCEDES;E 220;test
M10MCDVPNT6H757;MERCEDES;E 220;test
M10MCDVPNT6H782;MERCEDES;E 220;test
M10MCDVPNT6H818;MERCEDES;E 220;test
M10MCDVPNT6J722;MERCEDES;E 220;test
M10MCDVPNT6J723;MERCEDES;E 220;test
M10MCDVPNT6J758;MERCEDES;E 220;test
M10MCDVPNT6J759;MERCEDES;E 220;test
M10MCDVPNT6J783;MERCEDES;E 220;test
M10MCDVPNT6J784;MERCEDES;E 220;test
M10MCDVPNT6J819;MERCEDES;E 220;test
M10MCDVPNT6J820;MERCEDES;E 220;test
M10MCDVPNT6K724;MERCEDES;E 220;test
M10MCDVPNT6K760;MERCEDES;E 220;test
M10MCDVPNT6K785;MERCEDES;E 220;test
M10MCDVPNT6K821;MERCEDES;E 220;test
M10MCDVPNT6L725;MERCEDES;E 220;test
M10MCDVPNT6L761;MERCEDES;E 220;test
M10MCDVPNT6L786;MERCEDES;E 220;test
M10MCDVPNT6L822;MERCEDES;E 220;test
M10MCDVPNT6M726;MERCEDES;E 220;test
M10MCDVPNT6M762;MERCEDES;E 220;test
M10MCDVPNT6M787;MERCEDES;E 220;test
M10MCDVPNT6M823;MERCEDES;E 220;test
M10MCDVPNT6N727;MERCEDES;E 220;test
M10MCDVPNT6N763;MERCEDES;E 220;test
M10MCDVPNT6N788;MERCEDES;E 220;test
M10MCDVPNT6N824;MERCEDES;E 220;test
M10MCDVPNT6P728;MERCEDES;E 220;test
M10MCDVPNT6P729;MERCEDES;E 220;test
M10MCDVPNT6P764;MERCEDES;E 220;test
M10MCDVPNT6P765;MERCEDES;E 220;test
M10MCDVPNT6P789;MERCEDES;E 220;test
M10MCDVPNT6P790;MERCEDES;E 220;test
M10MCDVPNT6P825;MERCEDES;E 220;test
M10MCDVPNT6P826;MERCEDES;E 220;test
M10MCDVPNT6R730;MERCEDES;E 220;test
M10MCDVPNT6R731;MERCEDES;E 220;test
M10MCDVPNT6R766;MERCEDES;E 220;test
M10MCDVPNT6R767;MERCEDES;E 220;test
M10MCDVPNT6R791;MERCEDES;E 220;test
M10MCDVPNT6R792;MERCEDES;E 220;test
M10MCDVPNT6R827;MERCEDES;E 220;test
M10MCDVPNT6R828;MERCEDES;E 220;test
M10MCDVPNT6S732;MERCEDES;E 220;test
M10MCDVPNT6S768;MERCEDES;E 220;test
M10MCDVPNT6S793;MERCEDES;E 220;test
M10MCDVPNT6S829;MERCEDES;E 220;test
M10MCDVPNT6T733;MERCEDES;E 220;test
M10MCDVPNT6T769;MERCEDES;E 220;test
M10MCDVPNT6T794;MERCEDES;E 220;test
M10MCDVPNT6T830;MERCEDES;E 220;test
M10MCDVPNT6U734;MERCEDES;E 220;test
M10MCDVPNT6U770;MERCEDES;E 220;test
M10MCDVPNT6U795;MERCEDES;E 220;test
M10MCDVPNT6U831;MERCEDES;E 220;test
M10MCDVPNT6V735;MERCEDES;E 220;test
M10MCDVPNT6V771;MERCEDES;E 220;test
M10MCDVPNT6V796;MERCEDES;E 220;test
M10MCDVPNT6V832;MERCEDES;E 220;test
M10MCDVPNT6W736;MERCEDES;E 220;test
M10MCDVPNT6W772;MERCEDES;E 220;test
M10MCDVPNT6W797;MERCEDES;E 220;test
M10MCDVPNT6X737;MERCEDES;E 220;test
M10MCDVPNT6X773;MERCEDES;E 220;test
M10MCDVPNT6X798;MERCEDES;E 220;test
M10MCDVPNT6Y738;MERCEDES;E 220;test
M10MCDVPNT6Y774;MERCEDES;E 220;test
M10MCDVPNT6Y799;MERCEDES;E 220;test
M10MCDVPNT6Z739;MERCEDES;E 220;test
M10MCDVPNT6Z775;MERCEDES;E 220;test
M10MCDVPNT6Z800;MERCEDES;E 220;test
M10MCDVPFY68388;MERCEDES;E 220;test
M10MCDVPFY69389;MERCEDES;E 220;test
M10MCDVPFY6A390;MERCEDES;E 220;test
M10MCDVPFY6B391;MERCEDES;E 220;test
M10MCDVPFY6C392;MERCEDES;E 220;test
M10MCDVPFY6C586;MERCEDES;E 220;test
M10MCDVPFY6D393;MERCEDES;E 220;test
M10MCDVPFY6D587;MERCEDES;E 220;test
M10MCDVPFY6E394;MERCEDES;E 220;test
M10MCDVPFY6E588;MERCEDES;E 220;test
M10MCDVPFY6F395;MERCEDES;E 220;test
M10MCDVPFY6F589;MERCEDES;E 220;test
M10MCDVPFY6G590;MERCEDES;E 220;test
M10MCDVPFY6H591;MERCEDES;E 220;test
M10MCDVPFY6J592;MERCEDES;E 220;test
M10MCDVPFY6J593;MERCEDES;E 220;test
M10MCDVPFY6K594;MERCEDES;E 220;test
M10MCDVPFY6L595;MERCEDES;E 220;test
M10MCDVPFY6M596;MERCEDES;E 220;test
M10MCDVPFY6N597;MERCEDES;E 220;test
M10MCDVPFY6P598;MERCEDES;E 220;test
M10MCDVPFY6P599;MERCEDES;E 220;test
M10MCDVPFY6R382;MERCEDES;E 220;test
M10MCDVPFY6S383;MERCEDES;E 220;test
M10MCDVPFY6T384;MERCEDES;E 220;test
M10MCDVPFY6U385;MERCEDES;E 220;test
M10MCDVPFY6V386;MERCEDES;E 220;test
M10MCDVPFY6W387;MERCEDES;E 220;test
M10MCDVPFZ30066;MERCEDES;E 220;test
M10MCDVPFZ30224;MERCEDES;E 220;test
M10MCDVPFZ31067;MERCEDES;E 220;test
M10MCDVPFZ31225;MERCEDES;E 220;test
M10MCDVPFZ32068;MERCEDES;E 220;test
M10MCDVPFZ32129;MERCEDES;E 220;test
M10MCDVPFZ33069;MERCEDES;E 220;test
M10MCDVPFZ33130;MERCEDES;E 220;test
M10MCDVPFZ34070;MERCEDES;E 220;test
M10MCDVPFZ34131;MERCEDES;E 220;test
M10MCDVPFZ35071;MERCEDES;E 220;test
M10MCDVPFZ35132;MERCEDES;E 220;test
M10MCDVPFZ36097;MERCEDES;E 220;test
M10MCDVPFZ36133;MERCEDES;E 220;test
M10MCDVPFZ36194;MERCEDES;E 220;test
M10MCDVPFZ37098;MERCEDES;E 220;test
M10MCDVPFZ37134;MERCEDES;E 220;test
M10MCDVPFZ37195;MERCEDES;E 220;test
M10MCDVPFZ38074;MERCEDES;E 220;test
M10MCDVPFZ38099;MERCEDES;E 220;test
M10MCDVPFZ38171;MERCEDES;E 220;test
M10MCDVPFZ38196;MERCEDES;E 220;test
M10MCDVPFZ39075;MERCEDES;E 220;test
M10MCDVPFZ39172;MERCEDES;E 220;test
M10MCDVPFZ39197;MERCEDES;E 220;test
M10MCDVPFZ3A076;MERCEDES;E 220;test
M10MCDVPFZ3A137;MERCEDES;E 220;test
M10MCDVPFZ3A173;MERCEDES;E 220;test
M10MCDVPFZ3B077;MERCEDES;E 220;test
M10MCDVPFZ3B138;MERCEDES;E 220;test
M10MCDVPFZ3B174;MERCEDES;E 220;test
M10MCDVPFZ3C078;MERCEDES;E 220;test
M10MCDVPFZ3C139;MERCEDES;E 220;test
M10MCDVPFZ3C175;MERCEDES;E 220;test
M10MCDVPFZ3C200;MERCEDES;E 220;test
M10MCDVPFZ3D140;MERCEDES;E 220;test
M10MCDVPFZ3D176;MERCEDES;E 220;test
M10MCDVPFZ3D201;MERCEDES;E 220;test
M10MCDVPFZ3E141;MERCEDES;E 220;test
M10MCDVPFZ3E202;MERCEDES;E 220;test
M10MCDVPFZ3F203;MERCEDES;E 220;test
M10MCDVPFZ3G179;MERCEDES;E 220;test
M10MCDVPFZ3G204;MERCEDES;E 220;test
M10MCDVPFZ3H108;MERCEDES;E 220;test
M10MCDVPFZ3H180;MERCEDES;E 220;test
M10MCDVPFZ3J109;MERCEDES;E 220;test
M10MCDVPFZ3J110;MERCEDES;E 220;test
M10MCDVPFZ3J181;MERCEDES;E 220;test
M10MCDVPFZ3J182;MERCEDES;E 220;test
M10MCDVPFZ3K111;MERCEDES;E 220;test
M10MCDVPFZ3K183;MERCEDES;E 220;test
M10MCDVPFZ3L087;MERCEDES;E 220;test
M10MCDVPFZ3L112;MERCEDES;E 220;test
M10MCDVPFZ3M088;MERCEDES;E 220;test
M10MCDVPFZ3M113;MERCEDES;E 220;test
M10MCDVPFZ3N089;MERCEDES;E 220;test
M10MCDVPFZ3N150;MERCEDES;E 220;test
M10MCDVPFZ3P090;MERCEDES;E 220;test
M10MCDVPFZ3P091;MERCEDES;E 220;test
M10MCDVPFZ3P116;MERCEDES;E 220;test
M10MCDVPFZ3P151;MERCEDES;E 220;test
M10MCDVPFZ3P152;MERCEDES;E 220;test
M10MCDVPFZ3P213;MERCEDES;E 220;test
M10MCDVPFZ3R092;MERCEDES;E 220;test
M10MCDVPFZ3R117;MERCEDES;E 220;test
M10MCDVPFZ3R118;MERCEDES;E 220;test
M10MCDVPFZ3R153;MERCEDES;E 220;test
M10MCDVPFZ3R154;MERCEDES;E 220;test
M10MCDVPFZ3R214;MERCEDES;E 220;test
M10MCDVPFZ3R215;MERCEDES;E 220;test
M10MCDVPFZ3S119;MERCEDES;E 220;test
M10MCDVPFZ3S155;MERCEDES;E 220;test
M10MCDVPFZ3S216;MERCEDES;E 220;test
M10MCDVPFZ3T095;MERCEDES;E 220;test
M10MCDVPFZ3T120;MERCEDES;E 220;test
M10MCDVPFZ3T192;MERCEDES;E 220;test
M10MCDVPFZ3T217;MERCEDES;E 220;test
M10MCDVPFZ3U096;MERCEDES;E 220;test
M10MCDVPFZ3U193;MERCEDES;E 220;test
M10MCDVPFZ3U218;MERCEDES;E 220;test
M10MCDVPFZ3V158;MERCEDES;E 220;test
M10MCDVPFZ3W159;MERCEDES;E 220;test
M10MCDVPFZ3X160;MERCEDES;E 220;test
M10MCDVPFZ3X221;MERCEDES;E 220;test
M10MCDVPFZ3Y161;MERCEDES;E 220;test
M10MCDVPFZ3Y222;MERCEDES;E 220;test
M10MCDVPFZ3Z162;MERCEDES;E 220;test
M10MCDVPFZ3Z223;MERCEDES;E 220;test
M10MCDVPGE23891;MERCEDES;E 220;test
M10MCDVPGE24892;MERCEDES;E 220;test
M10MCDVPGE25893;MERCEDES;E 220;test
M10MCDVPGE26894;MERCEDES;E 220;test
M10MCDVPGE27895;MERCEDES;E 220;test
M10MCDVPGE28896;MERCEDES;E 220;test
M10MCDVPGE29897;MERCEDES;E 220;test
M10MCDVPGE2A898;MERCEDES;E 220;test
M10MCDVPGE2B899;MERCEDES;E 220;test
M10MCDVPGE2C900;MERCEDES;E 220;test
M10MCDVPGE2D901;MERCEDES;E 220;test
M10MCDVPGE2E902;MERCEDES;E 220;test
M10MCDVPGE2F903;MERCEDES;E 220;test
M10MCDVPGE2G904;MERCEDES;E 220;test
M10MCDVPGE2H905;MERCEDES;E 220;test
M10MCDVPGE2J906;MERCEDES;E 220;test
M10MCDVPGE2J907;MERCEDES;E 220;test
M10MCDVPGE2K908;MERCEDES;E 220;test
M10MCDVPGE2L909;MERCEDES;E 220;test
M10MCDVPGE2M910;MERCEDES;E 220;test
M10MCDVPGE2N911;MERCEDES;E 220;test
M10MCDVPGE2P912;MERCEDES;E 220;test
M10MCDVPGE2P913;MERCEDES;E 220;test
M10MCDVPGE2R914;MERCEDES;E 220;test
M10MCDVPGE33089;MERCEDES;E 220;test
M10MCDVPGE34090;MERCEDES;E 220;test
M10MCDVPGE35091;MERCEDES;E 220;test
M10MCDVPGE36092;MERCEDES;E 220;test
M10MCDVPGE38094;MERCEDES;E 220;test
M10MCDVPGE39095;MERCEDES;E 220;test
M10MCDVPGE3A096;MERCEDES;E 220;test
M10MCDVPGE3M097;MERCEDES;E 220;test
M10MCDVPGE3P099;MERCEDES;E 220;test
M10MCDVPGE3P100;MERCEDES;E 220;test
M10MCDVPGE3R101;MERCEDES;E 220;test
M10MCDVPGE3R102;MERCEDES;E 220;test
M10MCDVPGE3T104;MERCEDES;E 220;test
M10MCDVPGE3U105;MERCEDES;E 220;test
M10MCDVPGE3V106;MERCEDES;E 220;test
M10MCDVPGE3W107;MERCEDES;E 220;test
M10MCDVPGU40130;MERCEDES;E 220;test
M10MCDVPGU40263;MERCEDES;E 220;test
M10MCDVPGU41131;MERCEDES;E 220;test
M10MCDVPGU41264;MERCEDES;E 220;test
M10MCDVPGU42132;MERCEDES;E 220;test
M10MCDVPGU43133;MERCEDES;E 220;test
M10MCDVPGU44134;MERCEDES;E 220;test
M10MCDVPGU45135;MERCEDES;E 220;test
M10MCDVPGU46136;MERCEDES;E 220;test
M10MCDVPGU47137;MERCEDES;E 220;test
M10MCDVPGU48138;MERCEDES;E 220;test
M10MCDVPGU49139;MERCEDES;E 220;test
M10MCDVPGU4A140;MERCEDES;E 220;test
M10MCDVPGU4P251;MERCEDES;E 220;test
M10MCDVPGU4P252;MERCEDES;E 220;test
M10MCDVPGU4R253;MERCEDES;E 220;test
M10MCDVPGU4R254;MERCEDES;E 220;test
M10MCDVPGU4S255;MERCEDES;E 220;test
M10MCDVPGU4T256;MERCEDES;E 220;test
M10MCDVPGU4U257;MERCEDES;E 220;test
M10MCDVPGU4V258;MERCEDES;E 220;test
M10MCDVPGU4W259;MERCEDES;E 220;test
M10MCDVPGU4X127;MERCEDES;E 220;test
M10MCDVPGU4X260;MERCEDES;E 220;test
M10MCDVPGU4Y128;MERCEDES;E 220;test
M10MCDVPGU4Y261;MERCEDES;E 220;test
M10MCDVPGU4Z129;MERCEDES;E 220;test
M10MCDVPGU4Z262;MERCEDES;E 220;test
M10MCDVPKP50360;MERCEDES;E 220;test
M10MCDVPKP51361;MERCEDES;E 220;test
M10MCDVPKP52362;MERCEDES;E 220;test
M10MCDVPKP53363;MERCEDES;E 220;test
M10MCDVPKP54364;MERCEDES;E 220;test
M10MCDVPKP54619;MERCEDES;E 220;test
M10MCDVPKP55365;MERCEDES;E 220;test
M10MCDVPKP55620;MERCEDES;E 220;test
M10MCDVPKP56366;MERCEDES;E 220;test
M10MCDVPKP56621;MERCEDES;E 220;test
M10MCDVPKP57367;MERCEDES;E 220;test
M10MCDVPKP57622;MERCEDES;E 220;test
M10MCDVPKP58368;MERCEDES;E 220;test
M10MCDVPKP58623;MERCEDES;E 220;test
M10MCDVPKP59624;MERCEDES;E 220;test
M10MCDVPKP5A625;MERCEDES;E 220;test
M10MCDVPKP5B626;MERCEDES;E 220;test
M10MCDVPKP5C627;MERCEDES;E 220;test
M10MCDVPKP5D628;MERCEDES;E 220;test
M10MCDVPKP5E629;MERCEDES;E 220;test
M10MCDVPKP5F630;MERCEDES;E 220;test
M10MCDVPKP5G631;MERCEDES;E 220;test
M10MCDVPKP5H632;MERCEDES;E 220;test
M10MCDVPKP5J633;MERCEDES;E 220;test
M10MCDVPKP5J634;MERCEDES;E 220;test
M10MCDVPKP5K635;MERCEDES;E 220;test
M10MCDVPKP5L345;MERCEDES;E 220;test
M10MCDVPKP5L636;MERCEDES;E 220;test
M10MCDVPKP5M346;MERCEDES;E 220;test
M10MCDVPKP5M637;MERCEDES;E 220;test
M10MCDVPKP5N347;MERCEDES;E 220;test
M10MCDVPKP5N638;MERCEDES;E 220;test
M10MCDVPKP5P348;MERCEDES;E 220;test
M10MCDVPKP5P349;MERCEDES;E 220;test
M10MCDVPKP5R350;MERCEDES;E 220;test
M10MCDVPKP5R351;MERCEDES;E 220;test
M10MCDVPKP5S352;MERCEDES;E 220;test
M10MCDVPKP5T353;MERCEDES;E 220;test
M10MCDVPKP5U354;MERCEDES;E 220;test
M10MCDVPKP5V355;MERCEDES;E 220;test
M10MCDVPKP5W356;MERCEDES;E 220;test
M10MCDVPKP5X357;MERCEDES;E 220;test
M10MCDVPKP5Y358;MERCEDES;E 220;test
M10MCDVPKP5Z359;MERCEDES;E 220;test
M10MCDVPKP6C141;MERCEDES;E 220;test
M10MCDVPKP6D142;MERCEDES;E 220;test
M10MCDVPKP6E143;MERCEDES;E 220;test
M10MCDVPKP6F144;MERCEDES;E 220;test
M10MCDVPKP6G145;MERCEDES;E 220;test
M10MCDVPKP6H146;MERCEDES;E 220;test
M10MCDVPKP6J147;MERCEDES;E 220;test
M10MCDVPKP6J148;MERCEDES;E 220;test
M10MCDVPKP6K149;MERCEDES;E 220;test
M10MCDVPKP6L150;MERCEDES;E 220;test
M10MCDVPKP6M151;MERCEDES;E 220;test
M10MCDVPKP6N152;MERCEDES;E 220;test
M10MCDVPKP6P153;MERCEDES;E 220;test
M10MCDVPKP6P154;MERCEDES;E 220;test
M10MCDVPKP6R155;MERCEDES;E 220;test
M10MCDVPKP6R156;MERCEDES;E 220;test
M10MCDVPKV60935;MERCEDES;E 220;test
M10MCDVPKV60996;MERCEDES;E 220;test
M10MCDVPKV61997;MERCEDES;E 220;test
M10MCDVPKV62998;MERCEDES;E 220;test
M10MCDVPKV63938;MERCEDES;E 220;test
M10MCDVPKV63999;MERCEDES;E 220;test
M10MCDVPKV64939;MERCEDES;E 220;test
M10MCDVPKV65940;MERCEDES;E 220;test
M10MCDVPKV66941;MERCEDES;E 220;test
M10MCDVPKV67942;MERCEDES;E 220;test
M10MCDVPKV68943;MERCEDES;E 220;test
M10MCDVPKV69944;MERCEDES;E 220;test
M10MCDVPKV6A945;MERCEDES;E 220;test
M10MCDVPKV6A970;MERCEDES;E 220;test
M10MCDVPKV6B946;MERCEDES;E 220;test
M10MCDVPKV6B971;MERCEDES;E 220;test
M10MCDVPKV6C947;MERCEDES;E 220;test
M10MCDVPKV6D973;MERCEDES;E 220;test
M10MCDVPKV6E949;MERCEDES;E 220;test
M10MCDVPKV6E974;MERCEDES;E 220;test
M10MCDVPKV6F950;MERCEDES;E 220;test
M10MCDVPKV6F975;MERCEDES;E 220;test
M10MCDVPKV6G951;MERCEDES;E 220;test
M10MCDVPKV6G976;MERCEDES;E 220;test
M10MCDVPKV6H952;MERCEDES;E 220;test
M10MCDVPKV6H977;MERCEDES;E 220;test
M10MCDVPKV6J953;MERCEDES;E 220;test
M10MCDVPKV6J954;MERCEDES;E 220;test
M10MCDVPKV6J978;MERCEDES;E 220;test
M10MCDVPKV6J979;MERCEDES;E 220;test
M10MCDVPKV6K955;MERCEDES;E 220;test
M10MCDVPKV6K980;MERCEDES;E 220;test
M10MCDVPKV6L956;MERCEDES;E 220;test
M10MCDVPKV6L981;MERCEDES;E 220;test
M10MCDVPKV6M957;MERCEDES;E 220;test
M10MCDVPKV6M982;MERCEDES;E 220;test
M10MCDVPKV6N958;MERCEDES;E 220;test
M10MCDVPKV6N983;MERCEDES;E 220;test
M10MCDVPKV6P959;MERCEDES;E 220;test
M10MCDVPKV6P984;MERCEDES;E 220;test
M10MCDVPKV6P985;MERCEDES;E 220;test
M10MCDVPKV6R961;MERCEDES;E 220;test
M10MCDVPKV6R962;MERCEDES;E 220;test
M10MCDVPKV6R986;MERCEDES;E 220;test
M10MCDVPKV6R987;MERCEDES;E 220;test
M10MCDVPKV6S963;MERCEDES;E 220;test
M10MCDVPKV6S988;MERCEDES;E 220;test
M10MCDVPKV6T964;MERCEDES;E 220;test
M10MCDVPKV6T989;MERCEDES;E 220;test
M10MCDVPKV6U965;MERCEDES;E 220;test
M10MCDVPKV6U990;MERCEDES;E 220;test
M10MCDVPKV6V966;MERCEDES;E 220;test
M10MCDVPKV6V991;MERCEDES;E 220;test
M10MCDVPKV6W931;MERCEDES;E 220;test
M10MCDVPKV6W967;MERCEDES;E 220;test
M10MCDVPKV6W992;MERCEDES;E 220;test
M10MCDVPKV6X932;MERCEDES;E 220;test
M10MCDVPKV6X968;MERCEDES;E 220;test
M10MCDVPKV6X993;MERCEDES;E 220;test
M10MCDVPKV6Y933;MERCEDES;E 220;test
M10MCDVPKV6Y969;MERCEDES;E 220;test
M10MCDVPKV6Y994;MERCEDES;E 220;test
M10MCDVPKV6Z934;MERCEDES;E 220;test
M10MCDVPKV6Z995;MERCEDES;E 220;test
M10MCDVPKV70025;MERCEDES;E 220;test
M10MCDVPKV71026;MERCEDES;E 220;test
M10MCDVPKV77941;MERCEDES;E 220;test
M10MCDVPKV78942;MERCEDES;E 220;test
M10MCDVPKV7B000;MERCEDES;E 220;test
M10MCDVPKV7C001;MERCEDES;E 220;test
M10MCDVPKV7D002;MERCEDES;E 220;test
M10MCDVPKV7D947;MERCEDES;E 220;test
M10MCDVPKV7E003;MERCEDES;E 220;test
M10MCDVPKV7E948;MERCEDES;E 220;test
M10MCDVPKV7F004;MERCEDES;E 220;test
M10MCDVPKV7G005;MERCEDES;E 220;test
M10MCDVPKV7H006;MERCEDES;E 220;test
M10MCDVPKV7J007;MERCEDES;E 220;test
M10MCDVPKV7J008;MERCEDES;E 220;test
M10MCDVPKV7K009;MERCEDES;E 220;test
M10MCDVPKV7L010;MERCEDES;E 220;test
M10MCDVPKV7M011;MERCEDES;E 220;test
M10MCDVPKV7N012;MERCEDES;E 220;test
M10MCDVPKV7P013;MERCEDES;E 220;test
M10MCDVPKV7P014;MERCEDES;E 220;test
M10MCDVPKV7R015;MERCEDES;E 220;test
M10MCDVPKV7R016;MERCEDES;E 220;test
M10MCDVPKV7S017;MERCEDES;E 220;test
M10MCDVPKV7T018;MERCEDES;E 220;test
M10MCDVPKV7U019;MERCEDES;E 220;test
M10MCDVPKV7V020;MERCEDES;E 220;test
M10MCDVPKV7V893;MERCEDES;E 220;test
M10MCDVPKV7W021;MERCEDES;E 220;test
M10MCDVPKV7W894;MERCEDES;E 220;test
M10MCDVPKV7X022;MERCEDES;E 220;test
M10MCDVPKV7Y023;MERCEDES;E 220;test
M10MCDVPKV7Z024;MERCEDES;E 220;test
M10MCDVPKZ80480;MERCEDES;E 220;test
M10MCDVPKZ81481;MERCEDES;E 220;test
M10MCDVPKZ82482;MERCEDES;E 220;test
M10MCDVPKZ83483;MERCEDES;E 220;test
M10MCDVPKZ84484;MERCEDES;E 220;test
M10MCDVPKZ8E458;MERCEDES;E 220;test
M10MCDVPKZ8F459;MERCEDES;E 220;test
M10MCDVPKZ8G460;MERCEDES;E 220;test
M10MCDVPKZ8G485;MERCEDES;E 220;test
M10MCDVPKZ8H461;MERCEDES;E 220;test
M10MCDVPKZ8J462;MERCEDES;E 220;test
M10MCDVPKZ8J463;MERCEDES;E 220;test
M10MCDVPKZ8K464;MERCEDES;E 220;test
M10MCDVPKZ8S472;MERCEDES;E 220;test
M10MCDVPKZ8T473;MERCEDES;E 220;test
M10MCDVPKZ8U474;MERCEDES;E 220;test
M10MCDVPKZ8V475;MERCEDES;E 220;test
M10MCDVPKZ8W476;MERCEDES;E 220;test
M10MCDVPKZ8X477;MERCEDES;E 220;test
M10MCDVPKZ8Y478;MERCEDES;E 220;test
M10MCDVPNT60837;MERCEDES;E 220;test
M10MCDVPNT60898;MERCEDES;E 220;test
M10MCDVPNT60934;MERCEDES;E 220;test
M10MCDVPNT61838;MERCEDES;E 220;test
M10MCDVPNT61899;MERCEDES;E 220;test
M10MCDVPNT61935;MERCEDES;E 220;test
M10MCDVPNT62839;MERCEDES;E 220;test
M10MCDVPNT62900;MERCEDES;E 220;test
M10MCDVPNT62936;MERCEDES;E 220;test
M10MCDVPNT63840;MERCEDES;E 220;test
M10MCDVPNT63901;MERCEDES;E 220;test
M10MCDVPNT63937;MERCEDES;E 220;test
M10MCDVPNT64841;MERCEDES;E 220;test
M10MCDVPNT64902;MERCEDES;E 220;test
M10MCDVPNT64938;MERCEDES;E 220;test
M10MCDVPNT65842;MERCEDES;E 220;test
M10MCDVPNT65903;MERCEDES;E 220;test
M10MCDVPNT65939;MERCEDES;E 220;test
M10MCDVPNT66843;MERCEDES;E 220;test
M10MCDVPNT66904;MERCEDES;E 220;test
M10MCDVPNT66940;MERCEDES;E 220;test
M10MCDVPNT67844;MERCEDES;E 220;test
M10MCDVPNT67905;MERCEDES;E 220;test
M10MCDVPNT67941;MERCEDES;E 220;test
M10MCDVPNT68845;MERCEDES;E 220;test
M10MCDVPNT68906;MERCEDES;E 220;test
M10MCDVPNT68942;MERCEDES;E 220;test
M10MCDVPNT69846;MERCEDES;E 220;test
M10MCDVPNT69907;MERCEDES;E 220;test
M10MCDVPNT69943;MERCEDES;E 220;test
M10MCDVPNT6A847;MERCEDES;E 220;test
M10MCDVPNT6A908;MERCEDES;E 220;test
M10MCDVPNT6A944;MERCEDES;E 220;test
M10MCDVPNT6B848;MERCEDES;E 220;test
M10MCDVPNT6B873;MERCEDES;E 220;test
M10MCDVPNT6B909;MERCEDES;E 220;test
M10MCDVPNT6B945;MERCEDES;E 220;test
M10MCDVPNT6C849;MERCEDES;E 220;test
M10MCDVPNT6C874;MERCEDES;E 220;test
M10MCDVPNT6C910;MERCEDES;E 220;test
M10MCDVPNT6C946;MERCEDES;E 220;test
M10MCDVPNT6D850;MERCEDES;E 220;test
M10MCDVPNT6D875;MERCEDES;E 220;test
M10MCDVPNT6D911;MERCEDES;E 220;test
M10MCDVPNT6D947;MERCEDES;E 220;test
M10MCDVPNT6E851;MERCEDES;E 220;test
M10MCDVPNT6E876;MERCEDES;E 220;test
M10MCDVPNT6E912;MERCEDES;E 220;test
M10MCDVPNT6E948;MERCEDES;E 220;test
M10MCDVPNT6F852;MERCEDES;E 220;test
M10MCDVPNT6F877;MERCEDES;E 220;test
M10MCDVPNT6F913;MERCEDES;E 220;test
M10MCDVPNT6F949;MERCEDES;E 220;test
M10MCDVPNT6G853;MERCEDES;E 220;test
M10MCDVPNT6G878;MERCEDES;E 220;test
M10MCDVPNT6G914;MERCEDES;E 220;test
M10MCDVPNT6G950;MERCEDES;E 220;test
M10MCDVPNT6H854;MERCEDES;E 220;test
M10MCDVPNT6H879;MERCEDES;E 220;test
M10MCDVPNT6H915;MERCEDES;E 220;test
M10MCDVPNT6H951;MERCEDES;E 220;test
M10MCDVPNT6J855;MERCEDES;E 220;test
M10MCDVPNT6J856;MERCEDES;E 220;test
M10MCDVPNT6J880;MERCEDES;E 220;test
M10MCDVPNT6J881;MERCEDES;E 220;test
M10MCDVPNT6J916;MERCEDES;E 220;test
M10MCDVPNT6J917;MERCEDES;E 220;test
M10MCDVPNT6J952;MERCEDES;E 220;test
M10MCDVPNT6J953;MERCEDES;E 220;test
M10MCDVPNT6K857;MERCEDES;E 220;test
M10MCDVPNT6K882;MERCEDES;E 220;test
M10MCDVPNT6K918;MERCEDES;E 220;test
M10MCDVPNT6K954;MERCEDES;E 220;test
M10MCDVPNT6L858;MERCEDES;E 220;test
M10MCDVPNT6L883;MERCEDES;E 220;test
M10MCDVPNT6L919;MERCEDES;E 220;test
M10MCDVPNT6L955;MERCEDES;E 220;test
M10MCDVPNT6M859;MERCEDES;E 220;test
M10MCDVPNT6M884;MERCEDES;E 220;test
M10MCDVPNT6M920;MERCEDES;E 220;test
M10MCDVPNT6M956;MERCEDES;E 220;test
M10MCDVPNT6N860;MERCEDES;E 220;test
M10MCDVPNT6N885;MERCEDES;E 220;test
M10MCDVPNT6N921;MERCEDES;E 220;test
M10MCDVPNT6N957;MERCEDES;E 220;test
M10MCDVPNT6P861;MERCEDES;E 220;test
M10MCDVPNT6P862;MERCEDES;E 220;test
M10MCDVPNT6P886;MERCEDES;E 220;test
M10MCDVPNT6P887;MERCEDES;E 220;test
M10MCDVPNT6P922;MERCEDES;E 220;test
M10MCDVPNT6P923;MERCEDES;E 220;test
M10MCDVPNT6P958;MERCEDES;E 220;test
M10MCDVPNT6P959;MERCEDES;E 220;test
M10MCDVPNT6R863;MERCEDES;E 220;test
M10MCDVPNT6R864;MERCEDES;E 220;test
M10MCDVPNT6R888;MERCEDES;E 220;test
M10MCDVPNT6R889;MERCEDES;E 220;test
M10MCDVPNT6R924;MERCEDES;E 220;test
M10MCDVPNT6R925;MERCEDES;E 220;test
M10MCDVPNT6R960;MERCEDES;E 220;test
M10MCDVPNT6R961;MERCEDES;E 220;test
M10MCDVPNT6S865;MERCEDES;E 220;test
M10MCDVPNT6S890;MERCEDES;E 220;test
M10MCDVPNT6S926;MERCEDES;E 220;test
M10MCDVPNT6S962;MERCEDES;E 220;test
M10MCDVPNT6T866;MERCEDES;E 220;test
M10MCDVPNT6T891;MERCEDES;E 220;test
M10MCDVPNT6T927;MERCEDES;E 220;test
M10MCDVPNT6T963;MERCEDES;E 220;test
M10MCDVPNT6U867;MERCEDES;E 220;test
M10MCDVPNT6U892;MERCEDES;E 220;test
M10MCDVPNT6U928;MERCEDES;E 220;test
M10MCDVPNT6U964;MERCEDES;E 220;test
M10MCDVPNT6V868;MERCEDES;E 220;test
M10MCDVPNT6V893;MERCEDES;E 220;test
M10MCDVPNT6V929;MERCEDES;E 220;test
M10MCDVPNT6V965;MERCEDES;E 220;test
M10MCDVPNT6W833;MERCEDES;E 220;test
M10MCDVPNT6W869;MERCEDES;E 220;test
M10MCDVPNT6W894;MERCEDES;E 220;test
M10MCDVPNT6W930;MERCEDES;E 220;test
M10MCDVPNT6W966;MERCEDES;E 220;test
M10MCDVPNT6X834;MERCEDES;E 220;test
M10MCDVPNT6X870;MERCEDES;E 220;test
M10MCDVPNT6X895;MERCEDES;E 220;test
M10MCDVPNT6X931;MERCEDES;E 220;test
M10MCDVPNT6X967;MERCEDES;E 220;test
M10MCDVPNT6Y835;MERCEDES;E 220;test
M10MCDVPNT6Y871;MERCEDES;E 220;test
M10MCDVPNT6Y896;MERCEDES;E 220;test
M10MCDVPNT6Y932;MERCEDES;E 220;test
M10MCDVPNT6Y968;MERCEDES;E 220;test
M10MCDVPNT6Z836;MERCEDES;E 220;test
M10MCDVPNT6Z872;MERCEDES;E 220;test
M10MCDVPNT6Z897;MERCEDES;E 220;test
M10MCDVPNT6Z933;MERCEDES;E 220;test
M10MCDVPPS00515;MERCEDES;E 220;test
M10MCDVPPS01516;MERCEDES;E 220;test
M10MCDVPPS02517;MERCEDES;E 220;test
M10MCDVPPS03518;MERCEDES;E 220;test
M10MCDVPPS04519;MERCEDES;E 220;test
M10MCDVPPS05520;MERCEDES;E 220;test
M10MCDVPPS06521;MERCEDES;E 220;test
M10MCDVPPS06776;MERCEDES;E 220;test
M10MCDVPPS07522;MERCEDES;E 220;test
M10MCDVPPS07777;MERCEDES;E 220;test
M10MCDVPPS08523;MERCEDES;E 220;test
M10MCDVPPS08778;MERCEDES;E 220;test
M10MCDVPPS09524;MERCEDES;E 220;test
M10MCDVPPS09779;MERCEDES;E 220;test
M10MCDVPPS0A525;MERCEDES;E 220;test
M10MCDVPPS0A780;MERCEDES;E 220;test
M10MCDVPPS0B526;MERCEDES;E 220;test
M10MCDVPPS0B781;MERCEDES;E 220;test
M10MCDVPPS0C527;MERCEDES;E 220;test
M10MCDVPPS0C782;MERCEDES;E 220;test
M10MCDVPPS0D528;MERCEDES;E 220;test
M10MCDVPPS0D783;MERCEDES;E 220;test
M10MCDVPPS0E529;MERCEDES;E 220;test
M10MCDVPPS0E784;MERCEDES;E 220;test
M10MCDVPPS0F530;MERCEDES;E 220;test
M10MCDVPPS0F760;MERCEDES;E 220;test
M10MCDVPPS0F785;MERCEDES;E 220;test
M10MCDVPPS0G531;MERCEDES;E 220;test
M10MCDVPPS0G761;MERCEDES;E 220;test
M10MCDVPPS0G786;MERCEDES;E 220;test
M10MCDVPPS0H762;MERCEDES;E 220;test
M10MCDVPPS0H787;MERCEDES;E 220;test
M10MCDVPPS0J763;MERCEDES;E 220;test
M10MCDVPPS0J764;MERCEDES;E 220;test
M10MCDVPPS0K765;MERCEDES;E 220;test
M10MCDVPPS0L500;MERCEDES;E 220;test
M10MCDVPPS0L766;MERCEDES;E 220;test
M10MCDVPPS0M501;MERCEDES;E 220;test
M10MCDVPPS0M767;MERCEDES;E 220;test
M10MCDVPPS0N502;MERCEDES;E 220;test
M10MCDVPPS0N768;MERCEDES;E 220;test
M10MCDVPPS0P503;MERCEDES;E 220;test
M10MCDVPPS0P504;MERCEDES;E 220;test
M10MCDVPPS0P769;MERCEDES;E 220;test
M10MCDVPPS0P770;MERCEDES;E 220;test
M10MCDVPPS0R505;MERCEDES;E 220;test
M10MCDVPPS0R506;MERCEDES;E 220;test
M10MCDVPPS0R771;MERCEDES;E 220;test
M10MCDVPPS0R772;MERCEDES;E 220;test
M10MCDVPPS0S507;MERCEDES;E 220;test
M10MCDVPPS0S773;MERCEDES;E 220;test
M10MCDVPPS0T508;MERCEDES;E 220;test
M10MCDVPPS0T774;MERCEDES;E 220;test
M10MCDVPPS0U509;MERCEDES;E 220;test
M10MCDVPPS0U775;MERCEDES;E 220;test
M10MCDVPPS0V510;MERCEDES;E 220;test
M10MCDVPPS0W511;MERCEDES;E 220;test
M10MCDVPPS0X512;MERCEDES;E 220;test
M10MCDVPPS0Y513;MERCEDES;E 220;test
M10MCDVPPS0Z514;MERCEDES;E 220;test
M10MCDVPPS12128;MERCEDES;E 220;test
M10MCDVPPS13129;MERCEDES;E 220;test
M10MCDVPPS14166;MERCEDES;E 220;test
M10MCDVPPS15167;MERCEDES;E 220;test
M10MCDVPPS16168;MERCEDES;E 220;test
M10MCDVPPS17169;MERCEDES;E 220;test
M10MCDVPPS18170;MERCEDES;E 220;test
M10MCDVPPS19171;MERCEDES;E 220;test
M10MCDVPPS1A172;MERCEDES;E 220;test
M10MCDVPPS1B173;MERCEDES;E 220;test
M10MCDVPPS1C174;MERCEDES;E 220;test
M10MCDVPPS1D175;MERCEDES;E 220;test
M10MCDVPPS1E176;MERCEDES;E 220;test
M10MCDVPPS1F177;MERCEDES;E 220;test
M10MCDVPPS1G178;MERCEDES;E 220;test
M10MCDVPPS1H179;MERCEDES;E 220;test
M10MCDVPPS1J180;MERCEDES;E 220;test
M10MCDVPPS1J181;MERCEDES;E 220;test
M10MCDVPPS1K182;MERCEDES;E 220;test
M10MCDVPPS1L183;MERCEDES;E 220;test
M10MCDVPPS1M184;MERCEDES;E 220;test
M10MCDVPPS1N052;MERCEDES;E 220;test
M10MCDVPPS1N185;MERCEDES;E 220;test
M10MCDVPPS1P053;MERCEDES;E 220;test
M10MCDVPPS1P054;MERCEDES;E 220;test
M10MCDVPPS1P186;MERCEDES;E 220;test
M10MCDVPPS1P187;MERCEDES;E 220;test
M10MCDVPPS1R055;MERCEDES;E 220;test
M10MCDVPPS1R056;MERCEDES;E 220;test
M10MCDVPPS1R188;MERCEDES;E 220;test
M10MCDVPPS1R189;MERCEDES;E 220;test
M10MCDVPPS1S057;MERCEDES;E 220;test
M10MCDVPPS1T058;MERCEDES;E 220;test
M10MCDVPPS1U059;MERCEDES;E 220;test
M10MCDVPPS1V060;MERCEDES;E 220;test
M10MCDVPPS1W061;MERCEDES;E 220;test
M10MCDVPPS1X062;MERCEDES;E 220;test
M10MCDVPPS1Y063;MERCEDES;E 220;test
M10MCDVPPU0N572;MERCEDES;E 220;test
M10MCDVPPU0P573;MERCEDES;E 220;test
M10MCDVPPU0P574;MERCEDES;E 220;test
M10MCDVPPU0R575;MERCEDES;E 220;test
M10MCDVPPU0R576;MERCEDES;E 220;test
M10MCDVPPU0S577;MERCEDES;E 220;test
M10MCDVPNT70024;MERCEDES;E 220;test
M10MCDVPNT70060;MERCEDES;E 220;test
M10MCDVPNT71025;MERCEDES;E 220;test
M10MCDVPNT72026;MERCEDES;E 220;test
M10MCDVPNT73027;MERCEDES;E 220;test
M10MCDVPNT74028;MERCEDES;E 220;test
M10MCDVPNT75029;MERCEDES;E 220;test
M10MCDVPNT76030;MERCEDES;E 220;test
M10MCDVPNT77031;MERCEDES;E 220;test
M10MCDVPNT78032;MERCEDES;E 220;test
M10MCDVPNT79033;MERCEDES;E 220;test
M10MCDVPNT7A034;MERCEDES;E 220;test
M10MCDVPNT7B035;MERCEDES;E 220;test
M10MCDVPNT7C036;MERCEDES;E 220;test
M10MCDVPNT7D001;MERCEDES;E 220;test
M10MCDVPNT7D037;MERCEDES;E 220;test
M10MCDVPNT7E002;MERCEDES;E 220;test
M10MCDVPNT7E038;MERCEDES;E 220;test
M10MCDVPNT7F003;MERCEDES;E 220;test
M10MCDVPNT7F039;MERCEDES;E 220;test
M10MCDVPNT7G004;MERCEDES;E 220;test
M10MCDVPNT7G040;MERCEDES;E 220;test
M10MCDVPNT7H005;MERCEDES;E 220;test
M10MCDVPNT7H041;MERCEDES;E 220;test
M10MCDVPNT7J006;MERCEDES;E 220;test
M10MCDVPNT7J007;MERCEDES;E 220;test
M10MCDVPNT7J042;MERCEDES;E 220;test
M10MCDVPNT7J043;MERCEDES;E 220;test
M10MCDVPNT7K008;MERCEDES;E 220;test
M10MCDVPNT7K044;MERCEDES;E 220;test
M10MCDVPNT7L009;MERCEDES;E 220;test
M10MCDVPNT7L045;MERCEDES;E 220;test
M10MCDVPNT7M010;MERCEDES;E 220;test
M10MCDVPNT7M046;MERCEDES;E 220;test
M10MCDVPNT7N011;MERCEDES;E 220;test
M10MCDVPNT7N047;MERCEDES;E 220;test
M10MCDVPNT7P012;MERCEDES;E 220;test
M10MCDVPNT7P013;MERCEDES;E 220;test
M10MCDVPNT7P048;MERCEDES;E 220;test
M10MCDVPNT7P049;MERCEDES;E 220;test
M10MCDVPNT7R014;MERCEDES;E 220;test
M10MCDVPNT7R015;MERCEDES;E 220;test
M10MCDVPNT7R050;MERCEDES;E 220;test
M10MCDVPNT7R051;MERCEDES;E 220;test
M10MCDVPNT7S016;MERCEDES;E 220;test
M10MCDVPNT7S052;MERCEDES;E 220;test
M10MCDVPNT7T017;MERCEDES;E 220;test
M10MCDVPNT7T053;MERCEDES;E 220;test
M10MCDVPNT7U018;MERCEDES;E 220;test
M10MCDVPNT7U054;MERCEDES;E 220;test
M10MCDVPNT7V019;MERCEDES;E 220;test
M10MCDVPNT7V055;MERCEDES;E 220;test
M10MCDVPNT7W020;MERCEDES;E 220;test
M10MCDVPNT7W056;MERCEDES;E 220;test
M10MCDVPNT7X021;MERCEDES;E 220;test
M10MCDVPNT7X057;MERCEDES;E 220;test
M10MCDVPNT7Y022;MERCEDES;E 220;test
M10MCDVPNT7Y058;MERCEDES;E 220;test
M10MCDVPNT7Z023;MERCEDES;E 220;test
M10MCDVPNT7Z059;MERCEDES;E 220;test
M10MCDVPPS0H532;MERCEDES;E 220;test
M10MCDVPPS0J533;MERCEDES;E 220;test
M10MCDVPPS0J534;MERCEDES;E 220;test
M10MCDVPPS0J788;MERCEDES;E 220;test
M10MCDVPPS0J789;MERCEDES;E 220;test
M10MCDVPPS0K535;MERCEDES;E 220;test
M10MCDVPPS0K790;MERCEDES;E 220;test
M10MCDVPPS0L536;MERCEDES;E 220;test
M10MCDVPPS0L791;MERCEDES;E 220;test
M10MCDVPPS0M537;MERCEDES;E 220;test
M10MCDVPPS0M792;MERCEDES;E 220;test
M10MCDVPPS0N538;MERCEDES;E 220;test
M10MCDVPPS0N793;MERCEDES;E 220;test
M10MCDVPPS0P539;MERCEDES;E 220;test
M10MCDVPPS0P540;MERCEDES;E 220;test
M10MCDVPPS0P794;MERCEDES;E 220;test
M10MCDVPPS0P795;MERCEDES;E 220;test
M10MCDVPPS0R541;MERCEDES;E 220;test
M10MCDVPPS0R542;MERCEDES;E 220;test
M10MCDVPPS0R796;MERCEDES;E 220;test
M10MCDVPPS0R797;MERCEDES;E 220;test
M10MCDVPPS0S543;MERCEDES;E 220;test
M10MCDVPPS0S798;MERCEDES;E 220;test
M10MCDVPPS0T544;MERCEDES;E 220;test
M10MCDVPPS0T799;MERCEDES;E 220;test
M10MCDVPPS0U545;MERCEDES;E 220;test
M10MCDVPPS0U800;MERCEDES;E 220;test
M10MCDVPPS0V546;MERCEDES;E 220;test
M10MCDVPPS0V801;MERCEDES;E 220;test
M10MCDVPPS0W547;MERCEDES;E 220;test
M10MCDVPPS10065;MERCEDES;E 220;test
M10MCDVPPS11066;MERCEDES;E 220;test
M10MCDVPPS12067;MERCEDES;E 220;test
M10MCDVPPS13068;MERCEDES;E 220;test
M10MCDVPPS14069;MERCEDES;E 220;test
M10MCDVPPS14130;MERCEDES;E 220;test
M10MCDVPPS15131;MERCEDES;E 220;test
M10MCDVPPS17194;MERCEDES;E 220;test
M10MCDVPPS18195;MERCEDES;E 220;test
M10MCDVPPS19196;MERCEDES;E 220;test
M10MCDVPPS1A197;MERCEDES;E 220;test
M10MCDVPPS1B198;MERCEDES;E 220;test
M10MCDVPPS1C199;MERCEDES;E 220;test
M10MCDVPPS1D200;MERCEDES;E 220;test
M10MCDVPPS1E201;MERCEDES;E 220;test
M10MCDVPPS1S190;MERCEDES;E 220;test
M10MCDVPPS1T191;MERCEDES;E 220;test
M10MCDVPPS1U192;MERCEDES;E 220;test
M10MCDVPPS1V193;MERCEDES;E 220;test
M10MCDVPPS1Z064;MERCEDES;E 220;test
M10MCDVPPU08582;MERCEDES;E 220;test
M10MCDVPPU09583;MERCEDES;E 220;test
M10MCDVPPU0T578;MERCEDES;E 220;test
M10MCDVPPU0U579;MERCEDES;E 220;test
M10MCDVPPU0V580;MERCEDES;E 220;test
M10MCDVPPU0W581;MERCEDES;E 220;test
M10MCDVPFY6M438;MERCEDES;E 250;entrainement
M10MCDVPFY6P440;MERCEDES;E 250;entrainement
M10MCDVPFY6P441;MERCEDES;E 250;entrainement
M10MCDVPFY6R443;MERCEDES;E 250;entrainement
M10MCDVPFY6S444;MERCEDES;E 250;entrainement
M10MCDVPFY6U446;MERCEDES;E 250;entrainement
M10MCDVPGW7B754;MERCEDES;E 250;entrainement
M10MCDVPGW7C755;MERCEDES;E 250;entrainement
M10MCDVPGW7D756;MERCEDES;E 250;entrainement
M10MCDVPGW7E757;MERCEDES;E 250;entrainement
M10MCDVPGW7F758;MERCEDES;E 250;entrainement
M10MCDVPGW7G759;MERCEDES;E 250;entrainement
M10MCDVPGW7H760;MERCEDES;E 250;entrainement
M10MCDVPGW7J761;MERCEDES;E 250;entrainement
M10MCDVPKP53582;MERCEDES;E 250;entrainement
M10MCDVPKP54583;MERCEDES;E 250;entrainement
M10MCDVPKP55584;MERCEDES;E 250;entrainement
M10MCDVPKP56585;MERCEDES;E 250;entrainement
M10MCDVPKP57586;MERCEDES;E 250;entrainement
M10MCDVPKP58587;MERCEDES;E 250;entrainement
M10MCDVPKP59297;MERCEDES;E 250;entrainement
M10MCDVPKP59588;MERCEDES;E 250;entrainement
M10MCDVPKP5A298;MERCEDES;E 250;entrainement
M10MCDVPKP5A589;MERCEDES;E 250;entrainement
M10MCDVPKP5B299;MERCEDES;E 250;entrainement
M10MCDVPKP5B590;MERCEDES;E 250;entrainement
M10MCDVPKP5C300;MERCEDES;E 250;entrainement
M10MCDVPKP5C591;MERCEDES;E 250;entrainement
M10MCDVPKP5D301;MERCEDES;E 250;entrainement
M10MCDVPKP5D592;MERCEDES;E 250;entrainement
M10MCDVPKP5E302;MERCEDES;E 250;entrainement
M10MCDVPKP5E593;MERCEDES;E 250;entrainement
M10MCDVPKP5F303;MERCEDES;E 250;entrainement
M10MCDVPKP5F594;MERCEDES;E 250;entrainement
M10MCDVPKP5G304;MERCEDES;E 250;entrainement
M10MCDVPKP5G595;MERCEDES;E 250;entrainement
M10MCDVPKP5H305;MERCEDES;E 250;entrainement
M10MCDVPKP5H596;MERCEDES;E 250;entrainement
M10MCDVPKP5J306;MERCEDES;E 250;entrainement
M10MCDVPKP5J307;MERCEDES;E 250;entrainement
M10MCDVPKP5J597;MERCEDES;E 250;entrainement
M10MCDVPKP5J598;MERCEDES;E 250;entrainement
M10MCDVPKP5K308;MERCEDES;E 250;entrainement
M10MCDVPKP5L309;MERCEDES;E 250;entrainement
M10MCDVPKP5M310;MERCEDES;E 250;entrainement
M10MCDVPKP5N311;MERCEDES;E 250;entrainement
M10MCDVPKP5P312;MERCEDES;E 250;entrainement
M10MCDVPKP5P313;MERCEDES;E 250;entrainement
M10MCDVPKP5P579;MERCEDES;E 250;entrainement
M10MCDVPKP5R314;MERCEDES;E 250;entrainement
M10MCDVPKP5R315;MERCEDES;E 250;entrainement
M10MCDVPKP5R580;MERCEDES;E 250;entrainement
M10MCDVPKP5R581;MERCEDES;E 250;entrainement
M10MCDVPKP5S316;MERCEDES;E 250;entrainement
M10MCDVPKP5T317;MERCEDES;E 250;entrainement
M10MCDVPKP5U318;MERCEDES;E 250;entrainement
M10MCDVPKP5V319;MERCEDES;E 250;entrainement
M10MCDVPKP5W320;MERCEDES;E 250;entrainement
M10MCDVPKP6C105;MERCEDES;E 250;entrainement
M10MCDVPKP6D106;MERCEDES;E 250;entrainement
M10MCDVPKP6E107;MERCEDES;E 250;entrainement
M10MCDVPKP6F108;MERCEDES;E 250;entrainement
M10MCDVPKP6G109;MERCEDES;E 250;entrainement
M10MCDVPKP6H110;MERCEDES;E 250;entrainement
M10MCDVPKP6J111;MERCEDES;E 250;entrainement
M10MCDVPKP6J112;MERCEDES;E 250;entrainement
M10MCDVPKP6K113;MERCEDES;E 250;entrainement
M10MCDVPKP6L114;MERCEDES;E 250;entrainement
M10MCDVPKP6M115;MERCEDES;E 250;entrainement
M10MCDVPKP6N116;MERCEDES;E 250;entrainement
M10MCDVPKP6P117;MERCEDES;E 250;entrainement
M10MCDVPKP6P118;MERCEDES;E 250;entrainement
M10MCDVPKP6R119;MERCEDES;E 250;entrainement
M10MCDVPKP6R120;MERCEDES;E 250;entrainement
M10MCDVPKP6S121;MERCEDES;E 250;entrainement
M10MCDVPKP6T122;MERCEDES;E 250;entrainement
M10MCDVPKP6U123;MERCEDES;E 250;entrainement
M10MCDVPKP6V124;MERCEDES;E 250;entrainement
M10MCDVPKV66747;MERCEDES;E 250;entrainement
M10MCDVPKV67748;MERCEDES;E 250;entrainement
M10MCDVPKV68749;MERCEDES;E 250;entrainement
M10MCDVPKV69750;MERCEDES;E 250;entrainement
M10MCDVPKV6A751;MERCEDES;E 250;entrainement
M10MCDVPKV6A776;MERCEDES;E 250;entrainement
M10MCDVPKV6B752;MERCEDES;E 250;entrainement
M10MCDVPKV6B777;MERCEDES;E 250;entrainement
M10MCDVPKV6C753;MERCEDES;E 250;entrainement
M10MCDVPKV6C778;MERCEDES;E 250;entrainement
M10MCDVPKV6D754;MERCEDES;E 250;entrainement
M10MCDVPKV6D779;MERCEDES;E 250;entrainement
M10MCDVPKV6E755;MERCEDES;E 250;entrainement
M10MCDVPKV6E780;MERCEDES;E 250;entrainement
M10MCDVPKV6F756;MERCEDES;E 250;entrainement
M10MCDVPKV6F781;MERCEDES;E 250;entrainement
M10MCDVPKV6G757;MERCEDES;E 250;entrainement
M10MCDVPKV6G782;MERCEDES;E 250;entrainement
M10MCDVPKV6H758;MERCEDES;E 250;entrainement
M10MCDVPKV6H783;MERCEDES;E 250;entrainement
M10MCDVPKV6J759;MERCEDES;E 250;entrainement
M10MCDVPKV6J760;MERCEDES;E 250;entrainement
M10MCDVPKV6J784;MERCEDES;E 250;entrainement
M10MCDVPKV6J785;MERCEDES;E 250;entrainement
M10MCDVPKV6K761;MERCEDES;E 250;entrainement
M10MCDVPKV6K786;MERCEDES;E 250;entrainement
M10MCDVPKV6L762;MERCEDES;E 250;entrainement
M10MCDVPKV6M763;MERCEDES;E 250;entrainement
M10MCDVPKV6N764;MERCEDES;E 250;entrainement
M10MCDVPKV6P765;MERCEDES;E 250;entrainement
M10MCDVPKV6P766;MERCEDES;E 250;entrainement
M10MCDVPKV6R767;MERCEDES;E 250;entrainement
M10MCDVPKV6R768;MERCEDES;E 250;entrainement
M10MCDVPKV6S769;MERCEDES;E 250;entrainement
M10MCDVPKV6T770;MERCEDES;E 250;entrainement
M10MCDVPKV6U771;MERCEDES;E 250;entrainement
M10MCDVPKV6V772;MERCEDES;E 250;entrainement
M10MCDVPKV6W773;MERCEDES;E 250;entrainement
M10MCDVPKV6X774;MERCEDES;E 250;entrainement
M10MCDVPKV6Y775;MERCEDES;E 250;entrainement
M10MCDVPNT60704;MERCEDES;E 250;entrainement
M10MCDVPNT61705;MERCEDES;E 250;entrainement
M10MCDVPNT62706;MERCEDES;E 250;entrainement
M10MCDVPNT63707;MERCEDES;E 250;entrainement
M10MCDVPNT64708;MERCEDES;E 250;entrainement
M10MCDVPNT65709;MERCEDES;E 250;entrainement
M10MCDVPNT66710;MERCEDES;E 250;entrainement
M10MCDVPNT67711;MERCEDES;E 250;entrainement
M10MCDVPNT68712;MERCEDES;E 250;entrainement
M10MCDVPNT6B679;MERCEDES;E 250;entrainement
M10MCDVPNT6C680;MERCEDES;E 250;entrainement
M10MCDVPNT6D681;MERCEDES;E 250;entrainement
M10MCDVPNT6E657;MERCEDES;E 250;entrainement
M10MCDVPNT6E682;MERCEDES;E 250;entrainement
M10MCDVPNT6F658;MERCEDES;E 250;entrainement
M10MCDVPNT6F683;MERCEDES;E 250;entrainement
M10MCDVPNT6G659;MERCEDES;E 250;entrainement
M10MCDVPNT6G684;MERCEDES;E 250;entrainement
M10MCDVPNT6H660;MERCEDES;E 250;entrainement
M10MCDVPNT6H685;MERCEDES;E 250;entrainement
M10MCDVPNT6J661;MERCEDES;E 250;entrainement
M10MCDVPNT6J662;MERCEDES;E 250;entrainement
M10MCDVPNT6J686;MERCEDES;E 250;entrainement
M10MCDVPNT6J687;MERCEDES;E 250;entrainement
M10MCDVPNT6K663;MERCEDES;E 250;entrainement
M10MCDVPNT6K688;MERCEDES;E 250;entrainement
M10MCDVPNT6L664;MERCEDES;E 250;entrainement
M10MCDVPNT6L689;MERCEDES;E 250;entrainement
M10MCDVPNT6M665;MERCEDES;E 250;entrainement
M10MCDVPNT6M690;MERCEDES;E 250;entrainement
M10MCDVPNT6N666;MERCEDES;E 250;entrainement
M10MCDVPNT6N691;MERCEDES;E 250;entrainement
M10MCDVPNT6P667;MERCEDES;E 250;entrainement
M10MCDVPNT6P668;MERCEDES;E 250;entrainement
M10MCDVPNT6P692;MERCEDES;E 250;entrainement
M10MCDVPNT6P693;MERCEDES;E 250;entrainement
M10MCDVPNT6R669;MERCEDES;E 250;entrainement
M10MCDVPNT6R670;MERCEDES;E 250;entrainement
M10MCDVPNT6R694;MERCEDES;E 250;entrainement
M10MCDVPNT6R695;MERCEDES;E 250;entrainement
M10MCDVPNT6S671;MERCEDES;E 250;entrainement
M10MCDVPNT6S696;MERCEDES;E 250;entrainement
M10MCDVPNT6T672;MERCEDES;E 250;entrainement
M10MCDVPNT6T697;MERCEDES;E 250;entrainement
M10MCDVPNT6U673;MERCEDES;E 250;entrainement
M10MCDVPNT6U698;MERCEDES;E 250;entrainement
M10MCDVPNT6V674;MERCEDES;E 250;entrainement
M10MCDVPNT6V699;MERCEDES;E 250;entrainement
M10MCDVPNT6W675;MERCEDES;E 250;entrainement
M10MCDVPNT6W700;MERCEDES;E 250;entrainement
M10MCDVPNT6X676;MERCEDES;E 250;entrainement
M10MCDVPNT6X701;MERCEDES;E 250;entrainement
M10MCDVPNT6Y677;MERCEDES;E 250;entrainement
M10MCDVPNT6Y702;MERCEDES;E 250;entrainement
M10MCDVPNT6Z678;MERCEDES;E 250;entrainement
M10MCDVPNT6Z703;MERCEDES;E 250;entrainement
M10MCDVPNT7B653;MERCEDES;E 250;entrainement
M10MCDVPNT7C654;MERCEDES;E 250;entrainement
M10MCDVPNT7D655;MERCEDES;E 250;entrainement
M10MCDVPNT7E656;MERCEDES;E 250;entrainement
M10MCDVPNT7F657;MERCEDES;E 250;entrainement
M10MCDVPNT7G658;MERCEDES;E 250;entrainement
M10MCDVPNT7H659;MERCEDES;E 250;entrainement
M10MCDVPNT7J660;MERCEDES;E 250;entrainement
M10MCDVPNT7J661;MERCEDES;E 250;entrainement
M10MCDVPNT7K662;MERCEDES;E 250;entrainement
M10MCDVPNT7L663;MERCEDES;E 250;entrainement
M10MCDVPNT7M664;MERCEDES;E 250;entrainement
M10MCDVPNT7N665;MERCEDES;E 250;entrainement
M10MCDVPNT7P666;MERCEDES;E 250;entrainement
M10MCDVPNT7P667;MERCEDES;E 250;entrainement
M10MCDVPNT7R668;MERCEDES;E 250;entrainement
M10MCDVPNT7R669;MERCEDES;E 250;entrainement
M10MCDVPNT7S670;MERCEDES;E 250;entrainement
M10MCDVPNT7T671;MERCEDES;E 250;entrainement
M10MCDVPNT7U672;MERCEDES;E 250;entrainement
M10MCDVPPS00454;MERCEDES;E 250;entrainement
M10MCDVPPS00709;MERCEDES;E 250;entrainement
M10MCDVPPS01455;MERCEDES;E 250;entrainement
M10MCDVPPS01710;MERCEDES;E 250;entrainement
M10MCDVPPS02456;MERCEDES;E 250;entrainement
M10MCDVPPS02711;MERCEDES;E 250;entrainement
M10MCDVPPS03457;MERCEDES;E 250;entrainement
M10MCDVPPS03712;MERCEDES;E 250;entrainement
M10MCDVPPS04458;MERCEDES;E 250;entrainement
M10MCDVPPS04713;MERCEDES;E 250;entrainement
M10MCDVPPS05459;MERCEDES;E 250;entrainement
M10MCDVPPS05714;MERCEDES;E 250;entrainement
M10MCDVPPS06460;MERCEDES;E 250;entrainement
M10MCDVPPS06715;MERCEDES;E 250;entrainement
M10MCDVPPS07461;MERCEDES;E 250;entrainement
M10MCDVPPS07716;MERCEDES;E 250;entrainement
M10MCDVPPS08462;MERCEDES;E 250;entrainement
M10MCDVPPS08717;MERCEDES;E 250;entrainement
M10MCDVPPS09463;MERCEDES;E 250;entrainement
M10MCDVPPS09718;MERCEDES;E 250;entrainement
M10MCDVPPS0A464;MERCEDES;E 250;entrainement
M10MCDVPPS0A719;MERCEDES;E 250;entrainement
M10MCDVPPS0B465;MERCEDES;E 250;entrainement
M10MCDVPPS0B720;MERCEDES;E 250;entrainement
M10MCDVPPS0C466;MERCEDES;E 250;entrainement
M10MCDVPPS0C721;MERCEDES;E 250;entrainement
M10MCDVPPS0D467;MERCEDES;E 250;entrainement
M10MCDVPPS0D722;MERCEDES;E 250;entrainement
M10MCDVPPS0E723;MERCEDES;E 250;entrainement
M10MCDVPPS0F724;MERCEDES;E 250;entrainement
M10MCDVPPS0G725;MERCEDES;E 250;entrainement
M10MCDVPPS0H726;MERCEDES;E 250;entrainement
M10MCDVPPS0J436;MERCEDES;E 250;entrainement
M10MCDVPPS0J437;MERCEDES;E 250;entrainement
M10MCDVPPS0J727;MERCEDES;E 250;entrainement
M10MCDVPPS0J728;MERCEDES;E 250;entrainement
M10MCDVPPS0K438;MERCEDES;E 250;entrainement
M10MCDVPPS0K729;MERCEDES;E 250;entrainement
M10MCDVPPS0L439;MERCEDES;E 250;entrainement
M10MCDVPPS0L730;MERCEDES;E 250;entrainement
M10MCDVPPS0M440;MERCEDES;E 250;entrainement
M10MCDVPPS0M731;MERCEDES;E 250;entrainement
M10MCDVPPS0N441;MERCEDES;E 250;entrainement
M10MCDVPPS0P442;MERCEDES;E 250;entrainement
M10MCDVPPS0P443;MERCEDES;E 250;entrainement
M10MCDVPPS0R444;MERCEDES;E 250;entrainement
M10MCDVPPS0R445;MERCEDES;E 250;entrainement
M10MCDVPPS0S446;MERCEDES;E 250;entrainement
M10MCDVPPS0T447;MERCEDES;E 250;entrainement
M10MCDVPPS0U448;MERCEDES;E 250;entrainement
M10MCDVPPS0V449;MERCEDES;E 250;entrainement
M10MCDVPPS0V704;MERCEDES;E 250;entrainement
M10MCDVPPS0W450;MERCEDES;E 250;entrainement
M10MCDVPPS0W705;MERCEDES;E 250;entrainement
M10MCDVPPS0X451;MERCEDES;E 250;entrainement
M10MCDVPPS0X706;MERCEDES;E 250;entrainement
M10MCDVPPS0Y452;MERCEDES;E 250;entrainement
M10MCDVPPS0Y707;MERCEDES;E 250;entrainement
M10MCDVPPS0Z453;MERCEDES;E 250;entrainement
M10MCDVPPS0Z708;MERCEDES;E 250;entrainement
M10MCDVPPS10029;MERCEDES;E 250;entrainement
M10MCDVPPS11030;MERCEDES;E 250;entrainement
M10MCDVPPS12031;MERCEDES;E 250;entrainement
M10MCDVPPS13032;MERCEDES;E 250;entrainement
M10MCDVPPS14033;MERCEDES;E 250;entrainement
M10MCDVPPS15034;MERCEDES;E 250;entrainement
M10MCDVPPS16035;MERCEDES;E 250;entrainement
M10MCDVPPS17036;MERCEDES;E 250;entrainement
M10MCDVPPS18037;MERCEDES;E 250;entrainement
M10MCDVPPS18134;MERCEDES;E 250;entrainement
M10MCDVPPS19038;MERCEDES;E 250;entrainement
M10MCDVPPS19135;MERCEDES;E 250;entrainement
M10MCDVPPS1A039;MERCEDES;E 250;entrainement
M10MCDVPPS1A136;MERCEDES;E 250;entrainement
M10MCDVPPS1B137;MERCEDES;E 250;entrainement
M10MCDVPPS1C138;MERCEDES;E 250;entrainement
M10MCDVPPS1D139;MERCEDES;E 250;entrainement
M10MCDVPPS1E140;MERCEDES;E 250;entrainement
M10MCDVPPS1F141;MERCEDES;E 250;entrainement
M10MCDVPPS1G142;MERCEDES;E 250;entrainement
M10MCDVPPS1H143;MERCEDES;E 250;entrainement
M10MCDVPPS1J144;MERCEDES;E 250;entrainement
M10MCDVPPS1J145;MERCEDES;E 250;entrainement
M10MCDVPPS1K146;MERCEDES;E 250;entrainement
M10MCDVPPS1L147;MERCEDES;E 250;entrainement
M10MCDVPPS1M148;MERCEDES;E 250;entrainement
M10MCDVPPS1N149;MERCEDES;E 250;entrainement
M10MCDVPPS1Z028;MERCEDES;E 250;entrainement
M10MCDVPKP61227;MERCEDES;E 300;calibration
M10MCDVPKP62228;MERCEDES;E 300;calibration
M10MCDVPKP63229;MERCEDES;E 300;calibration
M10MCDVPKP64230;MERCEDES;E 300;calibration
M10MCDVPKP65231;MERCEDES;E 300;calibration
M10MCDVPKP66232;MERCEDES;E 300;calibration
M10MCDVPKP67233;MERCEDES;E 300;calibration
M10MCDVPKP68234;MERCEDES;E 300;calibration
M10MCDVPKV71511;MERCEDES;E 300;calibration
M10MCDVPKV72512;MERCEDES;E 300;calibration
M10MCDVPKV73513;MERCEDES;E 300;calibration
M10MCDVPKV74514;MERCEDES;E 300;calibration
M10MCDVPKV75515;MERCEDES;E 300;calibration
M10MCDVPKV76516;MERCEDES;E 300;calibration
M10MCDVPKV77517;MERCEDES;E 300;calibration
M10MCDVPKV78518;MERCEDES;E 300;calibration
M10MCDVPKV79519;MERCEDES;E 300;calibration
M10MCDVPKV7A520;MERCEDES;E 300;calibration
M10MCDVPKV7B521;MERCEDES;E 300;calibration
M10MCDVPKV7C522;MERCEDES;E 300;calibration
M10MCDVPKV7D523;MERCEDES;E 300;calibration
M10MCDVPKV7E524;MERCEDES;E 300;calibration
M10MCDVPKV7F525;MERCEDES;E 300;calibration
M10MCDVPKV7G526;MERCEDES;E 300;calibration
M10MCDVPNT70581;MERCEDES;E 300;calibration
M10MCDVPNT7C582;MERCEDES;E 300;calibration
M10MCDVPNT7D583;MERCEDES;E 300;calibration
M10MCDVPNT7E584;MERCEDES;E 300;calibration
M10MCDVPNT7F585;MERCEDES;E 300;calibration
M10MCDVPNT7G586;MERCEDES;E 300;calibration
M10MCDVPNT7H587;MERCEDES;E 300;calibration
M10MCDVPNT7J588;MERCEDES;E 300;calibration
M10MCDVPNT7J589;MERCEDES;E 300;calibration
M10MCDVPNT7K590;MERCEDES;E 300;calibration
M10MCDVPNT7L591;MERCEDES;E 300;calibration
M10MCDVPNT7M592;MERCEDES;E 300;calibration
M10MCDVPNT7N593;MERCEDES;E 300;calibration
M10MCDVPNT7P594;MERCEDES;E 300;calibration
M10MCDVPNT7P595;MERCEDES;E 300;calibration
M10MCDVPNT7R596;MERCEDES;E 300;calibration
M10MCDVPNT7R597;MERCEDES;E 300;calibration
M10MCDVPNT7S598;MERCEDES;E 300;calibration
M10MCDVPNT7T599;MERCEDES;E 300;calibration
M10MCDVPNT7U600;MERCEDES;E 300;calibration
M10MCDVPPS10320;MERCEDES;E 300;calibration
M10MCDVPPS11321;MERCEDES;E 300;calibration
M10MCDVPPS1N088;MERCEDES;E 300;calibration
M10MCDVPPS1P089;MERCEDES;E 300;calibration
M10MCDVPPS1P090;MERCEDES;E 300;calibration
M10MCDVPPS1R091;MERCEDES;E 300;calibration
M10MCDVPPS1R092;MERCEDES;E 300;calibration
M10MCDVPPS1S093;MERCEDES;E 300;calibration
M10MCDVPPS1Y318;MERCEDES;E 300;calibration
M10MCDVPPS1Z319;MERCEDES;E 300;calibration
M10MCDVPKP53521;MERCEDES;E 350;entrainement
M10MCDVPKP54522;MERCEDES;E 350;entrainement
M10MCDVPKP54777;MERCEDES;E 350;entrainement
M10MCDVPKP55523;MERCEDES;E 350;entrainement
M10MCDVPKP55778;MERCEDES;E 350;entrainement
M10MCDVPKP56524;MERCEDES;E 350;entrainement
M10MCDVPKP56779;MERCEDES;E 350;entrainement
M10MCDVPKP57525;MERCEDES;E 350;entrainement
M10MCDVPKP57780;MERCEDES;E 350;entrainement
M10MCDVPKP58526;MERCEDES;E 350;entrainement
M10MCDVPKP58781;MERCEDES;E 350;entrainement
M10MCDVPKP59527;MERCEDES;E 350;entrainement
M10MCDVPKP59782;MERCEDES;E 350;entrainement
M10MCDVPKP5A528;MERCEDES;E 350;entrainement
M10MCDVPKP5A783;MERCEDES;E 350;entrainement
M10MCDVPKP5B529;MERCEDES;E 350;entrainement
M10MCDVPKP5B784;MERCEDES;E 350;entrainement
M10MCDVPKP5C530;MERCEDES;E 350;entrainement
M10MCDVPKP5C785;MERCEDES;E 350;entrainement
M10MCDVPKP5D786;MERCEDES;E 350;entrainement
M10MCDVPKP69235;MERCEDES;E 350;entrainement
M10MCDVPKP6A236;MERCEDES;E 350;entrainement
M10MCDVPKP6B237;MERCEDES;E 350;entrainement
M10MCDVPKP6C238;MERCEDES;E 350;entrainement
M10MCDVPKP6D239;MERCEDES;E 350;entrainement
M10MCDVPKP6E240;MERCEDES;E 350;entrainement
M10MCDVPKP6F241;MERCEDES;E 350;entrainement
M10MCDVPKP6G242;MERCEDES;E 350;entrainement
M10MCDVPKP6H243;MERCEDES;E 350;entrainement
M10MCDVPKP6J244;MERCEDES;E 350;entrainement
M10MCDVPKP6J245;MERCEDES;E 350;entrainement
M10MCDVPKP6K246;MERCEDES;E 350;entrainement
M10MCDVPKP6L247;MERCEDES;E 350;entrainement
M10MCDVPKP6M248;MERCEDES;E 350;entrainement
M10MCDVPKP6N249;MERCEDES;E 350;entrainement
M10MCDVPKP6P250;MERCEDES;E 350;entrainement
M10MCDVPKP6P251;MERCEDES;E 350;entrainement
M10MCDVPKP6R252;MERCEDES;E 350;entrainement
M10MCDVPKV70546;MERCEDES;E 350;entrainement
M10MCDVPKV71547;MERCEDES;E 350;entrainement
M10MCDVPKV72548;MERCEDES;E 350;entrainement
M10MCDVPKV73549;MERCEDES;E 350;entrainement
M10MCDVPKV74550;MERCEDES;E 350;entrainement
M10MCDVPKV75551;MERCEDES;E 350;entrainement
M10MCDVPKV76552;MERCEDES;E 350;entrainement
M10MCDVPKV77553;MERCEDES;E 350;entrainement
M10MCDVPKV78554;MERCEDES;E 350;entrainement
M10MCDVPKV79555;MERCEDES;E 350;entrainement
M10MCDVPKV7A556;MERCEDES;E 350;entrainement
M10MCDVPKV7B557;MERCEDES;E 350;entrainement
M10MCDVPKV7C558;MERCEDES;E 350;entrainement
M10MCDVPKV7D559;MERCEDES;E 350;entrainement
M10MCDVPKV7E560;MERCEDES;E 350;entrainement
M10MCDVPKV7F561;MERCEDES;E 350;entrainement
M10MCDVPKV7G562;MERCEDES;E 350;entrainement
M10MCDVPKV7H527;MERCEDES;E 350;entrainement
M10MCDVPKV7J528;MERCEDES;E 350;entrainement
M10MCDVPKV7J529;MERCEDES;E 350;entrainement
M10MCDVPKV7K530;MERCEDES;E 350;entrainement
M10MCDVPKV7L531;MERCEDES;E 350;entrainement
M10MCDVPKV7M532;MERCEDES;E 350;entrainement
M10MCDVPKV7N533;MERCEDES;E 350;entrainement
M10MCDVPKV7P534;MERCEDES;E 350;entrainement
M10MCDVPKV7P535;MERCEDES;E 350;entrainement
M10MCDVPKV7R536;MERCEDES;E 350;entrainement
M10MCDVPKV7R537;MERCEDES;E 350;entrainement
M10MCDVPKV7S538;MERCEDES;E 350;entrainement
M10MCDVPKV7T539;MERCEDES;E 350;entrainement
M10MCDVPKV7U540;MERCEDES;E 350;entrainement
M10MCDVPKV7V541;MERCEDES;E 350;entrainement
M10MCDVPKV7W542;MERCEDES;E 350;entrainement
M10MCDVPKV7X543;MERCEDES;E 350;entrainement
M10MCDVPKV7Y544;MERCEDES;E 350;entrainement
M10MCDVPKV7Z545;MERCEDES;E 350;entrainement
M10MCDVPNT70606;MERCEDES;E 350;entrainement
M10MCDVPNT70642;MERCEDES;E 350;entrainement
M10MCDVPNT71607;MERCEDES;E 350;entrainement
M10MCDVPNT71643;MERCEDES;E 350;entrainement
M10MCDVPNT72608;MERCEDES;E 350;entrainement
M10MCDVPNT72644;MERCEDES;E 350;entrainement
M10MCDVPNT73609;MERCEDES;E 350;entrainement
M10MCDVPNT73645;MERCEDES;E 350;entrainement
M10MCDVPNT74610;MERCEDES;E 350;entrainement
M10MCDVPNT74646;MERCEDES;E 350;entrainement
M10MCDVPNT75611;MERCEDES;E 350;entrainement
M10MCDVPNT75647;MERCEDES;E 350;entrainement
M10MCDVPNT76612;MERCEDES;E 350;entrainement
M10MCDVPNT76648;MERCEDES;E 350;entrainement
M10MCDVPNT77613;MERCEDES;E 350;entrainement
M10MCDVPNT77649;MERCEDES;E 350;entrainement
M10MCDVPNT78614;MERCEDES;E 350;entrainement
M10MCDVPNT78650;MERCEDES;E 350;entrainement
M10MCDVPNT79615;MERCEDES;E 350;entrainement
M10MCDVPNT79651;MERCEDES;E 350;entrainement
M10MCDVPNT7A616;MERCEDES;E 350;entrainement
M10MCDVPNT7A652;MERCEDES;E 350;entrainement
M10MCDVPNT7B617;MERCEDES;E 350;entrainement
M10MCDVPNT7C618;MERCEDES;E 350;entrainement
M10MCDVPNT7D619;MERCEDES;E 350;entrainement
M10MCDVPNT7E620;MERCEDES;E 350;entrainement
M10MCDVPNT7F621;MERCEDES;E 350;entrainement
M10MCDVPNT7G622;MERCEDES;E 350;entrainement
M10MCDVPNT7H623;MERCEDES;E 350;entrainement
M10MCDVPNT7J624;MERCEDES;E 350;entrainement
M10MCDVPNT7J625;MERCEDES;E 350;entrainement
M10MCDVPNT7K626;MERCEDES;E 350;entrainement
M10MCDVPNT7L627;MERCEDES;E 350;entrainement
M10MCDVPNT7M628;MERCEDES;E 350;entrainement
M10MCDVPNT7N629;MERCEDES;E 350;entrainement
M10MCDVPNT7P630;MERCEDES;E 350;entrainement
M10MCDVPNT7P631;MERCEDES;E 350;entrainement
M10MCDVPNT7R632;MERCEDES;E 350;entrainement
M10MCDVPNT7R633;MERCEDES;E 350;entrainement
M10MCDVPNT7S634;MERCEDES;E 350;entrainement
M10MCDVPNT7T635;MERCEDES;E 350;entrainement
M10MCDVPNT7U636;MERCEDES;E 350;entrainement
M10MCDVPNT7V601;MERCEDES;E 350;entrainement
M10MCDVPNT7V637;MERCEDES;E 350;entrainement
M10MCDVPNT7W602;MERCEDES;E 350;entrainement
M10MCDVPNT7W638;MERCEDES;E 350;entrainement
M10MCDVPNT7X603;MERCEDES;E 350;entrainement
M10MCDVPNT7X639;MERCEDES;E 350;entrainement
M10MCDVPNT7Y604;MERCEDES;E 350;entrainement
M10MCDVPNT7Y640;MERCEDES;E 350;entrainement
M10MCDVPNT7Z605;MERCEDES;E 350;entrainement
M10MCDVPNT7Z641;MERCEDES;E 350;entrainement
M10MCDVPPS00939;MERCEDES;E 350;entrainement
M10MCDVPPS01940;MERCEDES;E 350;entrainement
M10MCDVPPS02941;MERCEDES;E 350;entrainement
M10MCDVPPS03942;MERCEDES;E 350;entrainement
M10MCDVPPS04943;MERCEDES;E 350;entrainement
M10MCDVPPS05944;MERCEDES;E 350;entrainement
M10MCDVPPS06945;MERCEDES;E 350;entrainement
M10MCDVPPS0H690;MERCEDES;E 350;entrainement
M10MCDVPPS0J691;MERCEDES;E 350;entrainement
M10MCDVPPS0J692;MERCEDES;E 350;entrainement
M10MCDVPPS0K693;MERCEDES;E 350;entrainement
M10MCDVPPS0L694;MERCEDES;E 350;entrainement
M10MCDVPPS0M695;MERCEDES;E 350;entrainement
M10MCDVPPS0N696;MERCEDES;E 350;entrainement
M10MCDVPPS0P697;MERCEDES;E 350;entrainement
M10MCDVPPS0P698;MERCEDES;E 350;entrainement
M10MCDVPPS0R699;MERCEDES;E 350;entrainement
M10MCDVPPS0R700;MERCEDES;E 350;entrainement
M10MCDVPPS0S701;MERCEDES;E 350;entrainement
M10MCDVPPS0T702;MERCEDES;E 350;entrainement
M10MCDVPPS0T932;MERCEDES;E 350;entrainement
M10MCDVPPS0U703;MERCEDES;E 350;entrainement
M10MCDVPPS0U933;MERCEDES;E 350;entrainement
M10MCDVPPS0V934;MERCEDES;E 350;entrainement
M10MCDVPPS0W935;MERCEDES;E 350;entrainement
M10MCDVPPS0X936;MERCEDES;E 350;entrainement
M10MCDVPPS0Y937;MERCEDES;E 350;entrainement
M10MCDVPPS0Z938;MERCEDES;E 350;entrainement
M10MCDVPPS12322;MERCEDES;E 350;entrainement
M10MCDVPPS13323;MERCEDES;E 350;entrainement
M10MCDVPPS14324;MERCEDES;E 350;entrainement
M10MCDVPPS15325;MERCEDES;E 350;entrainement
M10MCDVPPS16326;MERCEDES;E 350;entrainement
M10MCDVPPS17097;MERCEDES;E 350;entrainement
M10MCDVPPS17327;MERCEDES;E 350;entrainement
M10MCDVPPS18098;MERCEDES;E 350;entrainement
M10MCDVPPS18328;MERCEDES;E 350;entrainement
M10MCDVPPS19099;MERCEDES;E 350;entrainement
M10MCDVPPS19329;MERCEDES;E 350;entrainement
M10MCDVPPS1A100;MERCEDES;E 350;entrainement
M10MCDVPPS1A330;MERCEDES;E 350;entrainement
M10MCDVPPS1B101;MERCEDES;E 350;entrainement
M10MCDVPPS1B331;MERCEDES;E 350;entrainement
M10MCDVPPS1C102;MERCEDES;E 350;entrainement
M10MCDVPPS1C332;MERCEDES;E 350;entrainement
M10MCDVPPS1D103;MERCEDES;E 350;entrainement
M10MCDVPPS1D333;MERCEDES;E 350;entrainement
M10MCDVPPS1E334;MERCEDES;E 350;entrainement
M10MCDVPPS1F335;MERCEDES;E 350;entrainement
M10MCDVPPS1G336;MERCEDES;E 350;entrainement
M10MCDVPPS1H337;MERCEDES;E 350;entrainement
M10MCDVPPS1T094;MERCEDES;E 350;entrainement
M10MCDVPPS1U095;MERCEDES;E 350;entrainement
M10MCDVPPS1V096;MERCEDES;E 350;entrainement
M1GMCDVPGE3G341;MERCEDES;G 500;entrainement
M1GMCDVPGE3H342;MERCEDES;G 500;entrainement
M1GMCDVPGE3J343;MERCEDES;G 500;entrainement
M1GMCDVPGE3J344;MERCEDES;G 500;entrainement
M1GMCDVPGE3K345;MERCEDES;G 500;entrainement
M1GMCDVPGE3L346;MERCEDES;G 500;entrainement
M1GMCDVPP17L188;MERCEDES;G 500;entrainement
M1GMCDVPP17M189;MERCEDES;G 500;entrainement
M1GMCDVPP17N190;MERCEDES;G 500;entrainement
M1GMCDVPP17P191;MERCEDES;G 500;entrainement
M1GMCDVPP17P192;MERCEDES;G 500;entrainement
M1GMCDVPP17R193;MERCEDES;G 500;entrainement
M1GMCDVPPS0E416;MERCEDES;G 500;entrainement
M1GMCDVPPS0F417;MERCEDES;G 500;entrainement
M1GMCDVPPS0G418;MERCEDES;G 500;entrainement
M1GMCDVPPS0H419;MERCEDES;G 500;entrainement
M1GMCDVPGE3P349;MERCEDES;G 63 AMG;entrainement
M1GMCDVPGE3P350;MERCEDES;G 63 AMG;entrainement
M1GMCDVPGE3R351;MERCEDES;G 63 AMG;entrainement
M1GMCDVPGE3R352;MERCEDES;G 63 AMG;entrainement
M1GMCDVPP175197;MERCEDES;G 63 AMG;entrainement
M1GMCDVPP176198;MERCEDES;G 63 AMG;entrainement
M1GMCDVPP177199;MERCEDES;G 63 AMG;entrainement
M1GMCDVPP178200;MERCEDES;G 63 AMG;entrainement
M1GMCDVPPS0M424;MERCEDES;G 63 AMG;entrainement
M1GMCDVPPS0N425;MERCEDES;G 63 AMG;entrainement
M1GMCDVPPS0P426;MERCEDES;G 63 AMG;entrainement
M1GMCDVPPS0P427;MERCEDES;G 63 AMG;entrainement
M1GMCDVPP172194;MERCEDES;G 65 AMG;entrainement
M1GMCDVPP173195;MERCEDES;G 65 AMG;entrainement
M1GMCDVPPS0K422;MERCEDES;G 65 AMG;entrainement
M1GMCDVPPS0L423;MERCEDES;G 65 AMG;entrainement
M1GMCDVPGE3S353;MERCEDES;G 350;calibration
M1GMCDVPGE3T354;MERCEDES;G 350;calibration
M1GMCDVPGE3U355;MERCEDES;G 350;calibration
M1GMCDVPGE3V356;MERCEDES;G 350;calibration
M1GMCDVPP179201;MERCEDES;G 350;calibration
M1GMCDVPP17A202;MERCEDES;G 350;calibration
M1GMCDVPP17B203;MERCEDES;G 350;calibration
M1GMCDVPP17C204;MERCEDES;G 350;calibration
M1GMCDVPPS0U432;MERCEDES;G 350;calibration
M1GMCDVPPS0V433;MERCEDES;G 350;calibration
M1GMCDVPPS0W434;MERCEDES;G 350;calibration
M1GMCDVPPS0X435;MERCEDES;G 350;calibration
M1GMCDVPGD6M636;MERCEDES;GL 400;calibration
M1GMCDVPGD6N637;MERCEDES;GL 400;calibration
M1GMCDVPGD6P638;MERCEDES;GL 400;calibration
M1GMCDVPGD6P639;MERCEDES;GL 400;calibration
M1GMCDVPGD6R640;MERCEDES;GL 400;calibration
M1GMCDVPGD6R641;MERCEDES;GL 400;calibration
M1GMCDVPGD6S642;MERCEDES;GL 400;calibration
M1GMCDVPGD6T643;MERCEDES;GL 400;calibration
M1GMCDVPGD6U644;MERCEDES;GL 400;calibration
M1GMCDVPGD6V645;MERCEDES;GL 400;calibration
M1GMCDVPLP30988;MERCEDES;GL 400;calibration
M1GMCDVPLP31989;MERCEDES;GL 400;calibration
M1GMCDVPLP32990;MERCEDES;GL 400;calibration
M1GMCDVPLP35993;MERCEDES;GL 400;calibration
M1GMCDVPLP36994;MERCEDES;GL 400;calibration
M1GMCDVPLP37995;MERCEDES;GL 400;calibration
M1GMCDVPLP38996;MERCEDES;GL 400;calibration
M1GMCDVPLP3C903;MERCEDES;GL 400;calibration
M1GMCDVPLP3D904;MERCEDES;GL 400;calibration
M1GMCDVPLP3Z987;MERCEDES;GL 400;calibration
M1GMCDVPJY50785;MERCEDES;GL 500;entrainement
M1GMCDVPJY51786;MERCEDES;GL 500;entrainement
M1GMCDVPJY52787;MERCEDES;GL 500;entrainement
M1GMCDVPJY53788;MERCEDES;GL 500;entrainement
M1GMCDVPLP4K001;MERCEDES;GL 500;entrainement
M1GMCDVPLP4L002;MERCEDES;GL 500;entrainement
M1GMCDVPLP4M003;MERCEDES;GL 500;entrainement
M1GMCDVPLP4N004;MERCEDES;GL 500;entrainement
M1GMCDVPLP4P005;MERCEDES;GL 500;entrainement
M1GMCDVPLP4P006;MERCEDES;GL 500;entrainement
M1GMCDVPX55N884;MERCEDES;GL 500;entrainement
M1GMCDVPX55P885;MERCEDES;GL 500;entrainement
M1GMCDVPX55P886;MERCEDES;GL 500;entrainement
M1GMCDVPX55R887;MERCEDES;GL 500;entrainement
M10MCDVPGD64598;MERCEDES;GL 63 AMG;entrainement
M10MCDVPGD65599;MERCEDES;GL 63 AMG;entrainement
M10MCDVPLP3V999;MERCEDES;GL 63 AMG;entrainement
M10MCDVPLP43000;MERCEDES;GL 63 AMG;entrainement
M1GMCDVPLP30891;MERCEDES;GL 350;entrainement
M1GMCDVPLP31892;MERCEDES;GL 350;entrainement
M1GMCDVPLP4R007;MERCEDES;GL 350;entrainement
M1GMCDVPLP4R008;MERCEDES;GL 350;entrainement
M1GMCDVPLP4S009;MERCEDES;GL 350;entrainement
M1GMCDVPLP4T010;MERCEDES;GL 350;entrainement
M1GMCDVPLP4W013;MERCEDES;GL 350;entrainement
M1GMCDVPLP4X014;MERCEDES;GL 350;entrainement
M1GMCDVPLP4Y015;MERCEDES;GL 350;entrainement
M1GMCDVPLP4Z016;MERCEDES;GL 350;entrainement
M1GMCDVPPX70559;MERCEDES;GL 350;entrainement
M1GMCDVPPX70584;MERCEDES;GL 350;entrainement
M1GMCDVPPX71560;MERCEDES;GL 350;entrainement
M1GMCDVPPX71585;MERCEDES;GL 350;entrainement
M1GMCDVPPX72561;MERCEDES;GL 350;entrainement
M1GMCDVPPX72586;MERCEDES;GL 350;entrainement
M1GMCDVPPX73562;MERCEDES;GL 350;entrainement
M1GMCDVPPX73587;MERCEDES;GL 350;entrainement
M1GMCDVPPX74563;MERCEDES;GL 350;entrainement
M1GMCDVPPX74588;MERCEDES;GL 350;entrainement
M1GMCDVPPX75564;MERCEDES;GL 350;entrainement
M1GMCDVPPX75589;MERCEDES;GL 350;entrainement
M1GMCDVPPX76565;MERCEDES;GL 350;entrainement
M1GMCDVPPX76590;MERCEDES;GL 350;entrainement
M1GMCDVPPX77566;MERCEDES;GL 350;entrainement
M1GMCDVPPX77591;MERCEDES;GL 350;entrainement
M1GMCDVPPX78567;MERCEDES;GL 350;entrainement
M1GMCDVPPX7D536;MERCEDES;GL 350;entrainement
M1GMCDVPPX7E537;MERCEDES;GL 350;entrainement
M1GMCDVPPX7F538;MERCEDES;GL 350;entrainement
M1GMCDVPPX7G539;MERCEDES;GL 350;entrainement
M1GMCDVPPX7L580;MERCEDES;GL 350;entrainement
M1GMCDVPPX7M581;MERCEDES;GL 350;entrainement
M1GMCDVPPX7X556;MERCEDES;GL 350;entrainement
M1GMCDVPPX7Y557;MERCEDES;GL 350;entrainement
M1GMCDVPPX7Y582;MERCEDES;GL 350;entrainement
M1GMCDVPPX7Z558;MERCEDES;GL 350;entrainement
M1GMCDVPPX7Z583;MERCEDES;GL 350;entrainement
M1GMCDVPX550897;MERCEDES;GL 350;entrainement
M1GMCDVPX55R888;MERCEDES;GL 350;entrainement
M1GMCDVPX55S889;MERCEDES;GL 350;entrainement
M1GMCDVPX55T890;MERCEDES;GL 350;entrainement
M1GMCDVPX55U891;MERCEDES;GL 350;entrainement
M1GMCDVPX55V892;MERCEDES;GL 350;entrainement
M1GMCDVPX55W893;MERCEDES;GL 350;entrainement
M1GMCDVPX55X894;MERCEDES;GL 350;entrainement
M1GMCDVPX55Y895;MERCEDES;GL 350;entrainement
M1GMCDVPX55Z896;MERCEDES;GL 350;entrainement
M10MCDVPNT60219;MERCEDES;GLA 180;entrainement
M10MCDVPNT61220;MERCEDES;GLA 180;entrainement
M10MCDVPNT62221;MERCEDES;GLA 180;entrainement
M10MCDVPNT63222;MERCEDES;GLA 180;entrainement
M10MCDVPNT64223;MERCEDES;GLA 180;entrainement
M10MCDVPNT65224;MERCEDES;GLA 180;entrainement
M10MCDVPNT6Y217;MERCEDES;GLA 180;entrainement
M10MCDVPNT6Z218;MERCEDES;GLA 180;entrainement
M10MCDVPJX6B388;MERCEDES;GLA 200;calibration
M10MCDVPJX6P377;MERCEDES;GLA 200;calibration
M10MCDVPJX6R378;MERCEDES;GLA 200;calibration
M10MCDVPJX6R379;MERCEDES;GLA 200;calibration
M10MCDVPJX6S380;MERCEDES;GLA 200;calibration
M10MCDVPJX6T381;MERCEDES;GLA 200;calibration
M10MCDVPJX6U382;MERCEDES;GLA 200;calibration
M10MCDVPJX6V383;MERCEDES;GLA 200;calibration
M10MCDVPJX6W384;MERCEDES;GLA 200;calibration
M10MCDVPJX6X385;MERCEDES;GLA 200;calibration
M10MCDVPJX6Y386;MERCEDES;GLA 200;calibration
M10MCDVPJX6Z387;MERCEDES;GLA 200;calibration
M10MCDVPKP60844;MERCEDES;GLA 200;calibration
M10MCDVPKP61845;MERCEDES;GLA 200;calibration
M10MCDVPKP62846;MERCEDES;GLA 200;calibration
M10MCDVPKP63847;MERCEDES;GLA 200;calibration
M10MCDVPKP64848;MERCEDES;GLA 200;calibration
M10MCDVPKP65849;MERCEDES;GLA 200;calibration
M10MCDVPKP66850;MERCEDES;GLA 200;calibration
M10MCDVPKP6V839;MERCEDES;GLA 200;calibration
M10MCDVPKP6W840;MERCEDES;GLA 200;calibration
M10MCDVPKP6X841;MERCEDES;GLA 200;calibration
M10MCDVPKP6Y842;MERCEDES;GLA 200;calibration
M10MCDVPKP6Z843;MERCEDES;GLA 200;calibration
M10MCDVPPT0K498;MERCEDES;GLA 200;calibration
M10MCDVPPT0L499;MERCEDES;GLA 200;calibration
M10MCDVPPT0M500;MERCEDES;GLA 200;calibration
M10MCDVPPT0N501;MERCEDES;GLA 200;calibration
M10MCDVPPT0P502;MERCEDES;GLA 200;calibration
M10MCDVPPT0P503;MERCEDES;GLA 200;calibration
M10MCDVPPT0R504;MERCEDES;GLA 200;calibration
M10MCDVPPT0R505;MERCEDES;GLA 200;calibration
M10MCDVPPT0S506;MERCEDES;GLA 200;calibration
M10MCDVPPT0T507;MERCEDES;GLA 200;calibration
M10MCDVPPT0U508;MERCEDES;GLA 200;calibration
M10MCDVPPT0V509;MERCEDES;GLA 200;calibration
M10MCDVPGJ92914;MERCEDES;GLA 250;entrainement
M10MCDVPGJ93915;MERCEDES;GLA 250;entrainement
M10MCDVPGJ94916;MERCEDES;GLA 250;entrainement
M10MCDVPGJ95917;MERCEDES;GLA 250;entrainement
M10MCDVPGJ96918;MERCEDES;GLA 250;entrainement
M10MCDVPGJ97919;MERCEDES;GLA 250;entrainement
M10MCDVPGJ98920;MERCEDES;GLA 250;entrainement
M10MCDVPGJ99921;MERCEDES;GLA 250;entrainement
M10MCDVPGJ9A922;MERCEDES;GLA 250;entrainement
M10MCDVPGJ9B923;MERCEDES;GLA 250;entrainement
M10MCDVPGJ9C924;MERCEDES;GLA 250;entrainement
M10MCDVPGJ9D925;MERCEDES;GLA 250;entrainement
M10MCDVPKP67851;MERCEDES;GLA 250;entrainement
M10MCDVPKP68852;MERCEDES;GLA 250;entrainement
M10MCDVPKP69853;MERCEDES;GLA 250;entrainement
M10MCDVPKP6A854;MERCEDES;GLA 250;entrainement
M10MCDVPKP6B855;MERCEDES;GLA 250;entrainement
M10MCDVPKP6C856;MERCEDES;GLA 250;entrainement
M10MCDVPNT66225;MERCEDES;GLA 250;entrainement
M10MCDVPNT67226;MERCEDES;GLA 250;entrainement
M10MCDVPNT68227;MERCEDES;GLA 250;entrainement
M10MCDVPNT69228;MERCEDES;GLA 250;entrainement
M10MCDVPNT6A229;MERCEDES;GLA 250;entrainement
M10MCDVPNT6B230;MERCEDES;GLA 250;entrainement
M10MCDVPPT00514;MERCEDES;GLA 250;entrainement
M10MCDVPPT01515;MERCEDES;GLA 250;entrainement
M10MCDVPPT0W510;MERCEDES;GLA 250;entrainement
M10MCDVPPT0X511;MERCEDES;GLA 250;entrainement
M10MCDVPPT0Y512;MERCEDES;GLA 250;entrainement
M10MCDVPPT0Z513;MERCEDES;GLA 250;entrainement
M10MCDVPJX6C389;MERCEDES;GLA 45 AMG;entrainement
M10MCDVPJX6D390;MERCEDES;GLA 45 AMG;entrainement
M10MCDVPKP6J863;MERCEDES;GLA 45 AMG;entrainement
M10MCDVPKP6K864;MERCEDES;GLA 45 AMG;entrainement
M10MCDVPPT06520;MERCEDES;GLA 45 AMG;entrainement
M10MCDVPPT07521;MERCEDES;GLA 45 AMG;entrainement
M10MCDVPKP7F107;MERCEDES;GLA 180;entrainement
M10MCDVPKP7G108;MERCEDES;GLA 180;entrainement
M10MCDVPKP7H109;MERCEDES;GLA 180;entrainement
M10MCDVPKP7J110;MERCEDES;GLA 180;entrainement
M10MCDVPKP7J111;MERCEDES;GLA 180;entrainement
M10MCDVPKP7K112;MERCEDES;GLA 180;entrainement
M10MCDVPKP7L113;MERCEDES;GLA 180;entrainement
M10MCDVPKP7M114;MERCEDES;GLA 180;entrainement
M10MCDVPKP7N115;MERCEDES;GLA 180;entrainement
M10MCDVPKP7P116;MERCEDES;GLA 180;entrainement
M10MCDVPKP7P117;MERCEDES;GLA 180;entrainement
M10MCDVPKP7R118;MERCEDES;GLA 180;entrainement
M10MCDVPPT0C490;MERCEDES;GLA 180;entrainement
M10MCDVPPT0D491;MERCEDES;GLA 180;entrainement
M10MCDVPPT0E492;MERCEDES;GLA 180;entrainement
M10MCDVPPT0F493;MERCEDES;GLA 180;entrainement
M10MCDVPGJ90948;MERCEDES;GLA 200;calibration
M10MCDVPGJ91949;MERCEDES;GLA 200;calibration
M10MCDVPGJ9K932;MERCEDES;GLA 200;calibration
M10MCDVPGJ9L933;MERCEDES;GLA 200;calibration
M10MCDVPGJ9M934;MERCEDES;GLA 200;calibration
M10MCDVPGJ9N935;MERCEDES;GLA 200;calibration
M10MCDVPGJ9P936;MERCEDES;GLA 200;calibration
M10MCDVPGJ9P937;MERCEDES;GLA 200;calibration
M10MCDVPGJ9R938;MERCEDES;GLA 200;calibration
M10MCDVPGJ9R939;MERCEDES;GLA 200;calibration
M10MCDVPGJ9S940;MERCEDES;GLA 200;calibration
M10MCDVPGJ9T941;MERCEDES;GLA 200;calibration
M10MCDVPGJ9U942;MERCEDES;GLA 200;calibration
M10MCDVPGJ9V943;MERCEDES;GLA 200;calibration
M10MCDVPGJ9W944;MERCEDES;GLA 200;calibration
M10MCDVPGJ9X945;MERCEDES;GLA 200;calibration
M10MCDVPGJ9Y946;MERCEDES;GLA 200;calibration
M10MCDVPGJ9Z947;MERCEDES;GLA 200;calibration
M10MCDVPKP64873;MERCEDES;GLA 200;calibration
M10MCDVPKP65874;MERCEDES;GLA 200;calibration
M10MCDVPKP66875;MERCEDES;GLA 200;calibration
M10MCDVPKP67876;MERCEDES;GLA 200;calibration
M10MCDVPKP68877;MERCEDES;GLA 200;calibration
M10MCDVPKP69878;MERCEDES;GLA 200;calibration
M10MCDVPKP6A879;MERCEDES;GLA 200;calibration
M10MCDVPKP6B880;MERCEDES;GLA 200;calibration
M10MCDVPKP6C881;MERCEDES;GLA 200;calibration
M10MCDVPKP6D882;MERCEDES;GLA 200;calibration
M10MCDVPKP6L865;MERCEDES;GLA 200;calibration
M10MCDVPKP6M866;MERCEDES;GLA 200;calibration
M10MCDVPKP6N867;MERCEDES;GLA 200;calibration
M10MCDVPKP6P868;MERCEDES;GLA 200;calibration
M10MCDVPKP6P869;MERCEDES;GLA 200;calibration
M10MCDVPKP6R870;MERCEDES;GLA 200;calibration
M10MCDVPKP6R871;MERCEDES;GLA 200;calibration
M10MCDVPKP6S872;MERCEDES;GLA 200;calibration
M10MCDVPPT08522;MERCEDES;GLA 200;calibration
M10MCDVPPT09523;MERCEDES;GLA 200;calibration
M10MCDVPPT0A524;MERCEDES;GLA 200;calibration
M10MCDVPPT0B525;MERCEDES;GLA 200;calibration
M10MCDVPPT0C526;MERCEDES;GLA 200;calibration
M10MCDVPPT0D527;MERCEDES;GLA 200;calibration
M10MCDVPPT0E528;MERCEDES;GLA 200;calibration
M10MCDVPPT0F529;MERCEDES;GLA 200;calibration
M10MCDVPPT0G530;MERCEDES;GLA 200;calibration
M10MCDVPPT0H531;MERCEDES;GLA 200;calibration
M10MCDVPPT0J532;MERCEDES;GLA 200;calibration
M10MCDVPPT0J533;MERCEDES;GLA 200;calibration
M10MCDVPGJ92950;MERCEDES;GLA 220;test
M10MCDVPGJ93951;MERCEDES;GLA 220;test
M10MCDVPGJ94952;MERCEDES;GLA 220;test
M10MCDVPGJ95953;MERCEDES;GLA 220;test
M10MCDVPGJ96954;MERCEDES;GLA 220;test
M10MCDVPGJ97955;MERCEDES;GLA 220;test
M10MCDVPGJ98956;MERCEDES;GLA 220;test
M10MCDVPGJ99957;MERCEDES;GLA 220;test
M10MCDVPGJ9A958;MERCEDES;GLA 220;test
M10MCDVPGJ9B959;MERCEDES;GLA 220;test
M10MCDVPGJ9C960;MERCEDES;GLA 220;test
M10MCDVPGJ9D961;MERCEDES;GLA 220;test
M10MCDVPKP6E883;MERCEDES;GLA 220;test
M10MCDVPKP6F884;MERCEDES;GLA 220;test
M10MCDVPKP6G885;MERCEDES;GLA 220;test
M10MCDVPKP6H886;MERCEDES;GLA 220;test
M10MCDVPKP6J887;MERCEDES;GLA 220;test
M10MCDVPKP6J888;MERCEDES;GLA 220;test
M10MCDVPKP6K889;MERCEDES;GLA 220;test
M10MCDVPKP6L890;MERCEDES;GLA 220;test
M10MCDVPKP6M891;MERCEDES;GLA 220;test
M10MCDVPKP6N892;MERCEDES;GLA 220;test
M10MCDVPKP6P893;MERCEDES;GLA 220;test
M10MCDVPKP6P894;MERCEDES;GLA 220;test
M10MCDVPPT0K534;MERCEDES;GLA 220;test
M10MCDVPPT0L535;MERCEDES;GLA 220;test
M10MCDVPPT0M536;MERCEDES;GLA 220;test
M10MCDVPPT0N537;MERCEDES;GLA 220;test
M10MCDVPPT0P538;MERCEDES;GLA 220;test
M10MCDVPPT0P539;MERCEDES;GLA 220;test
M10MCDVPPT0R540;MERCEDES;GLA 220;test
M10MCDVPPT0R541;MERCEDES;GLA 220;test
M1GMCDVPGD60517;MERCEDES;ML 350;calibration
M1GMCDVPGD61518;MERCEDES;ML 350;calibration
M1GMCDVPGD62519;MERCEDES;ML 350;calibration
M1GMCDVPGD63520;MERCEDES;ML 350;calibration
M1GMCDVPGD64521;MERCEDES;ML 350;calibration
M1GMCDVPGD65522;MERCEDES;ML 350;calibration
M1GMCDVPGD66523;MERCEDES;ML 350;calibration
M1GMCDVPGD67524;MERCEDES;ML 350;calibration
M1GMCDVPGD68525;MERCEDES;ML 350;calibration
M1GMCDVPGD69526;MERCEDES;ML 350;calibration
M1GMCDVPGD6A527;MERCEDES;ML 350;calibration
M1GMCDVPGD6V512;MERCEDES;ML 350;calibration
M1GMCDVPGD6W513;MERCEDES;ML 350;calibration
M1GMCDVPGD6X514;MERCEDES;ML 350;calibration
M1GMCDVPGD6Y515;MERCEDES;ML 350;calibration
M1GMCDVPGD6Z516;MERCEDES;ML 350;calibration
M1GMCDVPLP32929;MERCEDES;ML 400;entrainement
M1GMCDVPLP33930;MERCEDES;ML 400;entrainement
M1GMCDVPLP34931;MERCEDES;ML 400;entrainement
M1GMCDVPLP35932;MERCEDES;ML 400;entrainement
M1GMCDVPLP36933;MERCEDES;ML 400;entrainement
M1GMCDVPLP37934;MERCEDES;ML 400;entrainement
M1GMCDVPLP38935;MERCEDES;ML 400;entrainement
M1GMCDVPLP39936;MERCEDES;ML 400;entrainement
M1GMCDVPLP3A937;MERCEDES;ML 400;entrainement
M1GMCDVPLP3B938;MERCEDES;ML 400;entrainement
M1GMCDVPLP3C939;MERCEDES;ML 400;entrainement
M1GMCDVPLP3D940;MERCEDES;ML 400;entrainement
M1GMCDVPLP3E941;MERCEDES;ML 400;entrainement
M1GMCDVPLP3F942;MERCEDES;ML 400;entrainement
M1GMCDVPLP3G943;MERCEDES;ML 400;entrainement
M1GMCDVPLP3H944;MERCEDES;ML 400;entrainement
M1GMCDVPJY5S777;MERCEDES;ML 500;entrainement
M1GMCDVPJY5T778;MERCEDES;ML 500;entrainement
M1GMCDVPJY5U779;MERCEDES;ML 500;entrainement
M1GMCDVPJY5V780;MERCEDES;ML 500;entrainement
M1GMCDVPLP30963;MERCEDES;ML 500;entrainement
M1GMCDVPLP31964;MERCEDES;ML 500;entrainement
M1GMCDVPLP32965;MERCEDES;ML 500;entrainement
M1GMCDVPLP33966;MERCEDES;ML 500;entrainement
M1GMCDVPX55L918;MERCEDES;ML 500;entrainement
M1GMCDVPX55M919;MERCEDES;ML 500;entrainement
M1GMCDVPX55N920;MERCEDES;ML 500;entrainement
M1GMCDVPX55P921;MERCEDES;ML 500;entrainement
M10MCDVPGD65574;MERCEDES;ML 63 AMG;entrainement
M10MCDVPGD66575;MERCEDES;ML 63 AMG;entrainement
M10MCDVPLP3C955;MERCEDES;ML 63 AMG;entrainement
M10MCDVPLP3D956;MERCEDES;ML 63 AMG;entrainement
M10MCDVPLP3E957;MERCEDES;ML 63 AMG;entrainement
M10MCDVPLP3F958;MERCEDES;ML 63 AMG;entrainement
M10MCDVPGD67576;MERCEDES;ML 63 AMG;entrainement
M10MCDVPGD68577;MERCEDES;ML 63 AMG;entrainement
M10MCDVPLP3G959;MERCEDES;ML 63 AMG;entrainement
M10MCDVPLP3H960;MERCEDES;ML 63 AMG;entrainement
M10MCDVPLP3J961;MERCEDES;ML 63 AMG;entrainement
M10MCDVPLP3J962;MERCEDES;ML 63 AMG;entrainement
M10MCDVPGD65502;MERCEDES;ML 250;entrainement
M10MCDVPGD66503;MERCEDES;ML 250;entrainement
M10MCDVPGD66600;MERCEDES;ML 250;entrainement
M10MCDVPGD67504;MERCEDES;ML 250;entrainement
M10MCDVPGD67601;MERCEDES;ML 250;entrainement
M10MCDVPGD68505;MERCEDES;ML 250;entrainement
M10MCDVPGD68602;MERCEDES;ML 250;entrainement
M10MCDVPGD69506;MERCEDES;ML 250;entrainement
M10MCDVPGD69603;MERCEDES;ML 250;entrainement
M10MCDVPGD6A507;MERCEDES;ML 250;entrainement
M10MCDVPGD6A604;MERCEDES;ML 250;entrainement
M10MCDVPGD6B508;MERCEDES;ML 250;entrainement
M10MCDVPGD6B605;MERCEDES;ML 250;entrainement
M10MCDVPGD6C509;MERCEDES;ML 250;entrainement
M10MCDVPGD6C606;MERCEDES;ML 250;entrainement
M10MCDVPGD6D510;MERCEDES;ML 250;entrainement
M10MCDVPGD6D607;MERCEDES;ML 250;entrainement
M10MCDVPGD6E511;MERCEDES;ML 250;entrainement
M10MCDVPGD6E608;MERCEDES;ML 250;entrainement
M10MCDVPGD6F609;MERCEDES;ML 250;entrainement
M10MCDVPJY53743;MERCEDES;ML 250;entrainement
M10MCDVPJY54744;MERCEDES;ML 250;entrainement
M10MCDVPJY55745;MERCEDES;ML 250;entrainement
M10MCDVPJY56746;MERCEDES;ML 250;entrainement
M10MCDVPJY5J759;MERCEDES;ML 250;entrainement
M10MCDVPJY5K760;MERCEDES;ML 250;entrainement
M10MCDVPJY5L761;MERCEDES;ML 250;entrainement
M10MCDVPJY5M762;MERCEDES;ML 250;entrainement
M10MCDVPLP3A917;MERCEDES;ML 250;entrainement
M10MCDVPLP3B918;MERCEDES;ML 250;entrainement
M10MCDVPLP3C919;MERCEDES;ML 250;entrainement
M10MCDVPLP3D859;MERCEDES;ML 250;entrainement
M10MCDVPLP3D920;MERCEDES;ML 250;entrainement
M10MCDVPLP3E860;MERCEDES;ML 250;entrainement
M10MCDVPLP3E921;MERCEDES;ML 250;entrainement
M10MCDVPLP3F861;MERCEDES;ML 250;entrainement
M10MCDVPLP3F922;MERCEDES;ML 250;entrainement
M10MCDVPLP3G862;MERCEDES;ML 250;entrainement
M10MCDVPLP3G923;MERCEDES;ML 250;entrainement
M10MCDVPLP3H924;MERCEDES;ML 250;entrainement
M10MCDVPLP3J925;MERCEDES;ML 250;entrainement
M10MCDVPLP3J926;MERCEDES;ML 250;entrainement
M10MCDVPLP3K927;MERCEDES;ML 250;entrainement
M10MCDVPLP3L928;MERCEDES;ML 250;entrainement
M10MCDVPLP3P895;MERCEDES;ML 250;entrainement
M10MCDVPLP3P896;MERCEDES;ML 250;entrainement
M10MCDVPLP3R897;MERCEDES;ML 250;entrainement
M10MCDVPLP3R898;MERCEDES;ML 250;entrainement
M1GMCDVPGD64485;MERCEDES;ML 250;entrainement
M1GMCDVPGD65486;MERCEDES;ML 250;entrainement
M1GMCDVPGD66487;MERCEDES;ML 250;entrainement
M1GMCDVPGD67488;MERCEDES;ML 250;entrainement
M1GMCDVPGD68489;MERCEDES;ML 250;entrainement
M1GMCDVPGD69490;MERCEDES;ML 250;entrainement
M1GMCDVPGD6A491;MERCEDES;ML 250;entrainement
M1GMCDVPGD6B492;MERCEDES;ML 250;entrainement
M1GMCDVPGD6C493;MERCEDES;ML 250;entrainement
M1GMCDVPGD6D494;MERCEDES;ML 250;entrainement
M1GMCDVPGD6E495;MERCEDES;ML 250;entrainement
M1GMCDVPGD6F496;MERCEDES;ML 250;entrainement
M1GMCDVPGD6G497;MERCEDES;ML 250;entrainement
M1GMCDVPGD6H498;MERCEDES;ML 250;entrainement
M1GMCDVPGD6J499;MERCEDES;ML 250;entrainement
M1GMCDVPGD6J500;MERCEDES;ML 250;entrainement
M1GMCDVPGD6K501;MERCEDES;ML 250;entrainement
M1GMCDVPGD6R482;MERCEDES;ML 250;entrainement
M1GMCDVPGD6R483;MERCEDES;ML 250;entrainement
M1GMCDVPGD6S484;MERCEDES;ML 250;entrainement
M1GMCDVPJY5B735;MERCEDES;ML 250;entrainement
M1GMCDVPJY5C736;MERCEDES;ML 250;entrainement
M1GMCDVPJY5D737;MERCEDES;ML 250;entrainement
M1GMCDVPJY5E738;MERCEDES;ML 250;entrainement
M1GMCDVPJY5F739;MERCEDES;ML 250;entrainement
M1GMCDVPJY5G740;MERCEDES;ML 250;entrainement
M1GMCDVPJY5H741;MERCEDES;ML 250;entrainement
M1GMCDVPJY5J742;MERCEDES;ML 250;entrainement
M1GMCDVPLP3E905;MERCEDES;ML 250;entrainement
M1GMCDVPLP3F906;MERCEDES;ML 250;entrainement
M1GMCDVPLP3G907;MERCEDES;ML 250;entrainement
M1GMCDVPLP3H908;MERCEDES;ML 250;entrainement
M1GMCDVPLP3J909;MERCEDES;ML 250;entrainement
M1GMCDVPLP3J910;MERCEDES;ML 250;entrainement
M1GMCDVPLP3K911;MERCEDES;ML 250;entrainement
M1GMCDVPLP3L851;MERCEDES;ML 250;entrainement
M1GMCDVPLP3L912;MERCEDES;ML 250;entrainement
M1GMCDVPLP3M852;MERCEDES;ML 250;entrainement
M1GMCDVPLP3M913;MERCEDES;ML 250;entrainement
M1GMCDVPLP3N853;MERCEDES;ML 250;entrainement
M1GMCDVPLP3N914;MERCEDES;ML 250;entrainement
M1GMCDVPLP3P854;MERCEDES;ML 250;entrainement
M1GMCDVPLP3P855;MERCEDES;ML 250;entrainement
M1GMCDVPLP3P915;MERCEDES;ML 250;entrainement
M1GMCDVPLP3P916;MERCEDES;ML 250;entrainement
M1GMCDVPLP3R856;MERCEDES;ML 250;entrainement
M1GMCDVPLP3R857;MERCEDES;ML 250;entrainement
M1GMCDVPLP3S858;MERCEDES;ML 250;entrainement
M1GMCDVPLP30866;MERCEDES;ML 350;calibration
M1GMCDVPLP31867;MERCEDES;ML 350;calibration
M1GMCDVPLP32868;MERCEDES;ML 350;calibration
M1GMCDVPLP33869;MERCEDES;ML 350;calibration
M1GMCDVPLP34870;MERCEDES;ML 350;calibration
M1GMCDVPLP3J971;MERCEDES;ML 350;calibration
M1GMCDVPLP3K972;MERCEDES;ML 350;calibration
M1GMCDVPLP3L973;MERCEDES;ML 350;calibration
M1GMCDVPLP3M974;MERCEDES;ML 350;calibration
M1GMCDVPLP3N975;MERCEDES;ML 350;calibration
M1GMCDVPLP3P976;MERCEDES;ML 350;calibration
M1GMCDVPLP3P977;MERCEDES;ML 350;calibration
M1GMCDVPLP3R978;MERCEDES;ML 350;calibration
M1GMCDVPLP3R979;MERCEDES;ML 350;calibration
M1GMCDVPLP3S980;MERCEDES;ML 350;calibration
M1GMCDVPLP3T981;MERCEDES;ML 350;calibration
M1GMCDVPLP3U982;MERCEDES;ML 350;calibration
M1GMCDVPLP3X863;MERCEDES;ML 350;calibration
M1GMCDVPLP3Y864;MERCEDES;ML 350;calibration
M1GMCDVPLP3Z865;MERCEDES;ML 350;calibration
M1GMCDVPPX70523;MERCEDES;ML 350;calibration
M1GMCDVPPX71524;MERCEDES;ML 350;calibration
M1GMCDVPPX72525;MERCEDES;ML 350;calibration
M1GMCDVPPX73526;MERCEDES;ML 350;calibration
M1GMCDVPPX74527;MERCEDES;ML 350;calibration
M1GMCDVPPX7H540;MERCEDES;ML 350;calibration
M1GMCDVPPX7J541;MERCEDES;ML 350;calibration
M1GMCDVPPX7J542;MERCEDES;ML 350;calibration
M1GMCDVPPX7K543;MERCEDES;ML 350;calibration
M1GMCDVPPX7L544;MERCEDES;ML 350;calibration
M1GMCDVPPX7M545;MERCEDES;ML 350;calibration
M1GMCDVPPX7N546;MERCEDES;ML 350;calibration
M1GMCDVPPX7P547;MERCEDES;ML 350;calibration
M1GMCDVPPX7P548;MERCEDES;ML 350;calibration
M1GMCDVPPX7R549;MERCEDES;ML 350;calibration
M1GMCDVPPX7R550;MERCEDES;ML 350;calibration
M1GMCDVPPX7S551;MERCEDES;ML 350;calibration
M1GMCDVPPX7T552;MERCEDES;ML 350;calibration
M1GMCDVPPX7U553;MERCEDES;ML 350;calibration
M1GMCDVPPX7V554;MERCEDES;ML 350;calibration
M1GMCDVPPX7W555;MERCEDES;ML 350;calibration
M1GMCDVPPX7X520;MERCEDES;ML 350;calibration
M1GMCDVPPX7Y521;MERCEDES;ML 350;calibration
M1GMCDVPPX7Z522;MERCEDES;ML 350;calibration
M1GMCDVPX550800;MERCEDES;ML 350;calibration
M1GMCDVPX551801;MERCEDES;ML 350;calibration
M1GMCDVPX552802;MERCEDES;ML 350;calibration
M1GMCDVPX553803;MERCEDES;ML 350;calibration
M1GMCDVPX554804;MERCEDES;ML 350;calibration
M1GMCDVPX555805;MERCEDES;ML 350;calibration
M1GMCDVPX556806;MERCEDES;ML 350;calibration
M1GMCDVPX557807;MERCEDES;ML 350;calibration
M1GMCDVPX558808;MERCEDES;ML 350;calibration
M1GMCDVPX559809;MERCEDES;ML 350;calibration
M1GMCDVPX55A810;MERCEDES;ML 350;calibration
M1GMCDVPX55B811;MERCEDES;ML 350;calibration
M1GMCDVPX55C812;MERCEDES;ML 350;calibration
M1GMCDVPX55D813;MERCEDES;ML 350;calibration
M1GMCDVPX55E814;MERCEDES;ML 350;calibration
M1GMCDVPX55F815;MERCEDES;ML 350;calibration
M1GMCDVPX55G816;MERCEDES;ML 350;calibration
M1GMCDVPX55H817;MERCEDES;ML 350;calibration
M1GMCDVPX55Y798;MERCEDES;ML 350;calibration
M1GMCDVPX55Z799;MERCEDES;ML 350;calibration
M10MCDVPKZ80541;MERCEDES;S 500;entrainement
M10MCDVPKZ89514;MERCEDES;S 500;entrainement
M10MCDVPKZ8A515;MERCEDES;S 500;entrainement
M10MCDVPKZ8B516;MERCEDES;S 500;entrainement
M10MCDVPKZ8C517;MERCEDES;S 500;entrainement
M10MCDVPKZ8D518;MERCEDES;S 500;entrainement
M10MCDVPKZ8E519;MERCEDES;S 500;entrainement
M10MCDVPKZ8F520;MERCEDES;S 500;entrainement
M10MCDVPKZ8G521;MERCEDES;S 500;entrainement
M10MCDVPKZ8H522;MERCEDES;S 500;entrainement
M10MCDVPKZ8J523;MERCEDES;S 500;entrainement
M10MCDVPKZ8J524;MERCEDES;S 500;entrainement
M10MCDVPKZ8K525;MERCEDES;S 500;entrainement
M10MCDVPKZ8L526;MERCEDES;S 500;entrainement
M10MCDVPKZ8M527;MERCEDES;S 500;entrainement
M10MCDVPKZ8N528;MERCEDES;S 500;entrainement
M10MCDVPKZ8P529;MERCEDES;S 500;entrainement
M10MCDVPKZ8P530;MERCEDES;S 500;entrainement
M10MCDVPKZ8R531;MERCEDES;S 500;entrainement
M10MCDVPKZ8R532;MERCEDES;S 500;entrainement
M10MCDVPKZ8S533;MERCEDES;S 500;entrainement
M10MCDVPKZ8T534;MERCEDES;S 500;entrainement
M10MCDVPKZ8U535;MERCEDES;S 500;entrainement
M10MCDVPKZ8V536;MERCEDES;S 500;entrainement
M10MCDVPKZ8W537;MERCEDES;S 500;entrainement
M10MCDVPKZ8X538;MERCEDES;S 500;entrainement
M10MCDVPKZ8Y539;MERCEDES;S 500;entrainement
M10MCDVPKZ8Z540;MERCEDES;S 500;entrainement
M10MCDVPPX60989;MERCEDES;S 500;entrainement
M10MCDVPPX61990;MERCEDES;S 500;entrainement
M10MCDVPPX62991;MERCEDES;S 500;entrainement
M10MCDVPPX63992;MERCEDES;S 500;entrainement
M10MCDVPPX64993;MERCEDES;S 500;entrainement
M10MCDVPPX65994;MERCEDES;S 500;entrainement
M10MCDVPPX66995;MERCEDES;S 500;entrainement
M10MCDVPPX67996;MERCEDES;S 500;entrainement
M10MCDVPPX6P977;MERCEDES;S 500;entrainement
M10MCDVPPX6P978;MERCEDES;S 500;entrainement
M10MCDVPPX6R979;MERCEDES;S 500;entrainement
M10MCDVPPX6R980;MERCEDES;S 500;entrainement
M10MCDVPPX6S981;MERCEDES;S 500;entrainement
M10MCDVPPX6T982;MERCEDES;S 500;entrainement
M10MCDVPPX6U983;MERCEDES;S 500;entrainement
M10MCDVPPX6V984;MERCEDES;S 500;entrainement
M10MCDVPPX6W985;MERCEDES;S 500;entrainement
M10MCDVPPX6X986;MERCEDES;S 500;entrainement
M10MCDVPPX6Y987;MERCEDES;S 500;entrainement
M10MCDVPPX6Z988;MERCEDES;S 500;entrainement
M10MCDVPCZ60163;MERCEDES;S 400;entrainement
M10MCDVPCZ61164;MERCEDES;S 400;entrainement
M10MCDVPCZ62165;MERCEDES;S 400;entrainement
M10MCDVPCZ63166;MERCEDES;S 400;entrainement
M10MCDVPCZ64167;MERCEDES;S 400;entrainement
M10MCDVPCZ65168;MERCEDES;S 400;entrainement
M10MCDVPCZ66169;MERCEDES;S 400;entrainement
M10MCDVPCZ67170;MERCEDES;S 400;entrainement
M10MCDVPCZ68171;MERCEDES;S 400;entrainement
M10MCDVPCZ69172;MERCEDES;S 400;entrainement
M10MCDVPCZ6A173;MERCEDES;S 400;entrainement
M10MCDVPCZ6B174;MERCEDES;S 400;entrainement
M10MCDVPCZ6C175;MERCEDES;S 400;entrainement
M10MCDVPCZ6D176;MERCEDES;S 400;entrainement
M10MCDVPCZ6E105;MERCEDES;S 400;entrainement
M10MCDVPCZ6E177;MERCEDES;S 400;entrainement
M10MCDVPCZ6F106;MERCEDES;S 400;entrainement
M10MCDVPCZ6F178;MERCEDES;S 400;entrainement
M10MCDVPCZ6G107;MERCEDES;S 400;entrainement
M10MCDVPCZ6G179;MERCEDES;S 400;entrainement
M10MCDVPCZ6H108;MERCEDES;S 400;entrainement
M10MCDVPCZ6H180;MERCEDES;S 400;entrainement
M10MCDVPCZ6J109;MERCEDES;S 400;entrainement
M10MCDVPCZ6J110;MERCEDES;S 400;entrainement
M10MCDVPCZ6K111;MERCEDES;S 400;entrainement
M10MCDVPCZ6L112;MERCEDES;S 400;entrainement
M10MCDVPCZ6M113;MERCEDES;S 400;entrainement
M10MCDVPCZ6M149;MERCEDES;S 400;entrainement
M10MCDVPCZ6N114;MERCEDES;S 400;entrainement
M10MCDVPCZ6N150;MERCEDES;S 400;entrainement
M10MCDVPCZ6P115;MERCEDES;S 400;entrainement
M10MCDVPCZ6P116;MERCEDES;S 400;entrainement
M10MCDVPCZ6P151;MERCEDES;S 400;entrainement
M10MCDVPCZ6P152;MERCEDES;S 400;entrainement
M10MCDVPCZ6R117;MERCEDES;S 400;entrainement
M10MCDVPCZ6R118;MERCEDES;S 400;entrainement
M10MCDVPCZ6R153;MERCEDES;S 400;entrainement
M10MCDVPCZ6R154;MERCEDES;S 400;entrainement
M10MCDVPCZ6S119;MERCEDES;S 400;entrainement
M10MCDVPCZ6S155;MERCEDES;S 400;entrainement
M10MCDVPCZ6T120;MERCEDES;S 400;entrainement
M10MCDVPCZ6T156;MERCEDES;S 400;entrainement
M10MCDVPCZ6U157;MERCEDES;S 400;entrainement
M10MCDVPCZ6V158;MERCEDES;S 400;entrainement
M10MCDVPCZ6W159;MERCEDES;S 400;entrainement
M10MCDVPCZ6X160;MERCEDES;S 400;entrainement
M10MCDVPCZ6Y161;MERCEDES;S 400;entrainement
M10MCDVPCZ6Z162;MERCEDES;S 400;entrainement
M10MCDVPPX60964;MERCEDES;S 400;entrainement
M10MCDVPPX61965;MERCEDES;S 400;entrainement
M10MCDVPPX62966;MERCEDES;S 400;entrainement
M10MCDVPPX63967;MERCEDES;S 400;entrainement
M10MCDVPPX64968;MERCEDES;S 400;entrainement
M10MCDVPPX65969;MERCEDES;S 400;entrainement
M10MCDVPPX66801;MERCEDES;S 400;entrainement
M10MCDVPPX67802;MERCEDES;S 400;entrainement
M10MCDVPPX68803;MERCEDES;S 400;entrainement
M10MCDVPPX69804;MERCEDES;S 400;entrainement
M10MCDVPPX6A805;MERCEDES;S 400;entrainement
M10MCDVPPX6B806;MERCEDES;S 400;entrainement
M10MCDVPPX6C807;MERCEDES;S 400;entrainement
M10MCDVPPX6D808;MERCEDES;S 400;entrainement
M10MCDVPPX6E809;MERCEDES;S 400;entrainement
M10MCDVPPX6F810;MERCEDES;S 400;entrainement
M10MCDVPPX6G811;MERCEDES;S 400;entrainement
M10MCDVPPX6H812;MERCEDES;S 400;entrainement
M10MCDVPPX6H970;MERCEDES;S 400;entrainement
M10MCDVPPX6J813;MERCEDES;S 400;entrainement
M10MCDVPPX6J814;MERCEDES;S 400;entrainement
M10MCDVPPX6J971;MERCEDES;S 400;entrainement
M10MCDVPPX6J972;MERCEDES;S 400;entrainement
M10MCDVPPX6K973;MERCEDES;S 400;entrainement
M10MCDVPPX6L949;MERCEDES;S 400;entrainement
M10MCDVPPX6L974;MERCEDES;S 400;entrainement
M10MCDVPPX6M950;MERCEDES;S 400;entrainement
M10MCDVPPX6M975;MERCEDES;S 400;entrainement
M10MCDVPPX6N951;MERCEDES;S 400;entrainement
M10MCDVPPX6N976;MERCEDES;S 400;entrainement
M10MCDVPPX6P952;MERCEDES;S 400;entrainement
M10MCDVPPX6P953;MERCEDES;S 400;entrainement
M10MCDVPPX6R954;MERCEDES;S 400;entrainement
M10MCDVPPX6R955;MERCEDES;S 400;entrainement
M10MCDVPPX6S956;MERCEDES;S 400;entrainement
M10MCDVPPX6T957;MERCEDES;S 400;entrainement
M10MCDVPPX6U958;MERCEDES;S 400;entrainement
M10MCDVPPX6V959;MERCEDES;S 400;entrainement
M10MCDVPPX6W960;MERCEDES;S 400;entrainement
M10MCDVPPX6X961;MERCEDES;S 400;entrainement
M10MCDVPPX6Y962;MERCEDES;S 400;entrainement
M10MCDVPPX6Z963;MERCEDES;S 400;entrainement
M10MCDVPFX23291;MERCEDES;S 500;entrainement
M10MCDVPFX25268;MERCEDES;S 500;entrainement
M10MCDVPFX26172;MERCEDES;S 500;entrainement
M10MCDVPFX26269;MERCEDES;S 500;entrainement
M10MCDVPFX27173;MERCEDES;S 500;entrainement
M10MCDVPFX27270;MERCEDES;S 500;entrainement
M10MCDVPFX28174;MERCEDES;S 500;entrainement
M10MCDVPFX28271;MERCEDES;S 500;entrainement
M10MCDVPFX29175;MERCEDES;S 500;entrainement
M10MCDVPFX29272;MERCEDES;S 500;entrainement
M10MCDVPFX2A176;MERCEDES;S 500;entrainement
M10MCDVPFX2A273;MERCEDES;S 500;entrainement
M10MCDVPFX2B177;MERCEDES;S 500;entrainement
M10MCDVPFX2B274;MERCEDES;S 500;entrainement
M10MCDVPFX2C178;MERCEDES;S 500;entrainement
M10MCDVPFX2C275;MERCEDES;S 500;entrainement
M10MCDVPFX2D179;MERCEDES;S 500;entrainement
M10MCDVPFX2D276;MERCEDES;S 500;entrainement
M10MCDVPFX2E180;MERCEDES;S 500;entrainement
M10MCDVPFX2E277;MERCEDES;S 500;entrainement
M10MCDVPFX2F181;MERCEDES;S 500;entrainement
M10MCDVPFX2F278;MERCEDES;S 500;entrainement
M10MCDVPFX2G182;MERCEDES;S 500;entrainement
M10MCDVPFX2G279;MERCEDES;S 500;entrainement
M10MCDVPFX2H183;MERCEDES;S 500;entrainement
M10MCDVPFX2H280;MERCEDES;S 500;entrainement
M10MCDVPFX2J281;MERCEDES;S 500;entrainement
M10MCDVPFX2J282;MERCEDES;S 500;entrainement
M10MCDVPFX2K283;MERCEDES;S 500;entrainement
M10MCDVPFX2L284;MERCEDES;S 500;entrainement
M10MCDVPFX2M285;MERCEDES;S 500;entrainement
M10MCDVPFX2N286;MERCEDES;S 500;entrainement
M10MCDVPFX2P287;MERCEDES;S 500;entrainement
M10MCDVPFX2P288;MERCEDES;S 500;entrainement
M10MCDVPFX2R289;MERCEDES;S 500;entrainement
M10MCDVPFX2R290;MERCEDES;S 500;entrainement
M10MCDVPJV16717;MERCEDES;S 500;entrainement
M10MCDVPJV17718;MERCEDES;S 500;entrainement
M10MCDVPJV18719;MERCEDES;S 500;entrainement
M10MCDVPJV19720;MERCEDES;S 500;entrainement
M10MCDVPJV1A721;MERCEDES;S 500;entrainement
M10MCDVPJV1B722;MERCEDES;S 500;entrainement
M10MCDVPJV1C723;MERCEDES;S 500;entrainement
M10MCDVPJV1D724;MERCEDES;S 500;entrainement
M10MCDVPJV1E725;MERCEDES;S 500;entrainement
M10MCDVPJV1F726;MERCEDES;S 500;entrainement
M10MCDVPJV1G727;MERCEDES;S 500;entrainement
M10MCDVPJV1H728;MERCEDES;S 500;entrainement
M10MCDVPJV1J729;MERCEDES;S 500;entrainement
M10MCDVPJV1J730;MERCEDES;S 500;entrainement
M10MCDVPJV1K731;MERCEDES;S 500;entrainement
M10MCDVPJV1L732;MERCEDES;S 500;entrainement
M10MCDVPJV1M733;MERCEDES;S 500;entrainement
M10MCDVPJV1N601;MERCEDES;S 500;entrainement
M10MCDVPJV1N734;MERCEDES;S 500;entrainement
M10MCDVPJV1P602;MERCEDES;S 500;entrainement
M10MCDVPJV1P603;MERCEDES;S 500;entrainement
M10MCDVPJV1P735;MERCEDES;S 500;entrainement
M10MCDVPJV1P736;MERCEDES;S 500;entrainement
M10MCDVPJV1R604;MERCEDES;S 500;entrainement
M10MCDVPJV1R605;MERCEDES;S 500;entrainement
M10MCDVPJV1R737;MERCEDES;S 500;entrainement
M10MCDVPJV1R738;MERCEDES;S 500;entrainement
M10MCDVPJV1R799;MERCEDES;S 500;entrainement
M10MCDVPJV1S606;MERCEDES;S 500;entrainement
M10MCDVPJV1S739;MERCEDES;S 500;entrainement
M10MCDVPJV1S800;MERCEDES;S 500;entrainement
M10MCDVPJV1T607;MERCEDES;S 500;entrainement
M10MCDVPJV1T740;MERCEDES;S 500;entrainement
M10MCDVPJV1T801;MERCEDES;S 500;entrainement
M10MCDVPJV1U608;MERCEDES;S 500;entrainement
M10MCDVPJV1U802;MERCEDES;S 500;entrainement
M10MCDVPJV1V609;MERCEDES;S 500;entrainement
M10MCDVPJV1V803;MERCEDES;S 500;entrainement
M10MCDVPJV1W610;MERCEDES;S 500;entrainement
M10MCDVPJV1W804;MERCEDES;S 500;entrainement
M10MCDVPJV1X611;MERCEDES;S 500;entrainement
M10MCDVPJV1Y612;MERCEDES;S 500;entrainement
M10MCDVPKL20852;MERCEDES;S 500;entrainement
M10MCDVPKL21853;MERCEDES;S 500;entrainement
M10MCDVPKL2E830;MERCEDES;S 500;entrainement
M10MCDVPKL2F831;MERCEDES;S 500;entrainement
M10MCDVPKL2G832;MERCEDES;S 500;entrainement
M10MCDVPKL2H833;MERCEDES;S 500;entrainement
M10MCDVPKL2J834;MERCEDES;S 500;entrainement
M10MCDVPKL2J835;MERCEDES;S 500;entrainement
M10MCDVPKL2K836;MERCEDES;S 500;entrainement
M10MCDVPKL2L837;MERCEDES;S 500;entrainement
M10MCDVPKL2M838;MERCEDES;S 500;entrainement
M10MCDVPKL2N839;MERCEDES;S 500;entrainement
M10MCDVPKL2P840;MERCEDES;S 500;entrainement
M10MCDVPKL2P841;MERCEDES;S 500;entrainement
M10MCDVPKL2R842;MERCEDES;S 500;entrainement
M10MCDVPKL2R843;MERCEDES;S 500;entrainement
M10MCDVPKL2S844;MERCEDES;S 500;entrainement
M10MCDVPKL2T845;MERCEDES;S 500;entrainement
M10MCDVPKL2U846;MERCEDES;S 500;entrainement
M10MCDVPKL2W848;MERCEDES;S 500;entrainement
M10MCDVPKL2X849;MERCEDES;S 500;entrainement
M10MCDVPKL2Y850;MERCEDES;S 500;entrainement
M10MCDVPKL2Z851;MERCEDES;S 500;entrainement
M10MCDVPKL30039;MERCEDES;S 500;entrainement
M10MCDVPKL31040;MERCEDES;S 500;entrainement
M10MCDVPKL32041;MERCEDES;S 500;entrainement
M10MCDVPKL33006;MERCEDES;S 500;entrainement
M10MCDVPKL33042;MERCEDES;S 500;entrainement
M10MCDVPKL34007;MERCEDES;S 500;entrainement
M10MCDVPKL34043;MERCEDES;S 500;entrainement
M10MCDVPKL35008;MERCEDES;S 500;entrainement
M10MCDVPKL35044;MERCEDES;S 500;entrainement
M10MCDVPKL36009;MERCEDES;S 500;entrainement
M10MCDVPKL36045;MERCEDES;S 500;entrainement
M10MCDVPKL37010;MERCEDES;S 500;entrainement
M10MCDVPKL37046;MERCEDES;S 500;entrainement
M10MCDVPKL38011;MERCEDES;S 500;entrainement
M10MCDVPKL38047;MERCEDES;S 500;entrainement
M10MCDVPKL39012;MERCEDES;S 500;entrainement
M10MCDVPKL39048;MERCEDES;S 500;entrainement
M10MCDVPKL3A013;MERCEDES;S 500;entrainement
M10MCDVPKL3A049;MERCEDES;S 500;entrainement
M10MCDVPKL3A146;MERCEDES;S 500;entrainement
M10MCDVPKL3B014;MERCEDES;S 500;entrainement
M10MCDVPKL3B050;MERCEDES;S 500;entrainement
M10MCDVPKL3B147;MERCEDES;S 500;entrainement
M10MCDVPKL3C015;MERCEDES;S 500;entrainement
M10MCDVPKL3C051;MERCEDES;S 500;entrainement
M10MCDVPKL3C148;MERCEDES;S 500;entrainement
M10MCDVPKL3D016;MERCEDES;S 500;entrainement
M10MCDVPKL3D052;MERCEDES;S 500;entrainement
M10MCDVPKL3D149;MERCEDES;S 500;entrainement
M10MCDVPKL3E017;MERCEDES;S 500;entrainement
M10MCDVPKL3E053;MERCEDES;S 500;entrainement
M10MCDVPKL3E150;MERCEDES;S 500;entrainement
M10MCDVPKL3F018;MERCEDES;S 500;entrainement
M10MCDVPKL3F151;MERCEDES;S 500;entrainement
M10MCDVPKL3G019;MERCEDES;S 500;entrainement
M10MCDVPKL3H020;MERCEDES;S 500;entrainement
M10MCDVPKL3J021;MERCEDES;S 500;entrainement
M10MCDVPKL3J022;MERCEDES;S 500;entrainement
M10MCDVPKL3K023;MERCEDES;S 500;entrainement
M10MCDVPKL3L024;MERCEDES;S 500;entrainement
M10MCDVPKL3M025;MERCEDES;S 500;entrainement
M10MCDVPKL3N026;MERCEDES;S 500;entrainement
M10MCDVPKL3P027;MERCEDES;S 500;entrainement
M10MCDVPKL3P028;MERCEDES;S 500;entrainement
M10MCDVPKL3R029;MERCEDES;S 500;entrainement
M10MCDVPKL3R030;MERCEDES;S 500;entrainement
M10MCDVPKL3S031;MERCEDES;S 500;entrainement
M10MCDVPKL3T032;MERCEDES;S 500;entrainement
M10MCDVPKL3U033;MERCEDES;S 500;entrainement
M10MCDVPKL3V034;MERCEDES;S 500;entrainement
M10MCDVPKL3W035;MERCEDES;S 500;entrainement
M10MCDVPKL3X036;MERCEDES;S 500;entrainement
M10MCDVPKL3Y037;MERCEDES;S 500;entrainement
M10MCDVPKL3Z038;MERCEDES;S 500;entrainement
M10MCDVPKZ8N564;MERCEDES;S 500;entrainement
M10MCDVPKZ8P565;MERCEDES;S 500;entrainement
M10MCDVPKZ8P566;MERCEDES;S 500;entrainement
M10MCDVPKZ8R567;MERCEDES;S 500;entrainement
M10MCDVPKZ8R568;MERCEDES;S 500;entrainement
M10MCDVPKZ8S569;MERCEDES;S 500;entrainement
M10MCDVPLX4R766;MERCEDES;S 500;entrainement
M10MCDVPLX4S768;MERCEDES;S 500;entrainement
M10MCDVPLX4U770;MERCEDES;S 500;entrainement
M10MCDVPLX4V771;MERCEDES;S 500;entrainement
M10MCDVPLX4X773;MERCEDES;S 500;entrainement
M10MCDVPLX4Z775;MERCEDES;S 500;entrainement
M10MCDVPPX60831;MERCEDES;S 500;entrainement
M10MCDVPPX61832;MERCEDES;S 500;entrainement
M10MCDVPPX62833;MERCEDES;S 500;entrainement
M10MCDVPPX63834;MERCEDES;S 500;entrainement
M10MCDVPPX64835;MERCEDES;S 500;entrainement
M10MCDVPPX65836;MERCEDES;S 500;entrainement
M10MCDVPPX66837;MERCEDES;S 500;entrainement
M10MCDVPPX67838;MERCEDES;S 500;entrainement
M10MCDVPPX68839;MERCEDES;S 500;entrainement
M10MCDVPPX69840;MERCEDES;S 500;entrainement
M10MCDVPPX6A841;MERCEDES;S 500;entrainement
M10MCDVPPX6B842;MERCEDES;S 500;entrainement
M10MCDVPPX6C843;MERCEDES;S 500;entrainement
M10MCDVPPX6D844;MERCEDES;S 500;entrainement
M10MCDVPPX6E845;MERCEDES;S 500;entrainement
M10MCDVPPX6F846;MERCEDES;S 500;entrainement
M10MCDVPPX6G847;MERCEDES;S 500;entrainement
M10MCDVPPX6H848;MERCEDES;S 500;entrainement
M10MCDVPPX6P819;MERCEDES;S 500;entrainement
M10MCDVPPX6P820;MERCEDES;S 500;entrainement
M10MCDVPPX6R821;MERCEDES;S 500;entrainement
M10MCDVPPX6R822;MERCEDES;S 500;entrainement
M10MCDVPPX6S823;MERCEDES;S 500;entrainement
M10MCDVPPX6T824;MERCEDES;S 500;entrainement
M10MCDVPPX6U825;MERCEDES;S 500;entrainement
M10MCDVPPX6V826;MERCEDES;S 500;entrainement
M10MCDVPPX6W827;MERCEDES;S 500;entrainement
M10MCDVPPX6X828;MERCEDES;S 500;entrainement
M10MCDVPPX6Y829;MERCEDES;S 500;entrainement
M10MCDVPPX6Z830;MERCEDES;S 500;entrainement
M10MCDVPPX70054;MERCEDES;S 500;entrainement
M10MCDVPPX70090;MERCEDES;S 500;entrainement
M10MCDVPPX71055;MERCEDES;S 500;entrainement
M10MCDVPPX71091;MERCEDES;S 500;entrainement
M10MCDVPPX72056;MERCEDES;S 500;entrainement
M10MCDVPPX72092;MERCEDES;S 500;entrainement
M10MCDVPPX73057;MERCEDES;S 500;entrainement
M10MCDVPPX74058;MERCEDES;S 500;entrainement
M10MCDVPPX75059;MERCEDES;S 500;entrainement
M10MCDVPPX76060;MERCEDES;S 500;entrainement
M10MCDVPPX77061;MERCEDES;S 500;entrainement
M10MCDVPPX78062;MERCEDES;S 500;entrainement
M10MCDVPPX79063;MERCEDES;S 500;entrainement
M10MCDVPPX7A064;MERCEDES;S 500;entrainement
M10MCDVPPX7A161;MERCEDES;S 500;entrainement
M10MCDVPPX7B065;MERCEDES;S 500;entrainement
M10MCDVPPX7B162;MERCEDES;S 500;entrainement
M10MCDVPPX7C066;MERCEDES;S 500;entrainement
M10MCDVPPX7C163;MERCEDES;S 500;entrainement
M10MCDVPPX7D067;MERCEDES;S 500;entrainement
M10MCDVPPX7D164;MERCEDES;S 500;entrainement
M10MCDVPPX7E068;MERCEDES;S 500;entrainement
M10MCDVPPX7E165;MERCEDES;S 500;entrainement
M10MCDVPPX7F069;MERCEDES;S 500;entrainement
M10MCDVPPX7F166;MERCEDES;S 500;entrainement
M10MCDVPPX7G070;MERCEDES;S 500;entrainement
M10MCDVPPX7G167;MERCEDES;S 500;entrainement
M10MCDVPPX7H071;MERCEDES;S 500;entrainement
M10MCDVPPX7H168;MERCEDES;S 500;entrainement
M10MCDVPPX7J037;MERCEDES;S 500;entrainement
M10MCDVPPX7J072;MERCEDES;S 500;entrainement
M10MCDVPPX7J073;MERCEDES;S 500;entrainement
M10MCDVPPX7J169;MERCEDES;S 500;entrainement
M10MCDVPPX7J170;MERCEDES;S 500;entrainement
M10MCDVPPX7K038;MERCEDES;S 500;entrainement
M10MCDVPPX7K074;MERCEDES;S 500;entrainement
M10MCDVPPX7L039;MERCEDES;S 500;entrainement
M10MCDVPPX7L075;MERCEDES;S 500;entrainement
M10MCDVPPX7M040;MERCEDES;S 500;entrainement
M10MCDVPPX7M076;MERCEDES;S 500;entrainement
M10MCDVPPX7N041;MERCEDES;S 500;entrainement
M10MCDVPPX7N077;MERCEDES;S 500;entrainement
M10MCDVPPX7P042;MERCEDES;S 500;entrainement
M10MCDVPPX7P043;MERCEDES;S 500;entrainement
M10MCDVPPX7P078;MERCEDES;S 500;entrainement
M10MCDVPPX7P079;MERCEDES;S 500;entrainement
M10MCDVPPX7R044;MERCEDES;S 500;entrainement
M10MCDVPPX7R045;MERCEDES;S 500;entrainement
M10MCDVPPX7R080;MERCEDES;S 500;entrainement
M10MCDVPPX7R081;MERCEDES;S 500;entrainement
M10MCDVPPX7S046;MERCEDES;S 500;entrainement
M10MCDVPPX7S082;MERCEDES;S 500;entrainement
M10MCDVPPX7T047;MERCEDES;S 500;entrainement
M10MCDVPPX7T083;MERCEDES;S 500;entrainement
M10MCDVPPX7U048;MERCEDES;S 500;entrainement
M10MCDVPPX7U084;MERCEDES;S 500;entrainement
M10MCDVPPX7V049;MERCEDES;S 500;entrainement
M10MCDVPPX7V085;MERCEDES;S 500;entrainement
M10MCDVPPX7W050;MERCEDES;S 500;entrainement
M10MCDVPPX7W086;MERCEDES;S 500;entrainement
M10MCDVPPX7X051;MERCEDES;S 500;entrainement
M10MCDVPPX7X087;MERCEDES;S 500;entrainement
M10MCDVPPX7Y052;MERCEDES;S 500;entrainement
M10MCDVPPX7Y088;MERCEDES;S 500;entrainement
M10MCDVPPX7Z053;MERCEDES;S 500;entrainement
M10MCDVPPX7Z089;MERCEDES;S 500;entrainement
M10MCDVPJV10650;MERCEDES;S 600;entrainement
M10MCDVPJV11651;MERCEDES;S 600;entrainement
M10MCDVPJV12652;MERCEDES;S 600;entrainement
M10MCDVPJV13653;MERCEDES;S 600;entrainement
M10MCDVPJV14654;MERCEDES;S 600;entrainement
M10MCDVPJV15655;MERCEDES;S 600;entrainement
M10MCDVPJV16656;MERCEDES;S 600;entrainement
M10MCDVPJV1R641;MERCEDES;S 600;entrainement
M10MCDVPJV1S642;MERCEDES;S 600;entrainement
M10MCDVPJV1T643;MERCEDES;S 600;entrainement
M10MCDVPJV1U644;MERCEDES;S 600;entrainement
M10MCDVPJV1V645;MERCEDES;S 600;entrainement
M10MCDVPJV1W646;MERCEDES;S 600;entrainement
M10MCDVPJV1X647;MERCEDES;S 600;entrainement
M10MCDVPJV1Y648;MERCEDES;S 600;entrainement
M10MCDVPJV1Z649;MERCEDES;S 600;entrainement
M10MCDVPKZ81542;MERCEDES;S 600;entrainement
M10MCDVPKZ82543;MERCEDES;S 600;entrainement
M10MCDVPKZ83544;MERCEDES;S 600;entrainement
M10MCDVPKZ84545;MERCEDES;S 600;entrainement
M10MCDVPKZ85546;MERCEDES;S 600;entrainement
M10MCDVPKZ86547;MERCEDES;S 600;entrainement
M10MCDVPKZ87548;MERCEDES;S 600;entrainement
M10MCDVPKZ88549;MERCEDES;S 600;entrainement
M10MCDVPKZ89550;MERCEDES;S 600;entrainement
M10MCDVPKZ8A551;MERCEDES;S 600;entrainement
M10MCDVPKZ8B552;MERCEDES;S 600;entrainement
M10MCDVPKZ8C553;MERCEDES;S 600;entrainement
M10MCDVPKZ8D554;MERCEDES;S 600;entrainement
M10MCDVPKZ8E555;MERCEDES;S 600;entrainement
M10MCDVPKZ8F556;MERCEDES;S 600;entrainement
M10MCDVPKZ8G557;MERCEDES;S 600;entrainement
M10MCDVPLX40704;MERCEDES;S 600;entrainement
M10MCDVPLX41705;MERCEDES;S 600;entrainement
M10MCDVPLX42706;MERCEDES;S 600;entrainement
M10MCDVPLX43707;MERCEDES;S 600;entrainement
M10MCDVPLX44708;MERCEDES;S 600;entrainement
M10MCDVPLX45709;MERCEDES;S 600;entrainement
M10MCDVPLX46710;MERCEDES;S 600;entrainement
M10MCDVPLX47711;MERCEDES;S 600;entrainement
M10MCDVPLX48712;MERCEDES;S 600;entrainement
M10MCDVPLX49713;MERCEDES;S 600;entrainement
M10MCDVPLX4A714;MERCEDES;S 600;entrainement
M10MCDVPLX4B715;MERCEDES;S 600;entrainement
M10MCDVPLX4C716;MERCEDES;S 600;entrainement
M10MCDVPLX4D717;MERCEDES;S 600;entrainement
M10MCDVPLX4Y702;MERCEDES;S 600;entrainement
M10MCDVPLX4Z703;MERCEDES;S 600;entrainement
M10MCDVPPX70018;MERCEDES;S 600;entrainement
M10MCDVPPX71019;MERCEDES;S 600;entrainement
M10MCDVPPX72020;MERCEDES;S 600;entrainement
M10MCDVPPX7N005;MERCEDES;S 600;entrainement
M10MCDVPPX7P006;MERCEDES;S 600;entrainement
M10MCDVPPX7P007;MERCEDES;S 600;entrainement
M10MCDVPPX7R008;MERCEDES;S 600;entrainement
M10MCDVPPX7R009;MERCEDES;S 600;entrainement
M10MCDVPPX7S010;MERCEDES;S 600;entrainement
M10MCDVPPX7T011;MERCEDES;S 600;entrainement
M10MCDVPPX7U012;MERCEDES;S 600;entrainement
M10MCDVPPX7V013;MERCEDES;S 600;entrainement
M10MCDVPPX7W014;MERCEDES;S 600;entrainement
M10MCDVPPX7X015;MERCEDES;S 600;entrainement
M10MCDVPPX7Y016;MERCEDES;S 600;entrainement
M10MCDVPPX7Z017;MERCEDES;S 600;entrainement
M10MCDVPFX20166;MERCEDES;S 63 AMG;test
M10MCDVPFX21167;MERCEDES;S 63 AMG;test
M10MCDVPFX22168;MERCEDES;S 63 AMG;test
M10MCDVPFX23169;MERCEDES;S 63 AMG;test
M10MCDVPFX24170;MERCEDES;S 63 AMG;test
M10MCDVPFX25171;MERCEDES;S 63 AMG;test
M10MCDVPFX2H244;MERCEDES;S 63 AMG;test
M10MCDVPFX2J245;MERCEDES;S 63 AMG;test
M10MCDVPFX2J246;MERCEDES;S 63 AMG;test
M10MCDVPFX2K247;MERCEDES;S 63 AMG;test
M10MCDVPFX2L248;MERCEDES;S 63 AMG;test
M10MCDVPFX2M249;MERCEDES;S 63 AMG;test
M10MCDVPFX2N250;MERCEDES;S 63 AMG;test
M10MCDVPFX2P251;MERCEDES;S 63 AMG;test
M10MCDVPFX2P252;MERCEDES;S 63 AMG;test
M10MCDVPFX2R253;MERCEDES;S 63 AMG;test
M10MCDVPFX2R254;MERCEDES;S 63 AMG;test
M10MCDVPFX2S255;MERCEDES;S 63 AMG;test
M10MCDVPJV17657;MERCEDES;S 63 AMG;test
M10MCDVPJV18658;MERCEDES;S 63 AMG;test
M10MCDVPJV19659;MERCEDES;S 63 AMG;test
M10MCDVPJV1A660;MERCEDES;S 63 AMG;test
M10MCDVPJV1B661;MERCEDES;S 63 AMG;test
M10MCDVPJV1C662;MERCEDES;S 63 AMG;test
M10MCDVPJV1D663;MERCEDES;S 63 AMG;test
M10MCDVPJV1E664;MERCEDES;S 63 AMG;test
M10MCDVPJV1F665;MERCEDES;S 63 AMG;test
M10MCDVPJV1G666;MERCEDES;S 63 AMG;test
M10MCDVPJV1H667;MERCEDES;S 63 AMG;test
M10MCDVPJV1J668;MERCEDES;S 63 AMG;test
M10MCDVPJV1P797;MERCEDES;S 63 AMG;test
M10MCDVPJV1R798;MERCEDES;S 63 AMG;test
M10MCDVPKL38144;MERCEDES;S 63 AMG;test
M10MCDVPKL39145;MERCEDES;S 63 AMG;test
M10MCDVPKZ8J560;MERCEDES;S 63 AMG;test
M10MCDVPKZ8K561;MERCEDES;S 63 AMG;test
M10MCDVPKZ8L562;MERCEDES;S 63 AMG;test
M10MCDVPKZ8M563;MERCEDES;S 63 AMG;test
M10MCDVPPX6K815;MERCEDES;S 63 AMG;test
M10MCDVPPX6L816;MERCEDES;S 63 AMG;test
M10MCDVPPX6M817;MERCEDES;S 63 AMG;test
M10MCDVPPX6N818;MERCEDES;S 63 AMG;test
M10MCDVPPX72153;MERCEDES;S 63 AMG;test
M10MCDVPPX73021;MERCEDES;S 63 AMG;test
M10MCDVPPX73154;MERCEDES;S 63 AMG;test
M10MCDVPPX74022;MERCEDES;S 63 AMG;test
M10MCDVPPX74155;MERCEDES;S 63 AMG;test
M10MCDVPPX75023;MERCEDES;S 63 AMG;test
M10MCDVPPX75156;MERCEDES;S 63 AMG;test
M10MCDVPPX76024;MERCEDES;S 63 AMG;test
M10MCDVPPX76157;MERCEDES;S 63 AMG;test
M10MCDVPPX77025;MERCEDES;S 63 AMG;test
M10MCDVPPX77158;MERCEDES;S 63 AMG;test
M10MCDVPPX78026;MERCEDES;S 63 AMG;test
M10MCDVPPX78159;MERCEDES;S 63 AMG;test
M10MCDVPPX79027;MERCEDES;S 63 AMG;test
M10MCDVPPX79160;MERCEDES;S 63 AMG;test
M10MCDVPPX7A028;MERCEDES;S 63 AMG;test
M10MCDVPPX7B029;MERCEDES;S 63 AMG;test
M10MCDVPPX7C030;MERCEDES;S 63 AMG;test
M10MCDVPPX7D031;MERCEDES;S 63 AMG;test
M10MCDVPPX7E032;MERCEDES;S 63 AMG;test
M10MCDVPPX7F033;MERCEDES;S 63 AMG;test
M10MCDVPPX7G034;MERCEDES;S 63 AMG;test
M10MCDVPPX7H035;MERCEDES;S 63 AMG;test
M10MCDVPPX7J036;MERCEDES;S 63 AMG;test
M10MCDVPGY7C390;MERCEDES;S 65 AMG;entrainement
M10MCDVPGY7D391;MERCEDES;S 65 AMG;entrainement
M10MCDVPGY7E392;MERCEDES;S 65 AMG;entrainement
M10MCDVPGY7F393;MERCEDES;S 65 AMG;entrainement
M10MCDVPGY7G394;MERCEDES;S 65 AMG;entrainement
M10MCDVPGY7H395;MERCEDES;S 65 AMG;entrainement
M10MCDVPGY7J396;MERCEDES;S 65 AMG;entrainement
M10MCDVPGY7J397;MERCEDES;S 65 AMG;entrainement
M10MCDVPKL2P998;MERCEDES;S 65 AMG;entrainement
M10MCDVPKL2P999;MERCEDES;S 65 AMG;entrainement
M10MCDVPKL30003;MERCEDES;S 65 AMG;entrainement
M10MCDVPKL31004;MERCEDES;S 65 AMG;entrainement
M10MCDVPKL32005;MERCEDES;S 65 AMG;entrainement
M10MCDVPKL36142;MERCEDES;S 65 AMG;entrainement
M10MCDVPKL37143;MERCEDES;S 65 AMG;entrainement
M10MCDVPKL3X000;MERCEDES;S 65 AMG;entrainement
M10MCDVPKL3Y001;MERCEDES;S 65 AMG;entrainement
M10MCDVPKL3Z002;MERCEDES;S 65 AMG;entrainement
M10MCDVPKZ8H558;MERCEDES;S 65 AMG;entrainement
M10MCDVPKZ8J559;MERCEDES;S 65 AMG;entrainement
M10MCDVPPX68997;MERCEDES;S 65 AMG;entrainement
M10MCDVPPX69998;MERCEDES;S 65 AMG;entrainement
M10MCDVPPX6A999;MERCEDES;S 65 AMG;entrainement
M10MCDVPPX70151;MERCEDES;S 65 AMG;entrainement
M10MCDVPPX71152;MERCEDES;S 65 AMG;entrainement
M10MCDVPPX7J000;MERCEDES;S 65 AMG;entrainement
M10MCDVPPX7J001;MERCEDES;S 65 AMG;entrainement
M10MCDVPPX7K002;MERCEDES;S 65 AMG;entrainement
M10MCDVPPX7L003;MERCEDES;S 65 AMG;entrainement
M10MCDVPPX7M004;MERCEDES;S 65 AMG;entrainement
M10MCDVPPX7Y149;MERCEDES;S 65 AMG;entrainement
M10MCDVPPX7Z150;MERCEDES;S 65 AMG;entrainement
M10MCDVPGY71354;MERCEDES;S 300;entrainement
M10MCDVPGY72355;MERCEDES;S 300;entrainement
M10MCDVPGY73356;MERCEDES;S 300;entrainement
M10MCDVPGY74357;MERCEDES;S 300;entrainement
M10MCDVPGY75322;MERCEDES;S 300;entrainement
M10MCDVPGY76323;MERCEDES;S 300;entrainement
M10MCDVPGY77324;MERCEDES;S 300;entrainement
M10MCDVPGY78325;MERCEDES;S 300;entrainement
M10MCDVPGY7A291;MERCEDES;S 300;entrainement
M10MCDVPGY7A327;MERCEDES;S 300;entrainement
M10MCDVPGY7B328;MERCEDES;S 300;entrainement
M10MCDVPGY7C293;MERCEDES;S 300;entrainement
M10MCDVPGY7C329;MERCEDES;S 300;entrainement
M10MCDVPGY7D294;MERCEDES;S 300;entrainement
M10MCDVPGY7D330;MERCEDES;S 300;entrainement
M10MCDVPGY7E295;MERCEDES;S 300;entrainement
M10MCDVPGY7E331;MERCEDES;S 300;entrainement
M10MCDVPGY7F296;MERCEDES;S 300;entrainement
M10MCDVPGY7F332;MERCEDES;S 300;entrainement
M10MCDVPGY7G297;MERCEDES;S 300;entrainement
M10MCDVPGY7G333;MERCEDES;S 300;entrainement
M10MCDVPGY7H298;MERCEDES;S 300;entrainement
M10MCDVPGY7H334;MERCEDES;S 300;entrainement
M10MCDVPGY7J299;MERCEDES;S 300;entrainement
M10MCDVPGY7J300;MERCEDES;S 300;entrainement
M10MCDVPGY7J336;MERCEDES;S 300;entrainement
M10MCDVPGY7K337;MERCEDES;S 300;entrainement
M10MCDVPGY7L302;MERCEDES;S 300;entrainement
M10MCDVPGY7L338;MERCEDES;S 300;entrainement
M10MCDVPGY7M303;MERCEDES;S 300;entrainement
M10MCDVPGY7M339;MERCEDES;S 300;entrainement
M10MCDVPGY7N304;MERCEDES;S 300;entrainement
M10MCDVPGY7N340;MERCEDES;S 300;entrainement
M10MCDVPGY7P305;MERCEDES;S 300;entrainement
M10MCDVPGY7P341;MERCEDES;S 300;entrainement
M10MCDVPGY7P342;MERCEDES;S 300;entrainement
M10MCDVPGY7R343;MERCEDES;S 300;entrainement
M10MCDVPGY7S345;MERCEDES;S 300;entrainement
M10MCDVPGY7T346;MERCEDES;S 300;entrainement
M10MCDVPGY7U347;MERCEDES;S 300;entrainement
M10MCDVPGY7V348;MERCEDES;S 300;entrainement
M10MCDVPGY7W288;MERCEDES;S 300;entrainement
M10MCDVPGY7W349;MERCEDES;S 300;entrainement
M10MCDVPGY7X289;MERCEDES;S 300;entrainement
M10MCDVPGY7X350;MERCEDES;S 300;entrainement
M10MCDVPGY7Y290;MERCEDES;S 300;entrainement
M10MCDVPGY7Y351;MERCEDES;S 300;entrainement
M10MCDVPGY7Z352;MERCEDES;S 300;entrainement
M10MCDVPKL20913;MERCEDES;S 300;entrainement
M10MCDVPKL21817;MERCEDES;S 300;entrainement
M10MCDVPKL21914;MERCEDES;S 300;entrainement
M10MCDVPKL22818;MERCEDES;S 300;entrainement
M10MCDVPKL22915;MERCEDES;S 300;entrainement
M10MCDVPKL23819;MERCEDES;S 300;entrainement
M10MCDVPKL23916;MERCEDES;S 300;entrainement
M10MCDVPKL24820;MERCEDES;S 300;entrainement
M10MCDVPKL24917;MERCEDES;S 300;entrainement
M10MCDVPKL25821;MERCEDES;S 300;entrainement
M10MCDVPKL25918;MERCEDES;S 300;entrainement
M10MCDVPKL26822;MERCEDES;S 300;entrainement
M10MCDVPKL26919;MERCEDES;S 300;entrainement
M10MCDVPKL27823;MERCEDES;S 300;entrainement
M10MCDVPKL27920;MERCEDES;S 300;entrainement
M10MCDVPKL28824;MERCEDES;S 300;entrainement
M10MCDVPKL28921;MERCEDES;S 300;entrainement
M10MCDVPKL29922;MERCEDES;S 300;entrainement
M10MCDVPKL2A826;MERCEDES;S 300;entrainement
M10MCDVPKL2A923;MERCEDES;S 300;entrainement
M10MCDVPKL2B827;MERCEDES;S 300;entrainement
M10MCDVPKL2B924;MERCEDES;S 300;entrainement
M10MCDVPKL2C828;MERCEDES;S 300;entrainement
M10MCDVPKL2C925;MERCEDES;S 300;entrainement
M10MCDVPKL2D829;MERCEDES;S 300;entrainement
M10MCDVPKL2D926;MERCEDES;S 300;entrainement
M10MCDVPKL2E927;MERCEDES;S 300;entrainement
M10MCDVPKL2F928;MERCEDES;S 300;entrainement
M10MCDVPKL2G929;MERCEDES;S 300;entrainement
M10MCDVPKL2H930;MERCEDES;S 300;entrainement
M10MCDVPKL2J931;MERCEDES;S 300;entrainement
M10MCDVPKL2J932;MERCEDES;S 300;entrainement
M10MCDVPKL2K933;MERCEDES;S 300;entrainement
M10MCDVPKL2L898;MERCEDES;S 300;entrainement
M10MCDVPKL2M899;MERCEDES;S 300;entrainement
M10MCDVPKL2N900;MERCEDES;S 300;entrainement
M10MCDVPKL2P901;MERCEDES;S 300;entrainement
M10MCDVPKL2P902;MERCEDES;S 300;entrainement
M10MCDVPKL2R903;MERCEDES;S 300;entrainement
M10MCDVPKL2R904;MERCEDES;S 300;entrainement
M10MCDVPKL2S905;MERCEDES;S 300;entrainement
M10MCDVPKL2T906;MERCEDES;S 300;entrainement
M10MCDVPKL2U907;MERCEDES;S 300;entrainement
M10MCDVPKL2V908;MERCEDES;S 300;entrainement
M10MCDVPKL2W812;MERCEDES;S 300;entrainement
M10MCDVPKL2W909;MERCEDES;S 300;entrainement
M10MCDVPKL2X813;MERCEDES;S 300;entrainement
M10MCDVPKL2X910;MERCEDES;S 300;entrainement
M10MCDVPKL2Y814;MERCEDES;S 300;entrainement
M10MCDVPKL2Y911;MERCEDES;S 300;entrainement
M10MCDVPKL2Z815;MERCEDES;S 300;entrainement
M10MCDVPKL2Z912;MERCEDES;S 300;entrainement
M10MCDVPPX60795;MERCEDES;S 300;entrainement
M10MCDVPPX60892;MERCEDES;S 300;entrainement
M10MCDVPPX61796;MERCEDES;S 300;entrainement
M10MCDVPPX61893;MERCEDES;S 300;entrainement
M10MCDVPPX62797;MERCEDES;S 300;entrainement
M10MCDVPPX62894;MERCEDES;S 300;entrainement
M10MCDVPPX63798;MERCEDES;S 300;entrainement
M10MCDVPPX63895;MERCEDES;S 300;entrainement
M10MCDVPPX64799;MERCEDES;S 300;entrainement
M10MCDVPPX64896;MERCEDES;S 300;entrainement
M10MCDVPPX65800;MERCEDES;S 300;entrainement
M10MCDVPPX65897;MERCEDES;S 300;entrainement
M10MCDVPPX66898;MERCEDES;S 300;entrainement
M10MCDVPPX67899;MERCEDES;S 300;entrainement
M10MCDVPPX68900;MERCEDES;S 300;entrainement
M10MCDVPPX69901;MERCEDES;S 300;entrainement
M10MCDVPPX6A902;MERCEDES;S 300;entrainement
M10MCDVPPX6B903;MERCEDES;S 300;entrainement
M10MCDVPPX6C904;MERCEDES;S 300;entrainement
M10MCDVPPX6L877;MERCEDES;S 300;entrainement
M10MCDVPPX6M878;MERCEDES;S 300;entrainement
M10MCDVPPX6N879;MERCEDES;S 300;entrainement
M10MCDVPPX6P880;MERCEDES;S 300;entrainement
M10MCDVPPX6P881;MERCEDES;S 300;entrainement
M10MCDVPPX6R882;MERCEDES;S 300;entrainement
M10MCDVPPX6R883;MERCEDES;S 300;entrainement
M10MCDVPPX6S884;MERCEDES;S 300;entrainement
M10MCDVPPX6T788;MERCEDES;S 300;entrainement
M10MCDVPPX6T885;MERCEDES;S 300;entrainement
M10MCDVPPX6U789;MERCEDES;S 300;entrainement
M10MCDVPPX6U886;MERCEDES;S 300;entrainement
M10MCDVPPX6V790;MERCEDES;S 300;entrainement
M10MCDVPPX6V887;MERCEDES;S 300;entrainement
M10MCDVPPX6W791;MERCEDES;S 300;entrainement
M10MCDVPPX6W888;MERCEDES;S 300;entrainement
M10MCDVPPX6X792;MERCEDES;S 300;entrainement
M10MCDVPPX6X889;MERCEDES;S 300;entrainement
M10MCDVPPX6Y793;MERCEDES;S 300;entrainement
M10MCDVPPX6Y890;MERCEDES;S 300;entrainement
M10MCDVPPX6Z794;MERCEDES;S 300;entrainement
M10MCDVPPX6Z891;MERCEDES;S 300;entrainement
M10MCDVPFX20324;MERCEDES;S 350;test
M10MCDVPFX21325;MERCEDES;S 350;test
M10MCDVPFX22326;MERCEDES;S 350;test
M10MCDVPFX23327;MERCEDES;S 350;test
M10MCDVPFX24328;MERCEDES;S 350;test
M10MCDVPFX25196;MERCEDES;S 350;test
M10MCDVPFX25329;MERCEDES;S 350;test
M10MCDVPFX26197;MERCEDES;S 350;test
M10MCDVPFX26330;MERCEDES;S 350;test
M10MCDVPFX27198;MERCEDES;S 350;test
M10MCDVPFX27331;MERCEDES;S 350;test
M10MCDVPFX28199;MERCEDES;S 350;test
M10MCDVPFX28332;MERCEDES;S 350;test
M10MCDVPFX29200;MERCEDES;S 350;test
M10MCDVPFX29333;MERCEDES;S 350;test
M10MCDVPFX2A201;MERCEDES;S 350;test
M10MCDVPFX2A334;MERCEDES;S 350;test
M10MCDVPFX2B202;MERCEDES;S 350;test
M10MCDVPFX2B335;MERCEDES;S 350;test
M10MCDVPFX2C203;MERCEDES;S 350;test
M10MCDVPFX2C336;MERCEDES;S 350;test
M10MCDVPFX2D204;MERCEDES;S 350;test
M10MCDVPFX2D337;MERCEDES;S 350;test
M10MCDVPFX2E205;MERCEDES;S 350;test
M10MCDVPFX2E338;MERCEDES;S 350;test
M10MCDVPFX2F206;MERCEDES;S 350;test
M10MCDVPFX2F339;MERCEDES;S 350;test
M10MCDVPFX2G207;MERCEDES;S 350;test
M10MCDVPFX2G340;MERCEDES;S 350;test
M10MCDVPFX2H208;MERCEDES;S 350;test
M10MCDVPFX2H341;MERCEDES;S 350;test
M10MCDVPFX2J209;MERCEDES;S 350;test
M10MCDVPFX2J210;MERCEDES;S 350;test
M10MCDVPFX2J342;MERCEDES;S 350;test
M10MCDVPFX2J343;MERCEDES;S 350;test
M10MCDVPFX2K211;MERCEDES;S 350;test
M10MCDVPFX2K344;MERCEDES;S 350;test
M10MCDVPFX2L345;MERCEDES;S 350;test
M10MCDVPFX2M346;MERCEDES;S 350;test
M10MCDVPFX2N347;MERCEDES;S 350;test
M10MCDVPFX2S316;MERCEDES;S 350;test
M10MCDVPFX2T317;MERCEDES;S 350;test
M10MCDVPFX2U318;MERCEDES;S 350;test
M10MCDVPFX2V319;MERCEDES;S 350;test
M10MCDVPFX2W320;MERCEDES;S 350;test
M10MCDVPFX2X321;MERCEDES;S 350;test
M10MCDVPFX2Y322;MERCEDES;S 350;test
M10MCDVPFX2Z323;MERCEDES;S 350;test
M10MCDVPJV14776;MERCEDES;S 350;test
M10MCDVPJV15777;MERCEDES;S 350;test
M10MCDVPJV16778;MERCEDES;S 350;test
M10MCDVPJV17779;MERCEDES;S 350;test
M10MCDVPJV18780;MERCEDES;S 350;test
M10MCDVPJV19781;MERCEDES;S 350;test
M10MCDVPJV1A782;MERCEDES;S 350;test
M10MCDVPJV1B625;MERCEDES;S 350;test
M10MCDVPJV1B783;MERCEDES;S 350;test
M10MCDVPJV1C626;MERCEDES;S 350;test
M10MCDVPJV1C784;MERCEDES;S 350;test
M10MCDVPJV1D627;MERCEDES;S 350;test
M10MCDVPJV1D785;MERCEDES;S 350;test
M10MCDVPJV1E628;MERCEDES;S 350;test
M10MCDVPJV1E786;MERCEDES;S 350;test
M10MCDVPJV1F629;MERCEDES;S 350;test
M10MCDVPJV1F787;MERCEDES;S 350;test
M10MCDVPJV1G630;MERCEDES;S 350;test
M10MCDVPJV1G788;MERCEDES;S 350;test
M10MCDVPJV1H631;MERCEDES;S 350;test
M10MCDVPJV1H789;MERCEDES;S 350;test
M10MCDVPJV1J632;MERCEDES;S 350;test
M10MCDVPJV1J633;MERCEDES;S 350;test
M10MCDVPJV1J765;MERCEDES;S 350;test
M10MCDVPJV1J766;MERCEDES;S 350;test
M10MCDVPJV1J790;MERCEDES;S 350;test
M10MCDVPJV1J791;MERCEDES;S 350;test
M10MCDVPJV1K634;MERCEDES;S 350;test
M10MCDVPJV1K767;MERCEDES;S 350;test
M10MCDVPJV1K792;MERCEDES;S 350;test
M10MCDVPJV1L635;MERCEDES;S 350;test
M10MCDVPJV1L768;MERCEDES;S 350;test
M10MCDVPJV1L793;MERCEDES;S 350;test
M10MCDVPJV1M636;MERCEDES;S 350;test
M10MCDVPJV1M769;MERCEDES;S 350;test
M10MCDVPJV1M794;MERCEDES;S 350;test
M10MCDVPJV1N637;MERCEDES;S 350;test
M10MCDVPJV1N770;MERCEDES;S 350;test
M10MCDVPJV1N795;MERCEDES;S 350;test
M10MCDVPJV1P638;MERCEDES;S 350;test
M10MCDVPJV1P639;MERCEDES;S 350;test
M10MCDVPJV1P771;MERCEDES;S 350;test
M10MCDVPJV1P772;MERCEDES;S 350;test
M10MCDVPJV1P796;MERCEDES;S 350;test
M10MCDVPJV1R640;MERCEDES;S 350;test
M10MCDVPJV1R773;MERCEDES;S 350;test
M10MCDVPJV1R774;MERCEDES;S 350;test
M10MCDVPJV1S775;MERCEDES;S 350;test
M10MCDVPKL20877;MERCEDES;S 350;test
M10MCDVPKL21878;MERCEDES;S 350;test
M10MCDVPKL22879;MERCEDES;S 350;test
M10MCDVPKL23880;MERCEDES;S 350;test
M10MCDVPKL24881;MERCEDES;S 350;test
M10MCDVPKL25882;MERCEDES;S 350;test
M10MCDVPKL26883;MERCEDES;S 350;test
M10MCDVPKL27884;MERCEDES;S 350;test
M10MCDVPKL28885;MERCEDES;S 350;test
M10MCDVPKL29886;MERCEDES;S 350;test
M10MCDVPKL2A887;MERCEDES;S 350;test
M10MCDVPKL2B888;MERCEDES;S 350;test
M10MCDVPKL2C889;MERCEDES;S 350;test
M10MCDVPKL2D890;MERCEDES;S 350;test
M10MCDVPKL2E866;MERCEDES;S 350;test
M10MCDVPKL2E891;MERCEDES;S 350;test
M10MCDVPKL2F867;MERCEDES;S 350;test
M10MCDVPKL2F892;MERCEDES;S 350;test
M10MCDVPKL2G868;MERCEDES;S 350;test
M10MCDVPKL2G893;MERCEDES;S 350;test
M10MCDVPKL2H869;MERCEDES;S 350;test
M10MCDVPKL2H894;MERCEDES;S 350;test
M10MCDVPKL2J870;MERCEDES;S 350;test
M10MCDVPKL2J871;MERCEDES;S 350;test
M10MCDVPKL2J895;MERCEDES;S 350;test
M10MCDVPKL2J896;MERCEDES;S 350;test
M10MCDVPKL2K872;MERCEDES;S 350;test
M10MCDVPKL2K897;MERCEDES;S 350;test
M10MCDVPKL2W873;MERCEDES;S 350;test
M10MCDVPKL2X874;MERCEDES;S 350;test
M10MCDVPKL2Y875;MERCEDES;S 350;test
M10MCDVPKL2Z876;MERCEDES;S 350;test
M10MCDVPKL30100;MERCEDES;S 350;test
M10MCDVPKL30136;MERCEDES;S 350;test
M10MCDVPKL31101;MERCEDES;S 350;test
M10MCDVPKL31137;MERCEDES;S 350;test
M10MCDVPKL32102;MERCEDES;S 350;test
M10MCDVPKL32138;MERCEDES;S 350;test
M10MCDVPKL33078;MERCEDES;S 350;test
M10MCDVPKL33103;MERCEDES;S 350;test
M10MCDVPKL33139;MERCEDES;S 350;test
M10MCDVPKL34079;MERCEDES;S 350;test
M10MCDVPKL34104;MERCEDES;S 350;test
M10MCDVPKL34140;MERCEDES;S 350;test
M10MCDVPKL35080;MERCEDES;S 350;test
M10MCDVPKL35105;MERCEDES;S 350;test
M10MCDVPKL35141;MERCEDES;S 350;test
M10MCDVPKL36081;MERCEDES;S 350;test
M10MCDVPKL36106;MERCEDES;S 350;test
M10MCDVPKL37082;MERCEDES;S 350;test
M10MCDVPKL37107;MERCEDES;S 350;test
M10MCDVPKL38083;MERCEDES;S 350;test
M10MCDVPKL38108;MERCEDES;S 350;test
M10MCDVPKL39084;MERCEDES;S 350;test
M10MCDVPKL39109;MERCEDES;S 350;test
M10MCDVPKL3A085;MERCEDES;S 350;test
M10MCDVPKL3A110;MERCEDES;S 350;test
M10MCDVPKL3B086;MERCEDES;S 350;test
M10MCDVPKL3B111;MERCEDES;S 350;test
M10MCDVPKL3C087;MERCEDES;S 350;test
M10MCDVPKL3C112;MERCEDES;S 350;test
M10MCDVPKL3D088;MERCEDES;S 350;test
M10MCDVPKL3D113;MERCEDES;S 350;test
M10MCDVPKL3E089;MERCEDES;S 350;test
M10MCDVPKL3E114;MERCEDES;S 350;test
M10MCDVPKL3F090;MERCEDES;S 350;test
M10MCDVPKL3F115;MERCEDES;S 350;test
M10MCDVPKL3G091;MERCEDES;S 350;test
M10MCDVPKL3G116;MERCEDES;S 350;test
M10MCDVPKL3H092;MERCEDES;S 350;test
M10MCDVPKL3H117;MERCEDES;S 350;test
M10MCDVPKL3J093;MERCEDES;S 350;test
M10MCDVPKL3J094;MERCEDES;S 350;test
M10MCDVPKL3J118;MERCEDES;S 350;test
M10MCDVPKL3J119;MERCEDES;S 350;test
M10MCDVPKL3K095;MERCEDES;S 350;test
M10MCDVPKL3K120;MERCEDES;S 350;test
M10MCDVPKL3L096;MERCEDES;S 350;test
M10MCDVPKL3L121;MERCEDES;S 350;test
M10MCDVPKL3M122;MERCEDES;S 350;test
M10MCDVPKL3N123;MERCEDES;S 350;test
M10MCDVPKL3P124;MERCEDES;S 350;test
M10MCDVPKL3P125;MERCEDES;S 350;test
M10MCDVPKL3R126;MERCEDES;S 350;test
M10MCDVPKL3R127;MERCEDES;S 350;test
M10MCDVPKL3S128;MERCEDES;S 350;test
M10MCDVPKL3T129;MERCEDES;S 350;test
M10MCDVPKL3U130;MERCEDES;S 350;test
M10MCDVPKL3V131;MERCEDES;S 350;test
M10MCDVPKL3W132;MERCEDES;S 350;test
M10MCDVPKL3X097;MERCEDES;S 350;test
M10MCDVPKL3X133;MERCEDES;S 350;test
M10MCDVPKL3Y098;MERCEDES;S 350;test
M10MCDVPKL3Y134;MERCEDES;S 350;test
M10MCDVPKL3Z099;MERCEDES;S 350;test
M10MCDVPKL3Z135;MERCEDES;S 350;test
M10MCDVPPX60867;MERCEDES;S 350;test
M10MCDVPPX61868;MERCEDES;S 350;test
M10MCDVPPX62869;MERCEDES;S 350;test
M10MCDVPPX63870;MERCEDES;S 350;test
M10MCDVPPX64871;MERCEDES;S 350;test
M10MCDVPPX65872;MERCEDES;S 350;test
M10MCDVPPX6H873;MERCEDES;S 350;test
M10MCDVPPX6J849;MERCEDES;S 350;test
M10MCDVPPX6J850;MERCEDES;S 350;test
M10MCDVPPX6J874;MERCEDES;S 350;test
M10MCDVPPX6J875;MERCEDES;S 350;test
M10MCDVPPX6K851;MERCEDES;S 350;test
M10MCDVPPX6K876;MERCEDES;S 350;test
M10MCDVPPX6L852;MERCEDES;S 350;test
M10MCDVPPX6M853;MERCEDES;S 350;test
M10MCDVPPX6N854;MERCEDES;S 350;test
M10MCDVPPX6P855;MERCEDES;S 350;test
M10MCDVPPX6P856;MERCEDES;S 350;test
M10MCDVPPX6R857;MERCEDES;S 350;test
M10MCDVPPX6R858;MERCEDES;S 350;test
M10MCDVPPX6S859;MERCEDES;S 350;test
M10MCDVPPX6T860;MERCEDES;S 350;test
M10MCDVPPX6U861;MERCEDES;S 350;test
M10MCDVPPX6V862;MERCEDES;S 350;test
M10MCDVPPX6W863;MERCEDES;S 350;test
M10MCDVPPX6X864;MERCEDES;S 350;test
M10MCDVPPX6Y865;MERCEDES;S 350;test
M10MCDVPPX6Z866;MERCEDES;S 350;test
M10MCDVPPX70115;MERCEDES;S 350;test
M10MCDVPPX71116;MERCEDES;S 350;test
M10MCDVPPX72117;MERCEDES;S 350;test
M10MCDVPPX73093;MERCEDES;S 350;test
M10MCDVPPX73118;MERCEDES;S 350;test
M10MCDVPPX74094;MERCEDES;S 350;test
M10MCDVPPX74119;MERCEDES;S 350;test
M10MCDVPPX75095;MERCEDES;S 350;test
M10MCDVPPX75120;MERCEDES;S 350;test
M10MCDVPPX76096;MERCEDES;S 350;test
M10MCDVPPX76121;MERCEDES;S 350;test
M10MCDVPPX77122;MERCEDES;S 350;test
M10MCDVPPX78123;MERCEDES;S 350;test
M10MCDVPPX79124;MERCEDES;S 350;test
M10MCDVPPX7A125;MERCEDES;S 350;test
M10MCDVPPX7B126;MERCEDES;S 350;test
M10MCDVPPX7C127;MERCEDES;S 350;test
M10MCDVPPX7D128;MERCEDES;S 350;test
M10MCDVPPX7E129;MERCEDES;S 350;test
M10MCDVPPX7F130;MERCEDES;S 350;test
M10MCDVPPX7G131;MERCEDES;S 350;test
M10MCDVPPX7H132;MERCEDES;S 350;test
M10MCDVPPX7J097;MERCEDES;S 350;test
M10MCDVPPX7J098;MERCEDES;S 350;test
M10MCDVPPX7J133;MERCEDES;S 350;test
M10MCDVPPX7J134;MERCEDES;S 350;test
M10MCDVPPX7K099;MERCEDES;S 350;test
M10MCDVPPX7K135;MERCEDES;S 350;test
M10MCDVPPX7L100;MERCEDES;S 350;test
M10MCDVPPX7L136;MERCEDES;S 350;test
M10MCDVPPX7M101;MERCEDES;S 350;test
M10MCDVPPX7M137;MERCEDES;S 350;test
M10MCDVPPX7N102;MERCEDES;S 350;test
M10MCDVPPX7N138;MERCEDES;S 350;test
M10MCDVPPX7P103;MERCEDES;S 350;test
M10MCDVPPX7P104;MERCEDES;S 350;test
M10MCDVPPX7P139;MERCEDES;S 350;test
M10MCDVPPX7P140;MERCEDES;S 350;test
M10MCDVPPX7R105;MERCEDES;S 350;test
M10MCDVPPX7R106;MERCEDES;S 350;test
M10MCDVPPX7R141;MERCEDES;S 350;test
M10MCDVPPX7R142;MERCEDES;S 350;test
M10MCDVPPX7S107;MERCEDES;S 350;test
M10MCDVPPX7S143;MERCEDES;S 350;test
M10MCDVPPX7T108;MERCEDES;S 350;test
M10MCDVPPX7T144;MERCEDES;S 350;test
M10MCDVPPX7U109;MERCEDES;S 350;test
M10MCDVPPX7U145;MERCEDES;S 350;test
M10MCDVPPX7V110;MERCEDES;S 350;test
M10MCDVPPX7V146;MERCEDES;S 350;test
M10MCDVPPX7W111;MERCEDES;S 350;test
M10MCDVPPX7W147;MERCEDES;S 350;test
M10MCDVPPX7X112;MERCEDES;S 350;test
M10MCDVPPX7X148;MERCEDES;S 350;test
M10MCDVPPX7Y113;MERCEDES;S 350;test
M10MCDVPPX7Z114;MERCEDES;S 350;test
M10MCDVPCJ3F161;MERCEDES;SL 350;entrainement
M10MCDVPCJ3G162;MERCEDES;SL 350;entrainement
M10MCDVPCJ3H163;MERCEDES;SL 350;entrainement
M10MCDVPCJ3J164;MERCEDES;SL 350;entrainement
M10MCDVPCJ3J165;MERCEDES;SL 350;entrainement
M10MCDVPCJ3K166;MERCEDES;SL 350;entrainement
M10MCDVPCJ3L167;MERCEDES;SL 350;entrainement
M10MCDVPCJ3M168;MERCEDES;SL 350;entrainement
M10MCDVPCJ3N169;MERCEDES;SL 350;entrainement
M10MCDVPCJ3P170;MERCEDES;SL 350;entrainement
M10MCDVPFZ95514;MERCEDES;SL 350;entrainement
M10MCDVPFZ96515;MERCEDES;SL 350;entrainement
M10MCDVPFZ97516;MERCEDES;SL 350;entrainement
M10MCDVPFZ98517;MERCEDES;SL 350;entrainement
M10MCDVPFZ99518;MERCEDES;SL 350;entrainement
M10MCDVPFZ9A519;MERCEDES;SL 350;entrainement
M10MCDVPFZ9B520;MERCEDES;SL 350;entrainement
M10MCDVPFZ9C521;MERCEDES;SL 350;entrainement
M10MCDVPFZ9D522;MERCEDES;SL 350;entrainement
M10MCDVPFZ9E523;MERCEDES;SL 350;entrainement
M10MCDVPLM9F107;MERCEDES;SL 400;entrainement
M10MCDVPLM9G108;MERCEDES;SL 400;entrainement
M10MCDVPLM9H109;MERCEDES;SL 400;entrainement
M10MCDVPLM9J110;MERCEDES;SL 400;entrainement
M10MCDVPLM9J111;MERCEDES;SL 400;entrainement
M10MCDVPLM9K112;MERCEDES;SL 400;entrainement
M10MCDVPLM9L113;MERCEDES;SL 400;entrainement
M10MCDVPLM9M114;MERCEDES;SL 400;entrainement
M10MCDVPLM9N115;MERCEDES;SL 400;entrainement
M10MCDVPLM9P116;MERCEDES;SL 400;entrainement
M10MCDVPPU00416;MERCEDES;SL 400;entrainement
M10MCDVPPU01417;MERCEDES;SL 400;entrainement
M10MCDVPPU02418;MERCEDES;SL 400;entrainement
M10MCDVPPU03419;MERCEDES;SL 400;entrainement
M10MCDVPPU0Y414;MERCEDES;SL 400;entrainement
M10MCDVPPU0Z415;MERCEDES;SL 400;entrainement
M10MCDVPPX7A610;MERCEDES;SL 400;entrainement
M10MCDVPPX7B611;MERCEDES;SL 400;entrainement
M10MCDVPPX7C612;MERCEDES;SL 400;entrainement
M10MCDVPPX7D613;MERCEDES;SL 400;entrainement
M10MCDVPCJ3B157;MERCEDES;SL 500;entrainement
M10MCDVPCJ3C158;MERCEDES;SL 500;entrainement
M10MCDVPCJ3D159;MERCEDES;SL 500;entrainement
M10MCDVPCJ3E160;MERCEDES;SL 500;entrainement
M10MCDVPFZ91510;MERCEDES;SL 500;entrainement
M10MCDVPFZ92511;MERCEDES;SL 500;entrainement
M10MCDVPFZ93512;MERCEDES;SL 500;entrainement
M10MCDVPFZ94513;MERCEDES;SL 500;entrainement
M10MCDVPLM9R119;MERCEDES;SL 500;entrainement
M10MCDVPLM9S120;MERCEDES;SL 500;entrainement
M10MCDVPLM9T121;MERCEDES;SL 500;entrainement
M10MCDVPLM9U122;MERCEDES;SL 500;entrainement
M10MCDVPPU08424;MERCEDES;SL 500;entrainement
M10MCDVPPU09425;MERCEDES;SL 500;entrainement
M10MCDVPPX7E614;MERCEDES;SL 500;entrainement
M10MCDVPPX7F615;MERCEDES;SL 500;entrainement
M10MCDVPPX7G616;MERCEDES;SL 500;entrainement
M10MCDVPPX7H617;MERCEDES;SL 500;entrainement
M10MCDVPPX7J618;MERCEDES;SL 500;entrainement
M10MCDVPPX7J619;MERCEDES;SL 500;entrainement
M10MCDVPFZ9X506;MERCEDES;SL 63 AMG;calibration
M10MCDVPFZ9Y507;MERCEDES;SL 63 AMG;calibration
M10MCDVPJ20V384;MERCEDES;SL 63 AMG;calibration
M10MCDVPJ20W385;MERCEDES;SL 63 AMG;calibration
M10MCDVPFZ90509;MERCEDES;SL 63 AMG;calibration
M10MCDVPFZ9Z508;MERCEDES;SL 63 AMG;calibration
M10MCDVPJ20X386;MERCEDES;SL 63 AMG;calibration
M10MCDVPJ20Y387;MERCEDES;SL 63 AMG;calibration
M10MCDVPLM9V123;MERCEDES;SL 63 AMG;calibration
M10MCDVPLM9W124;MERCEDES;SL 63 AMG;calibration
M10MCDVPPU0A426;MERCEDES;SL 63 AMG;calibration
M10MCDVPPU0B427;MERCEDES;SL 63 AMG;calibration
M10MCDVPPU0C428;MERCEDES;SL 63 AMG;calibration
M10MCDVPPU0D429;MERCEDES;SL 63 AMG;calibration
M10MCDVPFZ9V504;MERCEDES;SL 65 AMG;test
M10MCDVPFZ9W505;MERCEDES;SL 65 AMG;test
M10MCDVPLM9P117;MERCEDES;SL 65 AMG;test
M10MCDVPLM9R118;MERCEDES;SL 65 AMG;test
M10MCDVPN077933;MERCEDES;SL 65 AMG;test
M10MCDVPN078934;MERCEDES;SL 65 AMG;test
M10MCDVPPU04420;MERCEDES;SL 65 AMG;test
M10MCDVPPU05421;MERCEDES;SL 65 AMG;test
M10MCDVPPU06422;MERCEDES;SL 65 AMG;test
M10MCDVPPU07423;MERCEDES;SL 65 AMG;test
M10MCDVP8657288;MERCEDES;SLK 200;entrainement
M10MCDVP8658289;MERCEDES;SLK 200;entrainement
M10MCDVP8659290;MERCEDES;SLK 200;entrainement
M10MCDVP865L291;MERCEDES;SLK 200;entrainement
M10MCDVP865M292;MERCEDES;SLK 200;entrainement
M10MCDVP865N293;MERCEDES;SLK 200;entrainement
M10MCDVP865P294;MERCEDES;SLK 200;entrainement
M10MCDVP865P295;MERCEDES;SLK 200;entrainement
M10MCDVP865R296;MERCEDES;SLK 200;entrainement
M10MCDVP865R297;MERCEDES;SLK 200;entrainement
M10MCDVP865S298;MERCEDES;SLK 200;entrainement
M10MCDVP865T299;MERCEDES;SLK 200;entrainement
M10MCDVP865U300;MERCEDES;SLK 200;entrainement
M10MCDVP865V301;MERCEDES;SLK 200;entrainement
M10MCDVP865W302;MERCEDES;SLK 200;entrainement
M10MCDVP865X303;MERCEDES;SLK 200;entrainement
M10MCDVP8651282;MERCEDES;SLK 250;entrainement
M10MCDVP8652283;MERCEDES;SLK 250;entrainement
M10MCDVP8653284;MERCEDES;SLK 250;entrainement
M10MCDVP8654285;MERCEDES;SLK 250;entrainement
M10MCDVP8655286;MERCEDES;SLK 250;entrainement
M10MCDVP8656287;MERCEDES;SLK 250;entrainement
M10MCDVP865G322;MERCEDES;SLK 250;entrainement
M10MCDVP865H323;MERCEDES;SLK 250;entrainement
M10MCDVP865J324;MERCEDES;SLK 250;entrainement
M10MCDVP865J325;MERCEDES;SLK 250;entrainement
M10MCDVP865K326;MERCEDES;SLK 250;entrainement
M10MCDVP865L327;MERCEDES;SLK 250;entrainement
M10MCDVPGD60206;MERCEDES;SLK 350;calibration
M10MCDVPGD61207;MERCEDES;SLK 350;calibration
M10MCDVP8656312;MERCEDES;SLK 55 AMG;entrainement
M10MCDVP8657313;MERCEDES;SLK 55 AMG;entrainement
M10MCDVPJX6W481;MERCEDES;SLK 55 AMG;entrainement
M10MCDVPJX6X482;MERCEDES;SLK 55 AMG;entrainement
M10MCDVPGD64210;MERCEDES;SLK 250;entrainement
M10MCDVPGD65211;MERCEDES;SLK 250;entrainement
M10MCDVPGD66212;MERCEDES;SLK 250;entrainement
M10MCDVPGD67213;MERCEDES;SLK 250;entrainement
M10MCDVPGD68214;MERCEDES;SLK 250;entrainement
M10MCDVPGD69215;MERCEDES;SLK 250;entrainement
M10MCDVPGD6A216;MERCEDES;SLK 250;entrainement
M10MCDVPGD6B217;MERCEDES;SLK 250;entrainement
M10MCDVPGD6C218;MERCEDES;SLK 250;entrainement
M10MCDVPGD6D219;MERCEDES;SLK 250;entrainement
M10MCDVPGD6E220;MERCEDES;SLK 250;entrainement
M10MCDVPGD6F221;MERCEDES;SLK 250;entrainement
M10MCDVPGD6G222;MERCEDES;SLK 250;entrainement
M10MCDVPGD6H223;MERCEDES;SLK 250;entrainement
M10MCDVPGD6J224;MERCEDES;SLK 250;entrainement
M10MCDVPGD6J225;MERCEDES;SLK 250;entrainement
M10MCDVPLK50583;MERCEDES;CLASSE V;calibration
M10MCDVPLK50619;MERCEDES;CLASSE V;calibration
M10MCDVPLK50655;MERCEDES;CLASSE V;calibration
M10MCDVPLK51584;MERCEDES;CLASSE V;calibration
M10MCDVPLK51620;MERCEDES;CLASSE V;calibration
M10MCDVPLK51656;MERCEDES;CLASSE V;calibration
M10MCDVPLK52585;MERCEDES;CLASSE V;calibration
M10MCDVPLK52621;MERCEDES;CLASSE V;calibration
M10MCDVPLK52657;MERCEDES;CLASSE V;calibration
M10MCDVPLK53586;MERCEDES;CLASSE V;calibration
M10MCDVPLK53622;MERCEDES;CLASSE V;calibration
M10MCDVPLK53658;MERCEDES;CLASSE V;calibration
M10MCDVPLK54587;MERCEDES;CLASSE V;calibration
M10MCDVPLK54623;MERCEDES;CLASSE V;calibration
M10MCDVPLK54659;MERCEDES;CLASSE V;calibration
M10MCDVPLK55588;MERCEDES;CLASSE V;calibration
M10MCDVPLK55624;MERCEDES;CLASSE V;calibration
M10MCDVPLK55660;MERCEDES;CLASSE V;calibration
M10MCDVPLK56589;MERCEDES;CLASSE V;calibration
M10MCDVPLK56625;MERCEDES;CLASSE V;calibration
M10MCDVPLK56661;MERCEDES;CLASSE V;calibration
M10MCDVPLK57590;MERCEDES;CLASSE V;calibration
M10MCDVPLK57626;MERCEDES;CLASSE V;calibration
M10MCDVPLK57662;MERCEDES;CLASSE V;calibration
M10MCDVPLK58591;MERCEDES;CLASSE V;calibration
M10MCDVPLK58627;MERCEDES;CLASSE V;calibration
M10MCDVPLK58663;MERCEDES;CLASSE V;calibration
M10MCDVPLK59592;MERCEDES;CLASSE V;calibration
M10MCDVPLK59628;MERCEDES;CLASSE V;calibration
M10MCDVPLK59664;MERCEDES;CLASSE V;calibration
M10MCDVPLK5A593;MERCEDES;CLASSE V;calibration
M10MCDVPLK5A629;MERCEDES;CLASSE V;calibration
M10MCDVPLK5A665;MERCEDES;CLASSE V;calibration
M10MCDVPLK5B594;MERCEDES;CLASSE V;calibration
M10MCDVPLK5B630;MERCEDES;CLASSE V;calibration
M10MCDVPLK5B666;MERCEDES;CLASSE V;calibration
M10MCDVPLK5C595;MERCEDES;CLASSE V;calibration
M10MCDVPLK5C631;MERCEDES;CLASSE V;calibration
M10MCDVPLK5C667;MERCEDES;CLASSE V;calibration
M10MCDVPLK5D596;MERCEDES;CLASSE V;calibration
M10MCDVPLK5D632;MERCEDES;CLASSE V;calibration
M10MCDVPLK5D668;MERCEDES;CLASSE V;calibration
M10MCDVPLK5E597;MERCEDES;CLASSE V;calibration
M10MCDVPLK5E633;MERCEDES;CLASSE V;calibration
M10MCDVPLK5E669;MERCEDES;CLASSE V;calibration
M10MCDVPLK5F598;MERCEDES;CLASSE V;calibration
M10MCDVPLK5F634;MERCEDES;CLASSE V;calibration
M10MCDVPLK5F670;MERCEDES;CLASSE V;calibration
M10MCDVPLK5G599;MERCEDES;CLASSE V;calibration
M10MCDVPLK5G635;MERCEDES;CLASSE V;calibration
M10MCDVPLK5G671;MERCEDES;CLASSE V;calibration
M10MCDVPLK5H600;MERCEDES;CLASSE V;calibration
M10MCDVPLK5H636;MERCEDES;CLASSE V;calibration
M10MCDVPLK5H672;MERCEDES;CLASSE V;calibration
M10MCDVPLK5J601;MERCEDES;CLASSE V;calibration
M10MCDVPLK5J602;MERCEDES;CLASSE V;calibration
M10MCDVPLK5J637;MERCEDES;CLASSE V;calibration
M10MCDVPLK5J638;MERCEDES;CLASSE V;calibration
M10MCDVPLK5J673;MERCEDES;CLASSE V;calibration
M10MCDVPLK5J674;MERCEDES;CLASSE V;calibration
M10MCDVPLK5K603;MERCEDES;CLASSE V;calibration
M10MCDVPLK5K639;MERCEDES;CLASSE V;calibration
M10MCDVPLK5L579;MERCEDES;CLASSE V;calibration
M10MCDVPLK5L604;MERCEDES;CLASSE V;calibration
M10MCDVPLK5L640;MERCEDES;CLASSE V;calibration
M10MCDVPLK5M580;MERCEDES;CLASSE V;calibration
M10MCDVPLK5M605;MERCEDES;CLASSE V;calibration
M10MCDVPLK5M641;MERCEDES;CLASSE V;calibration
M10MCDVPLK5N581;MERCEDES;CLASSE V;calibration
M10MCDVPLK5N606;MERCEDES;CLASSE V;calibration
M10MCDVPLK5N642;MERCEDES;CLASSE V;calibration
M10MCDVPLK5P607;MERCEDES;CLASSE V;calibration
M10MCDVPLK5P608;MERCEDES;CLASSE V;calibration
M10MCDVPLK5P643;MERCEDES;CLASSE V;calibration
M10MCDVPLK5P644;MERCEDES;CLASSE V;calibration
M10MCDVPLK5R609;MERCEDES;CLASSE V;calibration
M10MCDVPLK5R610;MERCEDES;CLASSE V;calibration
M10MCDVPLK5R645;MERCEDES;CLASSE V;calibration
M10MCDVPLK5R646;MERCEDES;CLASSE V;calibration
M10MCDVPLK5S611;MERCEDES;CLASSE V;calibration
M10MCDVPLK5S647;MERCEDES;CLASSE V;calibration
M10MCDVPLK5T612;MERCEDES;CLASSE V;calibration
M10MCDVPLK5T648;MERCEDES;CLASSE V;calibration
M10MCDVPLK5U613;MERCEDES;CLASSE V;calibration
M10MCDVPLK5U649;MERCEDES;CLASSE V;calibration
M10MCDVPLK5V614;MERCEDES;CLASSE V;calibration
M10MCDVPLK5V650;MERCEDES;CLASSE V;calibration
M10MCDVPLK5W615;MERCEDES;CLASSE V;calibration
M10MCDVPLK5W651;MERCEDES;CLASSE V;calibration
M10MCDVPLK5X616;MERCEDES;CLASSE V;calibration
M10MCDVPLK5X652;MERCEDES;CLASSE V;calibration
M10MCDVPLK5Y617;MERCEDES;CLASSE V;calibration
M10MCDVPLK5Y653;MERCEDES;CLASSE V;calibration
M10MCDVPLK5Z582;MERCEDES;CLASSE V;calibration
M10MCDVPLK5Z618;MERCEDES;CLASSE V;calibration
M10MCDVPLK5Z654;MERCEDES;CLASSE V;calibration
M10MCDVPPS10999;MERCEDES;CLASSE V;calibration
M10MCDVPPS1E977;MERCEDES;CLASSE V;calibration
M10MCDVPPS1F978;MERCEDES;CLASSE V;calibration
M10MCDVPPS1G979;MERCEDES;CLASSE V;calibration
M10MCDVPPS1H980;MERCEDES;CLASSE V;calibration
M10MCDVPPS1J981;MERCEDES;CLASSE V;calibration
M10MCDVPPS1J982;MERCEDES;CLASSE V;calibration
M10MCDVPPS1K983;MERCEDES;CLASSE V;calibration
M10MCDVPPS1L984;MERCEDES;CLASSE V;calibration
M10MCDVPPS1M985;MERCEDES;CLASSE V;calibration
M10MCDVPPS1N986;MERCEDES;CLASSE V;calibration
M10MCDVPPS1P987;MERCEDES;CLASSE V;calibration
M10MCDVPPS1P988;MERCEDES;CLASSE V;calibration
M10MCDVPPS1R989;MERCEDES;CLASSE V;calibration
M10MCDVPPS1R990;MERCEDES;CLASSE V;calibration
M10MCDVPPS1S991;MERCEDES;CLASSE V;calibration
M10MCDVPPS1T992;MERCEDES;CLASSE V;calibration
M10MCDVPPS1U993;MERCEDES;CLASSE V;calibration
M10MCDVPPS1V994;MERCEDES;CLASSE V;calibration
M10MCDVPPS1W995;MERCEDES;CLASSE V;calibration
M10MCDVPPS1X996;MERCEDES;CLASSE V;calibration
M10MCDVPPS1Y997;MERCEDES;CLASSE V;calibration
M10MCDVPPS1Z998;MERCEDES;CLASSE V;calibration
M10MCDVPPS20028;MERCEDES;CLASSE V;calibration
M10MCDVPPS20064;MERCEDES;CLASSE V;calibration
M10MCDVPPS20125;MERCEDES;CLASSE V;calibration
M10MCDVPPS20161;MERCEDES;CLASSE V;calibration
M10MCDVPPS21029;MERCEDES;CLASSE V;calibration
M10MCDVPPS21065;MERCEDES;CLASSE V;calibration
M10MCDVPPS21126;MERCEDES;CLASSE V;calibration
M10MCDVPPS21162;MERCEDES;CLASSE V;calibration
M10MCDVPPS22030;MERCEDES;CLASSE V;calibration
M10MCDVPPS22066;MERCEDES;CLASSE V;calibration
M10MCDVPPS22127;MERCEDES;CLASSE V;calibration
M10MCDVPPS22163;MERCEDES;CLASSE V;calibration
M10MCDVPPS23031;MERCEDES;CLASSE V;calibration
M10MCDVPPS23067;MERCEDES;CLASSE V;calibration
M10MCDVPPS23128;MERCEDES;CLASSE V;calibration
M10MCDVPPS23164;MERCEDES;CLASSE V;calibration
M10MCDVPPS24032;MERCEDES;CLASSE V;calibration
M10MCDVPPS24068;MERCEDES;CLASSE V;calibration
M10MCDVPPS24129;MERCEDES;CLASSE V;calibration
M10MCDVPPS24165;MERCEDES;CLASSE V;calibration
M10MCDVPPS25033;MERCEDES;CLASSE V;calibration
M10MCDVPPS25069;MERCEDES;CLASSE V;calibration
M10MCDVPPS25130;MERCEDES;CLASSE V;calibration
M10MCDVPPS25166;MERCEDES;CLASSE V;calibration
M10MCDVPPS26034;MERCEDES;CLASSE V;calibration
M10MCDVPPS26070;MERCEDES;CLASSE V;calibration
M10MCDVPPS26131;MERCEDES;CLASSE V;calibration
M10MCDVPPS26167;MERCEDES;CLASSE V;calibration
M10MCDVPPS27035;MERCEDES;CLASSE V;calibration
M10MCDVPPS27071;MERCEDES;CLASSE V;calibration
M10MCDVPPS27132;MERCEDES;CLASSE V;calibration
M10MCDVPPS27168;MERCEDES;CLASSE V;calibration
M10MCDVPPS28000;MERCEDES;CLASSE V;calibration
M10MCDVPPS28036;MERCEDES;CLASSE V;calibration
M10MCDVPPS28072;MERCEDES;CLASSE V;calibration
M10MCDVPPS28097;MERCEDES;CLASSE V;calibration
M10MCDVPPS28133;MERCEDES;CLASSE V;calibration
M10MCDVPPS28169;MERCEDES;CLASSE V;calibration
M10MCDVPPS28194;MERCEDES;CLASSE V;calibration
M10MCDVPPS29001;MERCEDES;CLASSE V;calibration
M10MCDVPPS29037;MERCEDES;CLASSE V;calibration
M10MCDVPPS29073;MERCEDES;CLASSE V;calibration
M10MCDVPPS29098;MERCEDES;CLASSE V;calibration
M10MCDVPPS29134;MERCEDES;CLASSE V;calibration
M10MCDVPPS29170;MERCEDES;CLASSE V;calibration
M10MCDVPPS29195;MERCEDES;CLASSE V;calibration
M10MCDVPPS2A002;MERCEDES;CLASSE V;calibration
M10MCDVPPS2A038;MERCEDES;CLASSE V;calibration
M10MCDVPPS2A074;MERCEDES;CLASSE V;calibration
M10MCDVPPS2A099;MERCEDES;CLASSE V;calibration
M10MCDVPPS2A135;MERCEDES;CLASSE V;calibration
M10MCDVPPS2A171;MERCEDES;CLASSE V;calibration
M10MCDVPPS2A196;MERCEDES;CLASSE V;calibration
M10MCDVPPS2B003;MERCEDES;CLASSE V;calibration
M10MCDVPPS2B039;MERCEDES;CLASSE V;calibration
M10MCDVPPS2B075;MERCEDES;CLASSE V;calibration
M10MCDVPPS2B100;MERCEDES;CLASSE V;calibration
M10MCDVPPS2B136;MERCEDES;CLASSE V;calibration
M10MCDVPPS2B172;MERCEDES;CLASSE V;calibration
M10MCDVPPS2B197;MERCEDES;CLASSE V;calibration
M10MCDVPPS2C004;MERCEDES;CLASSE V;calibration
M10MCDVPPS2C040;MERCEDES;CLASSE V;calibration
M10MCDVPPS2C076;MERCEDES;CLASSE V;calibration
M10MCDVPPS2C101;MERCEDES;CLASSE V;calibration
M10MCDVPPS2C137;MERCEDES;CLASSE V;calibration
M10MCDVPPS2C173;MERCEDES;CLASSE V;calibration
M10MCDVPPS2C198;MERCEDES;CLASSE V;calibration
M10MCDVPPS2D005;MERCEDES;CLASSE V;calibration
M10MCDVPPS2D041;MERCEDES;CLASSE V;calibration
M10MCDVPPS2D077;MERCEDES;CLASSE V;calibration
M10MCDVPPS2D102;MERCEDES;CLASSE V;calibration
M10MCDVPPS2D138;MERCEDES;CLASSE V;calibration
M10MCDVPPS2D174;MERCEDES;CLASSE V;calibration
M10MCDVPPS2D199;MERCEDES;CLASSE V;calibration
M10MCDVPPS2E006;MERCEDES;CLASSE V;calibration
M10MCDVPPS2E042;MERCEDES;CLASSE V;calibration
M10MCDVPPS2E078;MERCEDES;CLASSE V;calibration
M10MCDVPPS2E103;MERCEDES;CLASSE V;calibration
M10MCDVPPS2E139;MERCEDES;CLASSE V;calibration
M10MCDVPPS2E175;MERCEDES;CLASSE V;calibration
M10MCDVPPS2E200;MERCEDES;CLASSE V;calibration
M10MCDVPPS2F007;MERCEDES;CLASSE V;calibration
M10MCDVPPS2F043;MERCEDES;CLASSE V;calibration
M10MCDVPPS2F079;MERCEDES;CLASSE V;calibration
M10MCDVPPS2F104;MERCEDES;CLASSE V;calibration
M10MCDVPPS2F140;MERCEDES;CLASSE V;calibration
M10MCDVPPS2F176;MERCEDES;CLASSE V;calibration
M10MCDVPPS2F201;MERCEDES;CLASSE V;calibration
M10MCDVPPS2G008;MERCEDES;CLASSE V;calibration
M10MCDVPPS2G044;MERCEDES;CLASSE V;calibration
M10MCDVPPS2G080;MERCEDES;CLASSE V;calibration
M10MCDVPPS2G105;MERCEDES;CLASSE V;calibration
M10MCDVPPS2G141;MERCEDES;CLASSE V;calibration
M10MCDVPPS2G177;MERCEDES;CLASSE V;calibration
M10MCDVPPS2G202;MERCEDES;CLASSE V;calibration
M10MCDVPPS2H009;MERCEDES;CLASSE V;calibration
M10MCDVPPS2H045;MERCEDES;CLASSE V;calibration
M10MCDVPPS2H081;MERCEDES;CLASSE V;calibration
M10MCDVPPS2H106;MERCEDES;CLASSE V;calibration
M10MCDVPPS2H142;MERCEDES;CLASSE V;calibration
M10MCDVPPS2H178;MERCEDES;CLASSE V;calibration
M10MCDVPPS2H203;MERCEDES;CLASSE V;calibration
M10MCDVPPS2J010;MERCEDES;CLASSE V;calibration
M10MCDVPPS2J011;MERCEDES;CLASSE V;calibration
M10MCDVPPS2J046;MERCEDES;CLASSE V;calibration
M10MCDVPPS2J047;MERCEDES;CLASSE V;calibration
M10MCDVPPS2J082;MERCEDES;CLASSE V;calibration
M10MCDVPPS2J083;MERCEDES;CLASSE V;calibration
M10MCDVPPS2J107;MERCEDES;CLASSE V;calibration
M10MCDVPPS2J108;MERCEDES;CLASSE V;calibration
M10MCDVPPS2J143;MERCEDES;CLASSE V;calibration
M10MCDVPPS2J144;MERCEDES;CLASSE V;calibration
M10MCDVPPS2J179;MERCEDES;CLASSE V;calibration
M10MCDVPPS2J180;MERCEDES;CLASSE V;calibration
M10MCDVPPS2J204;MERCEDES;CLASSE V;calibration
M10MCDVPPS2J205;MERCEDES;CLASSE V;calibration
M10MCDVPPS2K012;MERCEDES;CLASSE V;calibration
M10MCDVPPS2K048;MERCEDES;CLASSE V;calibration
M10MCDVPPS2K084;MERCEDES;CLASSE V;calibration
M10MCDVPPS2K109;MERCEDES;CLASSE V;calibration
M10MCDVPPS2K145;MERCEDES;CLASSE V;calibration
M10MCDVPPS2K181;MERCEDES;CLASSE V;calibration
M10MCDVPPS2K206;MERCEDES;CLASSE V;calibration
M10MCDVPPS2L013;MERCEDES;CLASSE V;calibration
M10MCDVPPS2L049;MERCEDES;CLASSE V;calibration
M10MCDVPPS2L085;MERCEDES;CLASSE V;calibration
M10MCDVPPS2L110;MERCEDES;CLASSE V;calibration
M10MCDVPPS2L146;MERCEDES;CLASSE V;calibration
M10MCDVPPS2L182;MERCEDES;CLASSE V;calibration
M10MCDVPPS2L207;MERCEDES;CLASSE V;calibration
M10MCDVPPS2M014;MERCEDES;CLASSE V;calibration
M10MCDVPPS2M050;MERCEDES;CLASSE V;calibration
M10MCDVPPS2M086;MERCEDES;CLASSE V;calibration
M10MCDVPPS2M111;MERCEDES;CLASSE V;calibration
M10MCDVPPS2M147;MERCEDES;CLASSE V;calibration
M10MCDVPPS2M183;MERCEDES;CLASSE V;calibration
M10MCDVPPS2M208;MERCEDES;CLASSE V;calibration
M10MCDVPPS2N015;MERCEDES;CLASSE V;calibration
M10MCDVPPS2N051;MERCEDES;CLASSE V;calibration
M10MCDVPPS2N087;MERCEDES;CLASSE V;calibration
M10MCDVPPS2N112;MERCEDES;CLASSE V;calibration
M10MCDVPPS2N148;MERCEDES;CLASSE V;calibration
M10MCDVPPS2N184;MERCEDES;CLASSE V;calibration
M10MCDVPPS2N209;MERCEDES;CLASSE V;calibration
M10MCDVPPS2P016;MERCEDES;CLASSE V;calibration
M10MCDVPPS2P017;MERCEDES;CLASSE V;calibration
M10MCDVPPS2P052;MERCEDES;CLASSE V;calibration
M10MCDVPPS2P053;MERCEDES;CLASSE V;calibration
M10MCDVPPS2P088;MERCEDES;CLASSE V;calibration
M10MCDVPPS2P089;MERCEDES;CLASSE V;calibration
M10MCDVPPS2P113;MERCEDES;CLASSE V;calibration
M10MCDVPPS2P114;MERCEDES;CLASSE V;calibration
M10MCDVPPS2P149;MERCEDES;CLASSE V;calibration
M10MCDVPPS2P150;MERCEDES;CLASSE V;calibration
M10MCDVPPS2P185;MERCEDES;CLASSE V;calibration
M10MCDVPPS2P186;MERCEDES;CLASSE V;calibration
M10MCDVPPS2P210;MERCEDES;CLASSE V;calibration
M10MCDVPPS2P211;MERCEDES;CLASSE V;calibration
M10MCDVPPS2R018;MERCEDES;CLASSE V;calibration
M10MCDVPPS2R019;MERCEDES;CLASSE V;calibration
M10MCDVPPS2R054;MERCEDES;CLASSE V;calibration
M10MCDVPPS2R055;MERCEDES;CLASSE V;calibration
M10MCDVPPS2R090;MERCEDES;CLASSE V;calibration
M10MCDVPPS2R091;MERCEDES;CLASSE V;calibration
M10MCDVPPS2R115;MERCEDES;CLASSE V;calibration
M10MCDVPPS2R116;MERCEDES;CLASSE V;calibration
M10MCDVPPS2R151;MERCEDES;CLASSE V;calibration
M10MCDVPPS2R152;MERCEDES;CLASSE V;calibration
M10MCDVPPS2R187;MERCEDES;CLASSE V;calibration
M10MCDVPPS2R188;MERCEDES;CLASSE V;calibration
M10MCDVPPS2R212;MERCEDES;CLASSE V;calibration
M10MCDVPPS2R213;MERCEDES;CLASSE V;calibration
M10MCDVPPS2S020;MERCEDES;CLASSE V;calibration
M10MCDVPPS2S056;MERCEDES;CLASSE V;calibration
M10MCDVPPS2S092;MERCEDES;CLASSE V;calibration
M10MCDVPPS2S117;MERCEDES;CLASSE V;calibration
M10MCDVPPS2S153;MERCEDES;CLASSE V;calibration
M10MCDVPPS2S189;MERCEDES;CLASSE V;calibration
M10MCDVPPS2S214;MERCEDES;CLASSE V;calibration
M10MCDVPPS2T021;MERCEDES;CLASSE V;calibration
M10MCDVPPS2T057;MERCEDES;CLASSE V;calibration
M10MCDVPPS2T093;MERCEDES;CLASSE V;calibration
M10MCDVPPS2T118;MERCEDES;CLASSE V;calibration
M10MCDVPPS2T154;MERCEDES;CLASSE V;calibration
M10MCDVPPS2T190;MERCEDES;CLASSE V;calibration
M10MCDVPPS2T215;MERCEDES;CLASSE V;calibration
M10MCDVPPS2U022;MERCEDES;CLASSE V;calibration
M10MCDVPPS2U058;MERCEDES;CLASSE V;calibration
M10MCDVPPS2U094;MERCEDES;CLASSE V;calibration
M10MCDVPPS2U119;MERCEDES;CLASSE V;calibration
M10MCDVPPS2U155;MERCEDES;CLASSE V;calibration
M10MCDVPPS2U191;MERCEDES;CLASSE V;calibration
M10MCDVPPS2U216;MERCEDES;CLASSE V;calibration
M10MCDVPPS2V023;MERCEDES;CLASSE V;calibration
M10MCDVPPS2V059;MERCEDES;CLASSE V;calibration
M10MCDVPPS2V095;MERCEDES;CLASSE V;calibration
M10MCDVPPS2V120;MERCEDES;CLASSE V;calibration
M10MCDVPPS2V156;MERCEDES;CLASSE V;calibration
M10MCDVPPS2V192;MERCEDES;CLASSE V;calibration
M10MCDVPPS2W024;MERCEDES;CLASSE V;calibration
M10MCDVPPS2W060;MERCEDES;CLASSE V;calibration
M10MCDVPPS2W096;MERCEDES;CLASSE V;calibration
M10MCDVPPS2W121;MERCEDES;CLASSE V;calibration
M10MCDVPPS2W157;MERCEDES;CLASSE V;calibration
M10MCDVPPS2W193;MERCEDES;CLASSE V;calibration
M10MCDVPPS2X025;MERCEDES;CLASSE V;calibration
M10MCDVPPS2X061;MERCEDES;CLASSE V;calibration
M10MCDVPPS2X122;MERCEDES;CLASSE V;calibration
M10MCDVPPS2X158;MERCEDES;CLASSE V;calibration
M10MCDVPPS2Y026;MERCEDES;CLASSE V;calibration
M10MCDVPPS2Y062;MERCEDES;CLASSE V;calibration
M10MCDVPPS2Y123;MERCEDES;CLASSE V;calibration
M10MCDVPPS2Y159;MERCEDES;CLASSE V;calibration
M10MCDVPPS2Z027;MERCEDES;CLASSE V;calibration
M10MCDVPPS2Z063;MERCEDES;CLASSE V;calibration
M10MCDVPPS2Z124;MERCEDES;CLASSE V;calibration
M10MCDVPPS2Z160;MERCEDES;CLASSE V;calibration
M10MCDVPLK50522;MERCEDES;CLASSE V;calibration
M10MCDVPLK50558;MERCEDES;CLASSE V;calibration
M10MCDVPLK51523;MERCEDES;CLASSE V;calibration
M10MCDVPLK51559;MERCEDES;CLASSE V;calibration
M10MCDVPLK52524;MERCEDES;CLASSE V;calibration
M10MCDVPLK52560;MERCEDES;CLASSE V;calibration
M10MCDVPLK53525;MERCEDES;CLASSE V;calibration
M10MCDVPLK53561;MERCEDES;CLASSE V;calibration
M10MCDVPLK54526;MERCEDES;CLASSE V;calibration
M10MCDVPLK54562;MERCEDES;CLASSE V;calibration
M10MCDVPLK55527;MERCEDES;CLASSE V;calibration
M10MCDVPLK55563;MERCEDES;CLASSE V;calibration
M10MCDVPLK56528;MERCEDES;CLASSE V;calibration
M10MCDVPLK56564;MERCEDES;CLASSE V;calibration
M10MCDVPLK57529;MERCEDES;CLASSE V;calibration
M10MCDVPLK57565;MERCEDES;CLASSE V;calibration
M10MCDVPLK58530;MERCEDES;CLASSE V;calibration
M10MCDVPLK58566;MERCEDES;CLASSE V;calibration
M10MCDVPLK59531;MERCEDES;CLASSE V;calibration
M10MCDVPLK59567;MERCEDES;CLASSE V;calibration
M10MCDVPLK5A532;MERCEDES;CLASSE V;calibration
M10MCDVPLK5A568;MERCEDES;CLASSE V;calibration
M10MCDVPLK5B533;MERCEDES;CLASSE V;calibration
M10MCDVPLK5B569;MERCEDES;CLASSE V;calibration
M10MCDVPLK5C534;MERCEDES;CLASSE V;calibration
M10MCDVPLK5C570;MERCEDES;CLASSE V;calibration
M10MCDVPLK5D499;MERCEDES;CLASSE V;calibration
M10MCDVPLK5D535;MERCEDES;CLASSE V;calibration
M10MCDVPLK5D571;MERCEDES;CLASSE V;calibration
M10MCDVPLK5E500;MERCEDES;CLASSE V;calibration
M10MCDVPLK5E536;MERCEDES;CLASSE V;calibration
M10MCDVPLK5E572;MERCEDES;CLASSE V;calibration
M10MCDVPLK5F501;MERCEDES;CLASSE V;calibration
M10MCDVPLK5F537;MERCEDES;CLASSE V;calibration
M10MCDVPLK5F573;MERCEDES;CLASSE V;calibration
M10MCDVPLK5G502;MERCEDES;CLASSE V;calibration
M10MCDVPLK5G538;MERCEDES;CLASSE V;calibration
M10MCDVPLK5G574;MERCEDES;CLASSE V;calibration
M10MCDVPLK5H503;MERCEDES;CLASSE V;calibration
M10MCDVPLK5H539;MERCEDES;CLASSE V;calibration
M10MCDVPLK5H575;MERCEDES;CLASSE V;calibration
M10MCDVPLK5J504;MERCEDES;CLASSE V;calibration
M10MCDVPLK5J505;MERCEDES;CLASSE V;calibration
M10MCDVPLK5J540;MERCEDES;CLASSE V;calibration
M10MCDVPLK5J541;MERCEDES;CLASSE V;calibration
M10MCDVPLK5J576;MERCEDES;CLASSE V;calibration
M10MCDVPLK5J577;MERCEDES;CLASSE V;calibration
M10MCDVPLK5K506;MERCEDES;CLASSE V;calibration
M10MCDVPLK5K542;MERCEDES;CLASSE V;calibration
M10MCDVPLK5K578;MERCEDES;CLASSE V;calibration
M10MCDVPLK5L507;MERCEDES;CLASSE V;calibration
M10MCDVPLK5L543;MERCEDES;CLASSE V;calibration
M10MCDVPLK5M508;MERCEDES;CLASSE V;calibration
M10MCDVPLK5M544;MERCEDES;CLASSE V;calibration
M10MCDVPLK5N509;MERCEDES;CLASSE V;calibration
M10MCDVPLK5N545;MERCEDES;CLASSE V;calibration
M10MCDVPLK5P510;MERCEDES;CLASSE V;calibration
M10MCDVPLK5P511;MERCEDES;CLASSE V;calibration
M10MCDVPLK5P546;MERCEDES;CLASSE V;calibration
M10MCDVPLK5P547;MERCEDES;CLASSE V;calibration
M10MCDVPLK5R512;MERCEDES;CLASSE V;calibration
M10MCDVPLK5R513;MERCEDES;CLASSE V;calibration
M10MCDVPLK5R548;MERCEDES;CLASSE V;calibration
M10MCDVPLK5R549;MERCEDES;CLASSE V;calibration
M10MCDVPLK5S514;MERCEDES;CLASSE V;calibration
M10MCDVPLK5S550;MERCEDES;CLASSE V;calibration
M10MCDVPLK5T515;MERCEDES;CLASSE V;calibration
M10MCDVPLK5T551;MERCEDES;CLASSE V;calibration
M10MCDVPLK5U516;MERCEDES;CLASSE V;calibration
M10MCDVPLK5U552;MERCEDES;CLASSE V;calibration
M10MCDVPLK5V517;MERCEDES;CLASSE V;calibration
M10MCDVPLK5V553;MERCEDES;CLASSE V;calibration
M10MCDVPLK5W518;MERCEDES;CLASSE V;calibration
M10MCDVPLK5W554;MERCEDES;CLASSE V;calibration
M10MCDVPLK5X519;MERCEDES;CLASSE V;calibration
M10MCDVPLK5X555;MERCEDES;CLASSE V;calibration
M10MCDVPLK5Y520;MERCEDES;CLASSE V;calibration
M10MCDVPLK5Y556;MERCEDES;CLASSE V;calibration
M10MCDVPLK5Z521;MERCEDES;CLASSE V;calibration
M10MCDVPLK5Z557;MERCEDES;CLASSE V;calibration
M10MCDVPPS10805;MERCEDES;CLASSE V;calibration
M10MCDVPPS10841;MERCEDES;CLASSE V;calibration
M10MCDVPPS10902;MERCEDES;CLASSE V;calibration
M10MCDVPPS10938;MERCEDES;CLASSE V;calibration
M10MCDVPPS11806;MERCEDES;CLASSE V;calibration
M10MCDVPPS11842;MERCEDES;CLASSE V;calibration
M10MCDVPPS11903;MERCEDES;CLASSE V;calibration
M10MCDVPPS11939;MERCEDES;CLASSE V;calibration
M10MCDVPPS12807;MERCEDES;CLASSE V;calibration
M10MCDVPPS12843;MERCEDES;CLASSE V;calibration
M10MCDVPPS12904;MERCEDES;CLASSE V;calibration
M10MCDVPPS12940;MERCEDES;CLASSE V;calibration
M10MCDVPPS13808;MERCEDES;CLASSE V;calibration
M10MCDVPPS13844;MERCEDES;CLASSE V;calibration
M10MCDVPPS13905;MERCEDES;CLASSE V;calibration
M10MCDVPPS13941;MERCEDES;CLASSE V;calibration
M10MCDVPPS14809;MERCEDES;CLASSE V;calibration
M10MCDVPPS14845;MERCEDES;CLASSE V;calibration
M10MCDVPPS14906;MERCEDES;CLASSE V;calibration
M10MCDVPPS14942;MERCEDES;CLASSE V;calibration
M10MCDVPPS15810;MERCEDES;CLASSE V;calibration
M10MCDVPPS15846;MERCEDES;CLASSE V;calibration
M10MCDVPPS15907;MERCEDES;CLASSE V;calibration
M10MCDVPPS15943;MERCEDES;CLASSE V;calibration
M10MCDVPPS16811;MERCEDES;CLASSE V;calibration
M10MCDVPPS16847;MERCEDES;CLASSE V;calibration
M10MCDVPPS16908;MERCEDES;CLASSE V;calibration
M10MCDVPPS16944;MERCEDES;CLASSE V;calibration
M10MCDVPPS17776;MERCEDES;CLASSE V;calibration
M10MCDVPPS17812;MERCEDES;CLASSE V;calibration
M10MCDVPPS17848;MERCEDES;CLASSE V;calibration
M10MCDVPPS17873;MERCEDES;CLASSE V;calibration
M10MCDVPPS17909;MERCEDES;CLASSE V;calibration
M10MCDVPPS17945;MERCEDES;CLASSE V;calibration
M10MCDVPPS17970;MERCEDES;CLASSE V;calibration
M10MCDVPPS18777;MERCEDES;CLASSE V;calibration
M10MCDVPPS18813;MERCEDES;CLASSE V;calibration
M10MCDVPPS18849;MERCEDES;CLASSE V;calibration
M10MCDVPPS18874;MERCEDES;CLASSE V;calibration
M10MCDVPPS18910;MERCEDES;CLASSE V;calibration
M10MCDVPPS18946;MERCEDES;CLASSE V;calibration
M10MCDVPPS18971;MERCEDES;CLASSE V;calibration
M10MCDVPPS19778;MERCEDES;CLASSE V;calibration
M10MCDVPPS19814;MERCEDES;CLASSE V;calibration
M10MCDVPPS19850;MERCEDES;CLASSE V;calibration
M10MCDVPPS19875;MERCEDES;CLASSE V;calibration
M10MCDVPPS19911;MERCEDES;CLASSE V;calibration
M10MCDVPPS19947;MERCEDES;CLASSE V;calibration
M10MCDVPPS19972;MERCEDES;CLASSE V;calibration
M10MCDVPPS1A779;MERCEDES;CLASSE V;calibration
M10MCDVPPS1A815;MERCEDES;CLASSE V;calibration
M10MCDVPPS1A851;MERCEDES;CLASSE V;calibration
M10MCDVPPS1A876;MERCEDES;CLASSE V;calibration
M10MCDVPPS1A912;MERCEDES;CLASSE V;calibration
M10MCDVPPS1A948;MERCEDES;CLASSE V;calibration
M10MCDVPPS1A973;MERCEDES;CLASSE V;calibration
M10MCDVPPS1B780;MERCEDES;CLASSE V;calibration
M10MCDVPPS1B816;MERCEDES;CLASSE V;calibration
M10MCDVPPS1B852;MERCEDES;CLASSE V;calibration
M10MCDVPPS1B877;MERCEDES;CLASSE V;calibration
M10MCDVPPS1B913;MERCEDES;CLASSE V;calibration
M10MCDVPPS1B949;MERCEDES;CLASSE V;calibration
M10MCDVPPS1B974;MERCEDES;CLASSE V;calibration
M10MCDVPPS1C781;MERCEDES;CLASSE V;calibration
M10MCDVPPS1C817;MERCEDES;CLASSE V;calibration
M10MCDVPPS1C853;MERCEDES;CLASSE V;calibration
M10MCDVPPS1C878;MERCEDES;CLASSE V;calibration
M10MCDVPPS1C914;MERCEDES;CLASSE V;calibration
M10MCDVPPS1C950;MERCEDES;CLASSE V;calibration
M10MCDVPPS1C975;MERCEDES;CLASSE V;calibration
M10MCDVPPS1D782;MERCEDES;CLASSE V;calibration
M10MCDVPPS1D818;MERCEDES;CLASSE V;calibration
M10MCDVPPS1D854;MERCEDES;CLASSE V;calibration
M10MCDVPPS1D879;MERCEDES;CLASSE V;calibration
M10MCDVPPS1D915;MERCEDES;CLASSE V;calibration
M10MCDVPPS1D951;MERCEDES;CLASSE V;calibration
M10MCDVPPS1D976;MERCEDES;CLASSE V;calibration
M10MCDVPPS1E783;MERCEDES;CLASSE V;calibration
M10MCDVPPS1E819;MERCEDES;CLASSE V;calibration
M10MCDVPPS1E855;MERCEDES;CLASSE V;calibration
M10MCDVPPS1E880;MERCEDES;CLASSE V;calibration
M10MCDVPPS1E916;MERCEDES;CLASSE V;calibration
M10MCDVPPS1E952;MERCEDES;CLASSE V;calibration
M10MCDVPPS1F784;MERCEDES;CLASSE V;calibration
M10MCDVPPS1F820;MERCEDES;CLASSE V;calibration
M10MCDVPPS1F856;MERCEDES;CLASSE V;calibration
M10MCDVPPS1F881;MERCEDES;CLASSE V;calibration
M10MCDVPPS1F917;MERCEDES;CLASSE V;calibration
M10MCDVPPS1F953;MERCEDES;CLASSE V;calibration
M10MCDVPPS1G785;MERCEDES;CLASSE V;calibration
M10MCDVPPS1G821;MERCEDES;CLASSE V;calibration
M10MCDVPPS1G857;MERCEDES;CLASSE V;calibration
M10MCDVPPS1G882;MERCEDES;CLASSE V;calibration
M10MCDVPPS1G918;MERCEDES;CLASSE V;calibration
M10MCDVPPS1G954;MERCEDES;CLASSE V;calibration
M10MCDVPPS1H786;MERCEDES;CLASSE V;calibration
M10MCDVPPS1H822;MERCEDES;CLASSE V;calibration
M10MCDVPPS1H858;MERCEDES;CLASSE V;calibration
M10MCDVPPS1H883;MERCEDES;CLASSE V;calibration
M10MCDVPPS1H919;MERCEDES;CLASSE V;calibration
M10MCDVPPS1H955;MERCEDES;CLASSE V;calibration
M10MCDVPPS1J787;MERCEDES;CLASSE V;calibration
M10MCDVPPS1J788;MERCEDES;CLASSE V;calibration
M10MCDVPPS1J823;MERCEDES;CLASSE V;calibration
M10MCDVPPS1J824;MERCEDES;CLASSE V;calibration
M10MCDVPPS1J859;MERCEDES;CLASSE V;calibration
M10MCDVPPS1J860;MERCEDES;CLASSE V;calibration
M10MCDVPPS1J884;MERCEDES;CLASSE V;calibration
M10MCDVPPS1J885;MERCEDES;CLASSE V;calibration
M10MCDVPPS1J920;MERCEDES;CLASSE V;calibration
M10MCDVPPS1J921;MERCEDES;CLASSE V;calibration
M10MCDVPPS1J956;MERCEDES;CLASSE V;calibration
M10MCDVPPS1J957;MERCEDES;CLASSE V;calibration
M10MCDVPPS1K789;MERCEDES;CLASSE V;calibration
M10MCDVPPS1K825;MERCEDES;CLASSE V;calibration
M10MCDVPPS1K861;MERCEDES;CLASSE V;calibration
M10MCDVPPS1K886;MERCEDES;CLASSE V;calibration
M10MCDVPPS1K922;MERCEDES;CLASSE V;calibration
M10MCDVPPS1K958;MERCEDES;CLASSE V;calibration
M10MCDVPPS1L790;MERCEDES;CLASSE V;calibration
M10MCDVPPS1L826;MERCEDES;CLASSE V;calibration
M10MCDVPPS1L862;MERCEDES;CLASSE V;calibration
M10MCDVPPS1L887;MERCEDES;CLASSE V;calibration
M10MCDVPPS1L923;MERCEDES;CLASSE V;calibration
M10MCDVPPS1L959;MERCEDES;CLASSE V;calibration
M10MCDVPPS1M791;MERCEDES;CLASSE V;calibration
M10MCDVPPS1M827;MERCEDES;CLASSE V;calibration
M10MCDVPPS1M863;MERCEDES;CLASSE V;calibration
M10MCDVPPS1M888;MERCEDES;CLASSE V;calibration
M10MCDVPPS1M924;MERCEDES;CLASSE V;calibration
M10MCDVPPS1M960;MERCEDES;CLASSE V;calibration
M10MCDVPPS1N792;MERCEDES;CLASSE V;calibration
M10MCDVPPS1N828;MERCEDES;CLASSE V;calibration
M10MCDVPPS1N864;MERCEDES;CLASSE V;calibration
M10MCDVPPS1N889;MERCEDES;CLASSE V;calibration
M10MCDVPPS1N925;MERCEDES;CLASSE V;calibration
M10MCDVPPS1N961;MERCEDES;CLASSE V;calibration
M10MCDVPPS1P769;MERCEDES;CLASSE V;calibration
M10MCDVPPS1P793;MERCEDES;CLASSE V;calibration
M10MCDVPPS1P794;MERCEDES;CLASSE V;calibration
M10MCDVPPS1P829;MERCEDES;CLASSE V;calibration
M10MCDVPPS1P830;MERCEDES;CLASSE V;calibration
M10MCDVPPS1P865;MERCEDES;CLASSE V;calibration
M10MCDVPPS1P866;MERCEDES;CLASSE V;calibration
M10MCDVPPS1P890;MERCEDES;CLASSE V;calibration
M10MCDVPPS1P891;MERCEDES;CLASSE V;calibration
M10MCDVPPS1P926;MERCEDES;CLASSE V;calibration
M10MCDVPPS1P927;MERCEDES;CLASSE V;calibration
M10MCDVPPS1P962;MERCEDES;CLASSE V;calibration
M10MCDVPPS1P963;MERCEDES;CLASSE V;calibration
M10MCDVPPS1R770;MERCEDES;CLASSE V;calibration
M10MCDVPPS1R771;MERCEDES;CLASSE V;calibration
M10MCDVPPS1R795;MERCEDES;CLASSE V;calibration
M10MCDVPPS1R796;MERCEDES;CLASSE V;calibration
M10MCDVPPS1R831;MERCEDES;CLASSE V;calibration
M10MCDVPPS1R832;MERCEDES;CLASSE V;calibration
M10MCDVPPS1R867;MERCEDES;CLASSE V;calibration
M10MCDVPPS1R868;MERCEDES;CLASSE V;calibration
M10MCDVPPS1R892;MERCEDES;CLASSE V;calibration
M10MCDVPPS1R893;MERCEDES;CLASSE V;calibration
M10MCDVPPS1R928;MERCEDES;CLASSE V;calibration
M10MCDVPPS1R929;MERCEDES;CLASSE V;calibration
M10MCDVPPS1R964;MERCEDES;CLASSE V;calibration
M10MCDVPPS1R965;MERCEDES;CLASSE V;calibration
M10MCDVPPS1S772;MERCEDES;CLASSE V;calibration
M10MCDVPPS1S797;MERCEDES;CLASSE V;calibration
M10MCDVPPS1S833;MERCEDES;CLASSE V;calibration
M10MCDVPPS1S869;MERCEDES;CLASSE V;calibration
M10MCDVPPS1S894;MERCEDES;CLASSE V;calibration
M10MCDVPPS1S930;MERCEDES;CLASSE V;calibration
M10MCDVPPS1S966;MERCEDES;CLASSE V;calibration
M10MCDVPPS1T773;MERCEDES;CLASSE V;calibration
M10MCDVPPS1T798;MERCEDES;CLASSE V;calibration
M10MCDVPPS1T834;MERCEDES;CLASSE V;calibration
M10MCDVPPS1T870;MERCEDES;CLASSE V;calibration
M10MCDVPPS1T895;MERCEDES;CLASSE V;calibration
M10MCDVPPS1T931;MERCEDES;CLASSE V;calibration
M10MCDVPPS1T967;MERCEDES;CLASSE V;calibration
M10MCDVPPS1U774;MERCEDES;CLASSE V;calibration
M10MCDVPPS1U799;MERCEDES;CLASSE V;calibration
M10MCDVPPS1U835;MERCEDES;CLASSE V;calibration
M10MCDVPPS1U871;MERCEDES;CLASSE V;calibration
M10MCDVPPS1U896;MERCEDES;CLASSE V;calibration
M10MCDVPPS1U932;MERCEDES;CLASSE V;calibration
M10MCDVPPS1U968;MERCEDES;CLASSE V;calibration
M10MCDVPPS1V775;MERCEDES;CLASSE V;calibration
M10MCDVPPS1V800;MERCEDES;CLASSE V;calibration
M10MCDVPPS1V836;MERCEDES;CLASSE V;calibration
M10MCDVPPS1V872;MERCEDES;CLASSE V;calibration
M10MCDVPPS1V897;MERCEDES;CLASSE V;calibration
M10MCDVPPS1V933;MERCEDES;CLASSE V;calibration
M10MCDVPPS1V969;MERCEDES;CLASSE V;calibration
M10MCDVPPS1W801;MERCEDES;CLASSE V;calibration
M10MCDVPPS1W837;MERCEDES;CLASSE V;calibration
M10MCDVPPS1W898;MERCEDES;CLASSE V;calibration
M10MCDVPPS1W934;MERCEDES;CLASSE V;calibration
M10MCDVPPS1X802;MERCEDES;CLASSE V;calibration
M10MCDVPPS1X838;MERCEDES;CLASSE V;calibration
M10MCDVPPS1X899;MERCEDES;CLASSE V;calibration
M10MCDVPPS1X935;MERCEDES;CLASSE V;calibration
M10MCDVPPS1Y803;MERCEDES;CLASSE V;calibration
M10MCDVPPS1Y839;MERCEDES;CLASSE V;calibration
M10MCDVPPS1Y900;MERCEDES;CLASSE V;calibration
M10MCDVPPS1Y936;MERCEDES;CLASSE V;calibration
M10MCDVPPS1Z804;MERCEDES;CLASSE V;calibration
M10MCDVPPS1Z840;MERCEDES;CLASSE V;calibration
M10MCDVPPS1Z901;MERCEDES;CLASSE V;calibration
M10MCDVPPS1Z937;MERCEDES;CLASSE V;calibration
M10MCDVPLK50680;MERCEDES;CLASSE V;calibration
M10MCDVPLK51681;MERCEDES;CLASSE V;calibration
M10MCDVPLK52682;MERCEDES;CLASSE V;calibration
M10MCDVPLK53683;MERCEDES;CLASSE V;calibration
M10MCDVPLK54684;MERCEDES;CLASSE V;calibration
M10MCDVPLK55685;MERCEDES;CLASSE V;calibration
M10MCDVPLK56686;MERCEDES;CLASSE V;calibration
M10MCDVPLK57687;MERCEDES;CLASSE V;calibration
M10MCDVPLK58688;MERCEDES;CLASSE V;calibration
M10MCDVPLK59689;MERCEDES;CLASSE V;calibration
M10MCDVPLK5A690;MERCEDES;CLASSE V;calibration
M10MCDVPLK5B691;MERCEDES;CLASSE V;calibration
M10MCDVPLK5C692;MERCEDES;CLASSE V;calibration
M10MCDVPLK5D693;MERCEDES;CLASSE V;calibration
M10MCDVPLK5E694;MERCEDES;CLASSE V;calibration
M10MCDVPLK5F695;MERCEDES;CLASSE V;calibration
M10MCDVPLK5G696;MERCEDES;CLASSE V;calibration
M10MCDVPLK5H697;MERCEDES;CLASSE V;calibration
M10MCDVPLK5J698;MERCEDES;CLASSE V;calibration
M10MCDVPLK5J699;MERCEDES;CLASSE V;calibration
M10MCDVPLK5K675;MERCEDES;CLASSE V;calibration
M10MCDVPLK5K700;MERCEDES;CLASSE V;calibration
M10MCDVPLK5L676;MERCEDES;CLASSE V;calibration
M10MCDVPLK5L701;MERCEDES;CLASSE V;calibration
M10MCDVPLK5M677;MERCEDES;CLASSE V;calibration
M10MCDVPLK5M702;MERCEDES;CLASSE V;calibration
M10MCDVPLK5N678;MERCEDES;CLASSE V;calibration
M10MCDVPLK5Z679;MERCEDES;CLASSE V;calibration
M10MCDVPLK65199;MERCEDES;CLASSE V;calibration
M10MCDVPLK66200;MERCEDES;CLASSE V;calibration
M10MCDVPLK69203;MERCEDES;CLASSE V;calibration
M10MCDVPLK6A204;MERCEDES;CLASSE V;calibration
M10MCDVPLK6D207;MERCEDES;CLASSE V;calibration
M10MCDVPLK6E208;MERCEDES;CLASSE V;calibration
M10MCDVPPS20222;MERCEDES;CLASSE V;calibration
M10MCDVPPS20258;MERCEDES;CLASSE V;calibration
M10MCDVPPS20319;MERCEDES;CLASSE V;calibration
M10MCDVPPS20355;MERCEDES;CLASSE V;calibration
M10MCDVPPS21223;MERCEDES;CLASSE V;calibration
M10MCDVPPS21259;MERCEDES;CLASSE V;calibration
M10MCDVPPS21320;MERCEDES;CLASSE V;calibration
M10MCDVPPS21356;MERCEDES;CLASSE V;calibration
M10MCDVPPS22224;MERCEDES;CLASSE V;calibration
M10MCDVPPS22260;MERCEDES;CLASSE V;calibration
M10MCDVPPS22321;MERCEDES;CLASSE V;calibration
M10MCDVPPS22357;MERCEDES;CLASSE V;calibration
M10MCDVPPS23225;MERCEDES;CLASSE V;calibration
M10MCDVPPS23261;MERCEDES;CLASSE V;calibration
M10MCDVPPS23322;MERCEDES;CLASSE V;calibration
M10MCDVPPS23358;MERCEDES;CLASSE V;calibration
M10MCDVPPS24226;MERCEDES;CLASSE V;calibration
M10MCDVPPS24262;MERCEDES;CLASSE V;calibration
M10MCDVPPS24323;MERCEDES;CLASSE V;calibration
M10MCDVPPS24359;MERCEDES;CLASSE V;calibration
M10MCDVPPS25227;MERCEDES;CLASSE V;calibration
M10MCDVPPS25263;MERCEDES;CLASSE V;calibration
M10MCDVPPS25324;MERCEDES;CLASSE V;calibration
M10MCDVPPS25360;MERCEDES;CLASSE V;calibration
M10MCDVPPS26228;MERCEDES;CLASSE V;calibration
M10MCDVPPS26264;MERCEDES;CLASSE V;calibration
M10MCDVPPS26325;MERCEDES;CLASSE V;calibration
M10MCDVPPS26361;MERCEDES;CLASSE V;calibration
M10MCDVPPS27229;MERCEDES;CLASSE V;calibration
M10MCDVPPS27265;MERCEDES;CLASSE V;calibration
M10MCDVPPS27326;MERCEDES;CLASSE V;calibration
M10MCDVPPS27362;MERCEDES;CLASSE V;calibration
M10MCDVPPS28230;MERCEDES;CLASSE V;calibration
M10MCDVPPS28266;MERCEDES;CLASSE V;calibration
M10MCDVPPS28291;MERCEDES;CLASSE V;calibration
M10MCDVPPS28327;MERCEDES;CLASSE V;calibration
M10MCDVPPS28363;MERCEDES;CLASSE V;calibration
M10MCDVPPS29231;MERCEDES;CLASSE V;calibration
M10MCDVPPS29267;MERCEDES;CLASSE V;calibration
M10MCDVPPS29292;MERCEDES;CLASSE V;calibration
M10MCDVPPS29328;MERCEDES;CLASSE V;calibration
M10MCDVPPS29364;MERCEDES;CLASSE V;calibration
M10MCDVPPS2A232;MERCEDES;CLASSE V;calibration
M10MCDVPPS2A268;MERCEDES;CLASSE V;calibration
M10MCDVPPS2A293;MERCEDES;CLASSE V;calibration
M10MCDVPPS2A329;MERCEDES;CLASSE V;calibration
M10MCDVPPS2A365;MERCEDES;CLASSE V;calibration
M10MCDVPPS2B233;MERCEDES;CLASSE V;calibration
M10MCDVPPS2B269;MERCEDES;CLASSE V;calibration
M10MCDVPPS2B294;MERCEDES;CLASSE V;calibration
M10MCDVPPS2B330;MERCEDES;CLASSE V;calibration
M10MCDVPPS2B366;MERCEDES;CLASSE V;calibration
M10MCDVPPS2C234;MERCEDES;CLASSE V;calibration
M10MCDVPPS2C270;MERCEDES;CLASSE V;calibration
M10MCDVPPS2C295;MERCEDES;CLASSE V;calibration
M10MCDVPPS2C331;MERCEDES;CLASSE V;calibration
M10MCDVPPS2C367;MERCEDES;CLASSE V;calibration
M10MCDVPPS2D235;MERCEDES;CLASSE V;calibration
M10MCDVPPS2D271;MERCEDES;CLASSE V;calibration
M10MCDVPPS2D296;MERCEDES;CLASSE V;calibration
M10MCDVPPS2D332;MERCEDES;CLASSE V;calibration
M10MCDVPPS2D368;MERCEDES;CLASSE V;calibration
M10MCDVPPS2E236;MERCEDES;CLASSE V;calibration
M10MCDVPPS2E272;MERCEDES;CLASSE V;calibration
M10MCDVPPS2E297;MERCEDES;CLASSE V;calibration
M10MCDVPPS2E333;MERCEDES;CLASSE V;calibration
M10MCDVPPS2F237;MERCEDES;CLASSE V;calibration
M10MCDVPPS2F273;MERCEDES;CLASSE V;calibration
M10MCDVPPS2F298;MERCEDES;CLASSE V;calibration
M10MCDVPPS2F334;MERCEDES;CLASSE V;calibration
M10MCDVPPS2G238;MERCEDES;CLASSE V;calibration
M10MCDVPPS2G274;MERCEDES;CLASSE V;calibration
M10MCDVPPS2G299;MERCEDES;CLASSE V;calibration
M10MCDVPPS2G335;MERCEDES;CLASSE V;calibration
M10MCDVPPS2H239;MERCEDES;CLASSE V;calibration
M10MCDVPPS2H275;MERCEDES;CLASSE V;calibration
M10MCDVPPS2H300;MERCEDES;CLASSE V;calibration
M10MCDVPPS2H336;MERCEDES;CLASSE V;calibration
M10MCDVPPS2J240;MERCEDES;CLASSE V;calibration
M10MCDVPPS2J241;MERCEDES;CLASSE V;calibration
M10MCDVPPS2J276;MERCEDES;CLASSE V;calibration
M10MCDVPPS2J277;MERCEDES;CLASSE V;calibration
M10MCDVPPS2J301;MERCEDES;CLASSE V;calibration
M10MCDVPPS2J302;MERCEDES;CLASSE V;calibration
M10MCDVPPS2J337;MERCEDES;CLASSE V;calibration
M10MCDVPPS2J338;MERCEDES;CLASSE V;calibration
M10MCDVPPS2K242;MERCEDES;CLASSE V;calibration
M10MCDVPPS2K278;MERCEDES;CLASSE V;calibration
M10MCDVPPS2K303;MERCEDES;CLASSE V;calibration
M10MCDVPPS2K339;MERCEDES;CLASSE V;calibration
M10MCDVPPS2L243;MERCEDES;CLASSE V;calibration
M10MCDVPPS2L279;MERCEDES;CLASSE V;calibration
M10MCDVPPS2L304;MERCEDES;CLASSE V;calibration
M10MCDVPPS2L340;MERCEDES;CLASSE V;calibration
M10MCDVPPS2M244;MERCEDES;CLASSE V;calibration
M10MCDVPPS2M280;MERCEDES;CLASSE V;calibration
M10MCDVPPS2M305;MERCEDES;CLASSE V;calibration
M10MCDVPPS2M341;MERCEDES;CLASSE V;calibration
M10MCDVPPS2N245;MERCEDES;CLASSE V;calibration
M10MCDVPPS2N281;MERCEDES;CLASSE V;calibration
M10MCDVPPS2N306;MERCEDES;CLASSE V;calibration
M10MCDVPPS2N342;MERCEDES;CLASSE V;calibration
M10MCDVPPS2P246;MERCEDES;CLASSE V;calibration
M10MCDVPPS2P247;MERCEDES;CLASSE V;calibration
M10MCDVPPS2P282;MERCEDES;CLASSE V;calibration
M10MCDVPPS2P283;MERCEDES;CLASSE V;calibration
M10MCDVPPS2P307;MERCEDES;CLASSE V;calibration
M10MCDVPPS2P308;MERCEDES;CLASSE V;calibration
M10MCDVPPS2P343;MERCEDES;CLASSE V;calibration
M10MCDVPPS2P344;MERCEDES;CLASSE V;calibration
M10MCDVPPS2R248;MERCEDES;CLASSE V;calibration
M10MCDVPPS2R249;MERCEDES;CLASSE V;calibration
M10MCDVPPS2R284;MERCEDES;CLASSE V;calibration
M10MCDVPPS2R285;MERCEDES;CLASSE V;calibration
M10MCDVPPS2R309;MERCEDES;CLASSE V;calibration
M10MCDVPPS2R310;MERCEDES;CLASSE V;calibration
M10MCDVPPS2R345;MERCEDES;CLASSE V;calibration
M10MCDVPPS2R346;MERCEDES;CLASSE V;calibration
M10MCDVPPS2S250;MERCEDES;CLASSE V;calibration
M10MCDVPPS2S286;MERCEDES;CLASSE V;calibration
M10MCDVPPS2S311;MERCEDES;CLASSE V;calibration
M10MCDVPPS2S347;MERCEDES;CLASSE V;calibration
M10MCDVPPS2T251;MERCEDES;CLASSE V;calibration
M10MCDVPPS2T287;MERCEDES;CLASSE V;calibration
M10MCDVPPS2T312;MERCEDES;CLASSE V;calibration
M10MCDVPPS2T348;MERCEDES;CLASSE V;calibration
M10MCDVPPS2U252;MERCEDES;CLASSE V;calibration
M10MCDVPPS2U288;MERCEDES;CLASSE V;calibration
M10MCDVPPS2U313;MERCEDES;CLASSE V;calibration
M10MCDVPPS2U349;MERCEDES;CLASSE V;calibration
M10MCDVPPS2V217;MERCEDES;CLASSE V;calibration
M10MCDVPPS2V253;MERCEDES;CLASSE V;calibration
M10MCDVPPS2V289;MERCEDES;CLASSE V;calibration
M10MCDVPPS2V314;MERCEDES;CLASSE V;calibration
M10MCDVPPS2V350;MERCEDES;CLASSE V;calibration
M10MCDVPPS2W218;MERCEDES;CLASSE V;calibration
M10MCDVPPS2W254;MERCEDES;CLASSE V;calibration
M10MCDVPPS2W290;MERCEDES;CLASSE V;calibration
M10MCDVPPS2W315;MERCEDES;CLASSE V;calibration
M10MCDVPPS2W351;MERCEDES;CLASSE V;calibration
M10MCDVPPS2X219;MERCEDES;CLASSE V;calibration
M10MCDVPPS2X255;MERCEDES;CLASSE V;calibration
M10MCDVPPS2X316;MERCEDES;CLASSE V;calibration
M10MCDVPPS2X352;MERCEDES;CLASSE V;calibration
M10MCDVPPS2Y220;MERCEDES;CLASSE V;calibration
M10MCDVPPS2Y256;MERCEDES;CLASSE V;calibration
M10MCDVPPS2Y317;MERCEDES;CLASSE V;calibration
M10MCDVPPS2Y353;MERCEDES;CLASSE V;calibration
M10MCDVPPS2Z221;MERCEDES;CLASSE V;calibration
M10MCDVPPS2Z257;MERCEDES;CLASSE V;calibration
M10MCDVPPS2Z318;MERCEDES;CLASSE V;calibration
M10MCDVPPS2Z354;MERCEDES;CLASSE V;calibration
M10MCDVPPS34067;MERCEDES;CLASSE V;calibration
M10MCDVPPS35068;MERCEDES;CLASSE V;calibration
M10MCDVPPS36069;MERCEDES;CLASSE V;calibration
M10MCDVPPS37070;MERCEDES;CLASSE V;calibration
M10MCDVPPS38071;MERCEDES;CLASSE V;calibration
M10MCDVPPS39072;MERCEDES;CLASSE V;calibration
M10MCDVPPS3B099;MERCEDES;CLASSE V;calibration
M10MCDVPPS3C100;MERCEDES;CLASSE V;calibration
M10MCDVPPS3D101;MERCEDES;CLASSE V;calibration
M10MCDVPPS3E102;MERCEDES;CLASSE V;calibration
M10MCDVPPS3G043;MERCEDES;CLASSE V;calibration
M10MCDVPPS3G079;MERCEDES;CLASSE V;calibration
M10MCDVPPS3H044;MERCEDES;CLASSE V;calibration
M10MCDVPPS3H080;MERCEDES;CLASSE V;calibration
M10MCDVPPS3J045;MERCEDES;CLASSE V;calibration
M10MCDVPPS3J046;MERCEDES;CLASSE V;calibration
M10MCDVPPS3J081;MERCEDES;CLASSE V;calibration
M10MCDVPPS3J082;MERCEDES;CLASSE V;calibration
M10MCDVPPS3J107;MERCEDES;CLASSE V;calibration
M10MCDVPPS3K047;MERCEDES;CLASSE V;calibration
M10MCDVPPS3K083;MERCEDES;CLASSE V;calibration
M10MCDVPPS3K108;MERCEDES;CLASSE V;calibration
M10MCDVPPS3L048;MERCEDES;CLASSE V;calibration
M10MCDVPPS3L084;MERCEDES;CLASSE V;calibration
M10MCDVPPS3L109;MERCEDES;CLASSE V;calibration
M10MCDVPPS3M110;MERCEDES;CLASSE V;calibration
M10MCDVPPS3S055;MERCEDES;CLASSE V;calibration
M10MCDVPPS3S091;MERCEDES;CLASSE V;calibration
M10MCDVPPS3T056;MERCEDES;CLASSE V;calibration
M10MCDVPPS3T092;MERCEDES;CLASSE V;calibration
M10MCDVPPS3U057;MERCEDES;CLASSE V;calibration
M10MCDVPPS3U093;MERCEDES;CLASSE V;calibration
M10MCDVPPS3V058;MERCEDES;CLASSE V;calibration
M10MCDVPPS3V094;MERCEDES;CLASSE V;calibration
M10MCDVPPS3W059;MERCEDES;CLASSE V;calibration
M10MCDVPPS3X060;MERCEDES;CLASSE V;calibration
M10MCDVPLX53124;MERCEDES;SPRINTER;test
M10MCDVPLX54028;MERCEDES;SPRINTER;test
M10MCDVPLX54125;MERCEDES;SPRINTER;test
M10MCDVPLX55029;MERCEDES;SPRINTER;test
M10MCDVPLX55126;MERCEDES;SPRINTER;test
M10MCDVPLX56030;MERCEDES;SPRINTER;test
M10MCDVPLX56127;MERCEDES;SPRINTER;test
M10MCDVPLX57031;MERCEDES;SPRINTER;test
M10MCDVPLX57128;MERCEDES;SPRINTER;test
M10MCDVPLX58032;MERCEDES;SPRINTER;test
M10MCDVPLX58129;MERCEDES;SPRINTER;test
M10MCDVPLX59033;MERCEDES;SPRINTER;test
M10MCDVPLX59130;MERCEDES;SPRINTER;test
M10MCDVPLX5A034;MERCEDES;SPRINTER;test
M10MCDVPLX5A131;MERCEDES;SPRINTER;test
M10MCDVPLX5B035;MERCEDES;SPRINTER;test
M10MCDVPLX5B132;MERCEDES;SPRINTER;test
M10MCDVPLX5C036;MERCEDES;SPRINTER;test
M10MCDVPLX5C133;MERCEDES;SPRINTER;test
M10MCDVPLX5D037;MERCEDES;SPRINTER;test
M10MCDVPLX5D134;MERCEDES;SPRINTER;test
M10MCDVPLX5E038;MERCEDES;SPRINTER;test
M10MCDVPLX5E135;MERCEDES;SPRINTER;test
M10MCDVPLX5F039;MERCEDES;SPRINTER;test
M10MCDVPLX5F136;MERCEDES;SPRINTER;test
M10MCDVPLX5G040;MERCEDES;SPRINTER;test
M10MCDVPLX5G137;MERCEDES;SPRINTER;test
M10MCDVPLX5H041;MERCEDES;SPRINTER;test
M10MCDVPLX5H138;MERCEDES;SPRINTER;test
M10MCDVPLX5J042;MERCEDES;SPRINTER;test
M10MCDVPLX5J043;MERCEDES;SPRINTER;test
M10MCDVPLX5J139;MERCEDES;SPRINTER;test
M10MCDVPLX5K044;MERCEDES;SPRINTER;test
M10MCDVPLX5L045;MERCEDES;SPRINTER;test
M10MCDVPLX5M046;MERCEDES;SPRINTER;test
M10MCDVPLX5N047;MERCEDES;SPRINTER;test
M10MCDVPLX50060;MERCEDES;SPRINTER;test
M10MCDVPLX51061;MERCEDES;SPRINTER;test
M10MCDVPLX52062;MERCEDES;SPRINTER;test
M10MCDVPLX53063;MERCEDES;SPRINTER;test
M10MCDVPLX5R148;MERCEDES;SPRINTER;test
M10MCDVPLX5S149;MERCEDES;SPRINTER;test
M10MCDVPLX5T150;MERCEDES;SPRINTER;test
M10MCDVPLX5U151;MERCEDES;SPRINTER;test
M10MCDVPLX5V152;MERCEDES;SPRINTER;test
M10MCDVPLX5W056;MERCEDES;SPRINTER;test
M10MCDVPLX5W153;MERCEDES;SPRINTER;test
M10MCDVPLX5X057;MERCEDES;SPRINTER;test
M10MCDVPLX5X154;MERCEDES;SPRINTER;test
M10MCDVPLX5Y058;MERCEDES;SPRINTER;test
M10MCDVPLX5Y155;MERCEDES;SPRINTER;test
M10MCDVPLX5Z059;MERCEDES;SPRINTER;test
M10MCDVPLX50096;MERCEDES;SPRINTER;test
M10MCDVPLX50193;MERCEDES;SPRINTER;test
M10MCDVPLX5C097;MERCEDES;SPRINTER;test
M10MCDVPLX5C194;MERCEDES;SPRINTER;test
M10MCDVPLX5D098;MERCEDES;SPRINTER;test
M10MCDVPLX5D195;MERCEDES;SPRINTER;test
M10MCDVPLX5E099;MERCEDES;SPRINTER;test
M10MCDVPLX5F100;MERCEDES;SPRINTER;test
M10MCDVPLX5G101;MERCEDES;SPRINTER;test
M10MCDVPLX5H102;MERCEDES;SPRINTER;test
M10MCDVPLX5J103;MERCEDES;SPRINTER;test
M10MCDVPLX5J176;MERCEDES;SPRINTER;test
M10MCDVPLX5K177;MERCEDES;SPRINTER;test
M10MCDVPLX5L178;MERCEDES;SPRINTER;test
M10MCDVPLX5M179;MERCEDES;SPRINTER;test
M10MCDVPLX5N180;MERCEDES;SPRINTER;test
M10MCDVPLX5P084;MERCEDES;SPRINTER;test
M10MCDVPLX5P085;MERCEDES;SPRINTER;test
M10MCDVPLX5P181;MERCEDES;SPRINTER;test
M10MCDVPLX5P182;MERCEDES;SPRINTER;test
M10MCDVPLX5R086;MERCEDES;SPRINTER;test
M10MCDVPLX5R087;MERCEDES;SPRINTER;test
M10MCDVPLX5R183;MERCEDES;SPRINTER;test
M10MCDVPLX5R184;MERCEDES;SPRINTER;test
M10MCDVPLX5S088;MERCEDES;SPRINTER;test
M10MCDVPLX5S185;MERCEDES;SPRINTER;test
M10MCDVPLX5T089;MERCEDES;SPRINTER;test
M10MCDVPLX5T186;MERCEDES;SPRINTER;test
M10MCDVPLX5U090;MERCEDES;SPRINTER;test
M10MCDVPLX5U187;MERCEDES;SPRINTER;test
M10MCDVPLX5V091;MERCEDES;SPRINTER;test
M10MCDVPLX5V188;MERCEDES;SPRINTER;test
M10MCDVPLX5W092;MERCEDES;SPRINTER;test
M10MCDVPLX5W189;MERCEDES;SPRINTER;test
M10MCDVPLX5X093;MERCEDES;SPRINTER;test
M10MCDVPLX5X190;MERCEDES;SPRINTER;test
M10MCDVPLX5Y094;MERCEDES;SPRINTER;test
M10MCDVPLX5Y191;MERCEDES;SPRINTER;test
M10MCDVPLX5Z095;MERCEDES;SPRINTER;test
M10MCDVPLX5Z192;MERCEDES;SPRINTER;test
M10MCDVPEC81111;MERCEDES;SPRINTER;test
M10MCDVPEC82087;MERCEDES;SPRINTER;test
M10MCDVPEC82112;MERCEDES;SPRINTER;test
M10MCDVPEC83088;MERCEDES;SPRINTER;test
M10MCDVPEC83113;MERCEDES;SPRINTER;test
M10MCDVPEC84089;MERCEDES;SPRINTER;test
M10MCDVPEC84114;MERCEDES;SPRINTER;test
M10MCDVPEC85090;MERCEDES;SPRINTER;test
M10MCDVPEC86055;MERCEDES;SPRINTER;test
M10MCDVPEC87056;MERCEDES;SPRINTER;test
M10MCDVPEC87311;MERCEDES;SPRINTER;test
M10MCDVPEC87347;MERCEDES;SPRINTER;test
M10MCDVPEC88057;MERCEDES;SPRINTER;test
M10MCDVPEC88287;MERCEDES;SPRINTER;test
M10MCDVPEC88312;MERCEDES;SPRINTER;test
M10MCDVPEC88348;MERCEDES;SPRINTER;test
M10MCDVPEC89058;MERCEDES;SPRINTER;test
M10MCDVPEC89288;MERCEDES;SPRINTER;test
M10MCDVPEC89313;MERCEDES;SPRINTER;test
M10MCDVPEC89349;MERCEDES;SPRINTER;test
M10MCDVPEC8A289;MERCEDES;SPRINTER;test
M10MCDVPEC8A314;MERCEDES;SPRINTER;test
M10MCDVPEC8A350;MERCEDES;SPRINTER;test
M10MCDVPEC8B290;MERCEDES;SPRINTER;test
M10MCDVPEC8D123;MERCEDES;SPRINTER;test
M10MCDVPEC8E124;MERCEDES;SPRINTER;test
M10MCDVPEC8F125;MERCEDES;SPRINTER;test
M10MCDVPEC8G065;MERCEDES;SPRINTER;test
M10MCDVPEC8G126;MERCEDES;SPRINTER;test
M10MCDVPEC8H066;MERCEDES;SPRINTER;test
M10MCDVPEC8J067;MERCEDES;SPRINTER;test
M10MCDVPEC8J068;MERCEDES;SPRINTER;test
M10MCDVPEC8J261;MERCEDES;SPRINTER;test
M10MCDVPEC8J262;MERCEDES;SPRINTER;test
M10MCDVPEC8J323;MERCEDES;SPRINTER;test
M10MCDVPEC8J359;MERCEDES;SPRINTER;test
M10MCDVPEC8K033;MERCEDES;SPRINTER;test
M10MCDVPEC8K263;MERCEDES;SPRINTER;test
M10MCDVPEC8K324;MERCEDES;SPRINTER;test
M10MCDVPEC8K360;MERCEDES;SPRINTER;test
M10MCDVPEC8L034;MERCEDES;SPRINTER;test
M10MCDVPEC8L264;MERCEDES;SPRINTER;test
M10MCDVPEC8L325;MERCEDES;SPRINTER;test
M10MCDVPEC8L361;MERCEDES;SPRINTER;test
M10MCDVPEC8M035;MERCEDES;SPRINTER;test
M10MCDVPEC8M265;MERCEDES;SPRINTER;test
M10MCDVPEC8M326;MERCEDES;SPRINTER;test
M10MCDVPEC8M362;MERCEDES;SPRINTER;test
M10MCDVPEC8N036;MERCEDES;SPRINTER;test
M10MCDVPEC8N266;MERCEDES;SPRINTER;test
M10MCDVPEC8P037;MERCEDES;SPRINTER;test
M10MCDVPEC8P038;MERCEDES;SPRINTER;test
M10MCDVPEC8P099;MERCEDES;SPRINTER;test
M10MCDVPEC8P135;MERCEDES;SPRINTER;test
M10MCDVPEC8R075;MERCEDES;SPRINTER;test
M10MCDVPEC8R076;MERCEDES;SPRINTER;test
M10MCDVPEC8R100;MERCEDES;SPRINTER;test
M10MCDVPEC8R101;MERCEDES;SPRINTER;test
M10MCDVPEC8R136;MERCEDES;SPRINTER;test
M10MCDVPEC8R137;MERCEDES;SPRINTER;test
M10MCDVPEC8S077;MERCEDES;SPRINTER;test
M10MCDVPEC8S102;MERCEDES;SPRINTER;test
M10MCDVPEC8S138;MERCEDES;SPRINTER;test
M10MCDVPEC8T078;MERCEDES;SPRINTER;test
M10MCDVPEC8V299;MERCEDES;SPRINTER;test
M10MCDVPEC8V335;MERCEDES;SPRINTER;test
M10MCDVPEC8V371;MERCEDES;SPRINTER;test
M10MCDVPEC8W045;MERCEDES;SPRINTER;test
M10MCDVPEC8W275;MERCEDES;SPRINTER;test
M10MCDVPEC8W300;MERCEDES;SPRINTER;test
M10MCDVPEC8W336;MERCEDES;SPRINTER;test
M10MCDVPEC8W372;MERCEDES;SPRINTER;test
M10MCDVPEC8X046;MERCEDES;SPRINTER;test
M10MCDVPEC8X276;MERCEDES;SPRINTER;test
M10MCDVPEC8X301;MERCEDES;SPRINTER;test
M10MCDVPEC8X337;MERCEDES;SPRINTER;test
M10MCDVPEC8X373;MERCEDES;SPRINTER;test
M10MCDVPEC8Y047;MERCEDES;SPRINTER;test
M10MCDVPEC8Y277;MERCEDES;SPRINTER;test
M10MCDVPEC8Y302;MERCEDES;SPRINTER;test
M10MCDVPEC8Y338;MERCEDES;SPRINTER;test
M10MCDVPEC8Y374;MERCEDES;SPRINTER;test
M10MCDVPEC8Z048;MERCEDES;SPRINTER;test
M10MCDVPEC8Z278;MERCEDES;SPRINTER;test
M10MCDVPEE60595;MERCEDES;SPRINTER;test
M10MCDVPEE60631;MERCEDES;SPRINTER;test
M10MCDVPEE60825;MERCEDES;SPRINTER;test
M10MCDVPEE60983;MERCEDES;SPRINTER;test
M10MCDVPEE61596;MERCEDES;SPRINTER;test
M10MCDVPEE61632;MERCEDES;SPRINTER;test
M10MCDVPEE61826;MERCEDES;SPRINTER;test
M10MCDVPEE61862;MERCEDES;SPRINTER;test
M10MCDVPEE61887;MERCEDES;SPRINTER;test
M10MCDVPEE61984;MERCEDES;SPRINTER;test
M10MCDVPEE62633;MERCEDES;SPRINTER;test
M10MCDVPEE62827;MERCEDES;SPRINTER;test
M10MCDVPEE62863;MERCEDES;SPRINTER;test
M10MCDVPEE62888;MERCEDES;SPRINTER;test
M10MCDVPEE63634;MERCEDES;SPRINTER;test
M10MCDVPEE63670;MERCEDES;SPRINTER;test
M10MCDVPEE63864;MERCEDES;SPRINTER;test
M10MCDVPEE64671;MERCEDES;SPRINTER;test
M10MCDVPEE64696;MERCEDES;SPRINTER;test
M10MCDVPEE64865;MERCEDES;SPRINTER;test
M10MCDVPEE65672;MERCEDES;SPRINTER;test
M10MCDVPEE65697;MERCEDES;SPRINTER;test
M10MCDVPEE65927;MERCEDES;SPRINTER;test
M10MCDVPEE66601;MERCEDES;SPRINTER;test
M10MCDVPEE66673;MERCEDES;SPRINTER;test
M10MCDVPEE66698;MERCEDES;SPRINTER;test
M10MCDVPEE66770;MERCEDES;SPRINTER;test
M10MCDVPEE66928;MERCEDES;SPRINTER;test
M10MCDVPEE67602;MERCEDES;SPRINTER;test
M10MCDVPEE67674;MERCEDES;SPRINTER;test
M10MCDVPEE67699;MERCEDES;SPRINTER;test
M10MCDVPEE67771;MERCEDES;SPRINTER;test
M10MCDVPEE67832;MERCEDES;SPRINTER;test
M10MCDVPEE67929;MERCEDES;SPRINTER;test
M10MCDVPEE68675;MERCEDES;SPRINTER;test
M10MCDVPEE68772;MERCEDES;SPRINTER;test
M10MCDVPEE68833;MERCEDES;SPRINTER;test
M10MCDVPEE68930;MERCEDES;SPRINTER;test
M10MCDVPEE69773;MERCEDES;SPRINTER;test
M10MCDVPEE6A738;MERCEDES;SPRINTER;test
M10MCDVPEE6B739;MERCEDES;SPRINTER;test
M10MCDVPEE6B969;MERCEDES;SPRINTER;test
M10MCDVPEE6C740;MERCEDES;SPRINTER;test
M10MCDVPEE6D644;MERCEDES;SPRINTER;test
M10MCDVPEE6D741;MERCEDES;SPRINTER;test
M10MCDVPEE6E645;MERCEDES;SPRINTER;test
M10MCDVPEE6E742;MERCEDES;SPRINTER;test
M10MCDVPEE6F646;MERCEDES;SPRINTER;test
M10MCDVPEE6F743;MERCEDES;SPRINTER;test
M10MCDVPEE6F901;MERCEDES;SPRINTER;test
M10MCDVPEE6G611;MERCEDES;SPRINTER;test
M10MCDVPEE6G647;MERCEDES;SPRINTER;test
M10MCDVPEE6G708;MERCEDES;SPRINTER;test
M10MCDVPEE6G902;MERCEDES;SPRINTER;test
M10MCDVPEE6H612;MERCEDES;SPRINTER;test
M10MCDVPEE6H648;MERCEDES;SPRINTER;test
M10MCDVPEE6H709;MERCEDES;SPRINTER;test
M10MCDVPEE6H842;MERCEDES;SPRINTER;test
M10MCDVPEE6H903;MERCEDES;SPRINTER;test
M10MCDVPEE6H939;MERCEDES;SPRINTER;test
M10MCDVPEE6J613;MERCEDES;SPRINTER;test
M10MCDVPEE6J614;MERCEDES;SPRINTER;test
M10MCDVPEE6J649;MERCEDES;SPRINTER;test
M10MCDVPEE6J710;MERCEDES;SPRINTER;test
M10MCDVPEE6J711;MERCEDES;SPRINTER;test
M10MCDVPEE6J843;MERCEDES;SPRINTER;test
M10MCDVPEE6J844;MERCEDES;SPRINTER;test
M10MCDVPEE6J904;MERCEDES;SPRINTER;test
M10MCDVPEE6J905;MERCEDES;SPRINTER;test
M10MCDVPEE6J940;MERCEDES;SPRINTER;test
M10MCDVPEE6J941;MERCEDES;SPRINTER;test
M10MCDVPEE6K615;MERCEDES;SPRINTER;test
M10MCDVPEE6K845;MERCEDES;SPRINTER;test
M10MCDVPEE6K906;MERCEDES;SPRINTER;test
M10MCDVPEE6K942;MERCEDES;SPRINTER;test
M10MCDVPEE6L616;MERCEDES;SPRINTER;test
M10MCDVPEE6L846;MERCEDES;SPRINTER;test
M10MCDVPEE6M847;MERCEDES;SPRINTER;test
M10MCDVPEE6N970;MERCEDES;SPRINTER;test
M10MCDVPEE6P656;MERCEDES;SPRINTER;test
M10MCDVPEE6P752;MERCEDES;SPRINTER;test
M10MCDVPEE6P753;MERCEDES;SPRINTER;test
M10MCDVPEE6P875;MERCEDES;SPRINTER;test
M10MCDVPEE6P971;MERCEDES;SPRINTER;test
M10MCDVPEE6P972;MERCEDES;SPRINTER;test
M10MCDVPEE6R621;MERCEDES;SPRINTER;test
M10MCDVPEE6R622;MERCEDES;SPRINTER;test
M10MCDVPEE6R657;MERCEDES;SPRINTER;test
M10MCDVPEE6R682;MERCEDES;SPRINTER;test
M10MCDVPEE6R683;MERCEDES;SPRINTER;test
M10MCDVPEE6R852;MERCEDES;SPRINTER;test
M10MCDVPEE6R876;MERCEDES;SPRINTER;test
M10MCDVPEE6R877;MERCEDES;SPRINTER;test
M10MCDVPEE6R913;MERCEDES;SPRINTER;test
M10MCDVPEE6R973;MERCEDES;SPRINTER;test
M10MCDVPEE6R974;MERCEDES;SPRINTER;test
M10MCDVPEE6S720;MERCEDES;SPRINTER;test
M10MCDVPEE6S853;MERCEDES;SPRINTER;test
M10MCDVPEE6S878;MERCEDES;SPRINTER;test
M10MCDVPEE6S914;MERCEDES;SPRINTER;test
M10MCDVPEE6T721;MERCEDES;SPRINTER;test
M10MCDVPEE6T879;MERCEDES;SPRINTER;test
M10MCDVPEE6T951;MERCEDES;SPRINTER;test
M10MCDVPEE6U880;MERCEDES;SPRINTER;test
M10MCDVPEE6U952;MERCEDES;SPRINTER;test
M10MCDVPEE6Y593;MERCEDES;SPRINTER;test
M10MCDVPEE6Z594;MERCEDES;SPRINTER;test
M10MCDVPEE6Z824;MERCEDES;SPRINTER;test
M10MCDVPEE7P001;MERCEDES;SPRINTER;test
M10MCDVPEE7R002;MERCEDES;SPRINTER;test
M10MCDVPEE7R003;MERCEDES;SPRINTER;test
M10MCDVPEE7S004;MERCEDES;SPRINTER;test
M10MCDVPEE90179;MERCEDES;SPRINTER;test
M10MCDVPEE90276;MERCEDES;SPRINTER;test
M10MCDVPEE91180;MERCEDES;SPRINTER;test
M10MCDVPEE91277;MERCEDES;SPRINTER;test
M10MCDVPEE92084;MERCEDES;SPRINTER;test
M10MCDVPEE92181;MERCEDES;SPRINTER;test
M10MCDVPEE92278;MERCEDES;SPRINTER;test
M10MCDVPEE93085;MERCEDES;SPRINTER;test
M10MCDVPEE93110;MERCEDES;SPRINTER;test
M10MCDVPEE93182;MERCEDES;SPRINTER;test
M10MCDVPEE94086;MERCEDES;SPRINTER;test
M10MCDVPEE94111;MERCEDES;SPRINTER;test
M10MCDVPEE94183;MERCEDES;SPRINTER;test
M10MCDVPEE95087;MERCEDES;SPRINTER;test
M10MCDVPEE95112;MERCEDES;SPRINTER;test
M10MCDVPEE95148;MERCEDES;SPRINTER;test
M10MCDVPEE96088;MERCEDES;SPRINTER;test
M10MCDVPEE96113;MERCEDES;SPRINTER;test
M10MCDVPEE96149;MERCEDES;SPRINTER;test
M10MCDVPEE96210;MERCEDES;SPRINTER;test
M10MCDVPEE97089;MERCEDES;SPRINTER;test
M10MCDVPEE97114;MERCEDES;SPRINTER;test
M10MCDVPEE97150;MERCEDES;SPRINTER;test
M10MCDVPEE97211;MERCEDES;SPRINTER;test
M10MCDVPEE98115;MERCEDES;SPRINTER;test
M10MCDVPEE98151;MERCEDES;SPRINTER;test
M10MCDVPEE98212;MERCEDES;SPRINTER;test
M10MCDVPEE99213;MERCEDES;SPRINTER;test
M10MCDVPEE99249;MERCEDES;SPRINTER;test
M10MCDVPEE9A250;MERCEDES;SPRINTER;test
M10MCDVPEE9B251;MERCEDES;SPRINTER;test
M10MCDVPEE9B287;MERCEDES;SPRINTER;test
M10MCDVPEE9C252;MERCEDES;SPRINTER;test
M10MCDVPEE9C288;MERCEDES;SPRINTER;test
M10MCDVPEE9C349;MERCEDES;SPRINTER;test
M10MCDVPEE9D192;MERCEDES;SPRINTER;test
M10MCDVPEE9D253;MERCEDES;SPRINTER;test
M10MCDVPEE9D289;MERCEDES;SPRINTER;test
M10MCDVPEE9D350;MERCEDES;SPRINTER;test
M10MCDVPEE9E096;MERCEDES;SPRINTER;test
M10MCDVPEE9E193;MERCEDES;SPRINTER;test
M10MCDVPEE9E254;MERCEDES;SPRINTER;test
M10MCDVPEE9E290;MERCEDES;SPRINTER;test
M10MCDVPEE9E351;MERCEDES;SPRINTER;test
M10MCDVPEE9F122;MERCEDES;SPRINTER;test
M10MCDVPEE9F352;MERCEDES;SPRINTER;test
M10MCDVPEE9G123;MERCEDES;SPRINTER;test
M10MCDVPEE9G317;MERCEDES;SPRINTER;test
M10MCDVPEE9H160;MERCEDES;SPRINTER;test
M10MCDVPEE9H318;MERCEDES;SPRINTER;test
M10MCDVPEE9J161;MERCEDES;SPRINTER;test
M10MCDVPEE9J223;MERCEDES;SPRINTER;test
M10MCDVPEE9J319;MERCEDES;SPRINTER;test
M10MCDVPEE9J320;MERCEDES;SPRINTER;test
M10MCDVPEE9K224;MERCEDES;SPRINTER;test
M10MCDVPEE9K321;MERCEDES;SPRINTER;test
M10MCDVPEE9L225;MERCEDES;SPRINTER;test
M10MCDVPEE9L261;MERCEDES;SPRINTER;test
M10MCDVPEE9L322;MERCEDES;SPRINTER;test
M10MCDVPEE9M226;MERCEDES;SPRINTER;test
M10MCDVPEE9M262;MERCEDES;SPRINTER;test
M10MCDVPEE9N227;MERCEDES;SPRINTER;test
M10MCDVPEE9P228;MERCEDES;SPRINTER;test
M10MCDVPEE9R097;MERCEDES;SPRINTER;test
M10MCDVPEE9T136;MERCEDES;SPRINTER;test
M10MCDVPEE9U137;MERCEDES;SPRINTER;test
M10MCDVPEE9U331;MERCEDES;SPRINTER;test
M10MCDVPEE9V138;MERCEDES;SPRINTER;test
M10MCDVPEE9V235;MERCEDES;SPRINTER;test
M10MCDVPEE9V332;MERCEDES;SPRINTER;test
M10MCDVPEE9W139;MERCEDES;SPRINTER;test
M10MCDVPEE9W236;MERCEDES;SPRINTER;test
M10MCDVPEE9Y299;MERCEDES;SPRINTER;test
M10MCDVPEE9Z178;MERCEDES;SPRINTER;test
M10MCDVPEE9Z275;MERCEDES;SPRINTER;test
M10MCDVPEE9Z300;MERCEDES;SPRINTER;test
M10MCDVPEY40164;MERCEDES;SPRINTER;test
M10MCDVPEY41165;MERCEDES;SPRINTER;test
M10MCDVPEY42166;MERCEDES;SPRINTER;test
M10MCDVPEY43167;MERCEDES;SPRINTER;test
M10MCDVPEY44168;MERCEDES;SPRINTER;test
M10MCDVPEY45169;MERCEDES;SPRINTER;test
M10MCDVPEY46170;MERCEDES;SPRINTER;test
M10MCDVPEY47171;MERCEDES;SPRINTER;test
M10MCDVPEY48172;MERCEDES;SPRINTER;test
M10MCDVPEY4A271;MERCEDES;SPRINTER;test
M10MCDVPEY4B272;MERCEDES;SPRINTER;test
M10MCDVPEY4C273;MERCEDES;SPRINTER;test
M10MCDVPEY4D274;MERCEDES;SPRINTER;test
M10MCDVPEY4E275;MERCEDES;SPRINTER;test
M10MCDVPEY4F276;MERCEDES;SPRINTER;test
M10MCDVPEY4R155;MERCEDES;SPRINTER;test
M10MCDVPEY4S156;MERCEDES;SPRINTER;test
M10MCDVPEY4T157;MERCEDES;SPRINTER;test
M10MCDVPEY4U158;MERCEDES;SPRINTER;test
M10MCDVPEY4V159;MERCEDES;SPRINTER;test
M10MCDVPEY4W160;MERCEDES;SPRINTER;test
M10MCDVPEY4X161;MERCEDES;SPRINTER;test
M10MCDVPEY4Y162;MERCEDES;SPRINTER;test
M10MCDVPEY4Z163;MERCEDES;SPRINTER;test
M10MCDVPKX70289;MERCEDES;SPRINTER;test
M10MCDVPKX70314;MERCEDES;SPRINTER;test
M10MCDVPKX70871;MERCEDES;SPRINTER;test
M10MCDVPKX71290;MERCEDES;SPRINTER;test
M10MCDVPKX71315;MERCEDES;SPRINTER;test
M10MCDVPKX71872;MERCEDES;SPRINTER;test
M10MCDVPKX72316;MERCEDES;SPRINTER;test
M10MCDVPKX73317;MERCEDES;SPRINTER;test
M10MCDVPKX74318;MERCEDES;SPRINTER;test
M10MCDVPKX75319;MERCEDES;SPRINTER;test
M10MCDVPKX76320;MERCEDES;SPRINTER;test
M10MCDVPKX77321;MERCEDES;SPRINTER;test
M10MCDVPKX78322;MERCEDES;SPRINTER;test
M10MCDVPKX79323;MERCEDES;SPRINTER;test
M10MCDVPKX7A324;MERCEDES;SPRINTER;test
M10MCDVPKX7B325;MERCEDES;SPRINTER;test
M10MCDVPKX7C326;MERCEDES;SPRINTER;test
M10MCDVPKX7D291;MERCEDES;SPRINTER;test
M10MCDVPKX7D327;MERCEDES;SPRINTER;test
M10MCDVPKX7D873;MERCEDES;SPRINTER;test
M10MCDVPKX7E292;MERCEDES;SPRINTER;test
M10MCDVPKX7E328;MERCEDES;SPRINTER;test
M10MCDVPKX7E849;MERCEDES;SPRINTER;test
M10MCDVPKX7E874;MERCEDES;SPRINTER;test
M10MCDVPKX7F293;MERCEDES;SPRINTER;test
M10MCDVPKX7F850;MERCEDES;SPRINTER;test
M10MCDVPKX7F875;MERCEDES;SPRINTER;test
M10MCDVPKX7G269;MERCEDES;SPRINTER;test
M10MCDVPKX7G294;MERCEDES;SPRINTER;test
M10MCDVPKX7G851;MERCEDES;SPRINTER;test
M10MCDVPKX7G876;MERCEDES;SPRINTER;test
M10MCDVPKX7H270;MERCEDES;SPRINTER;test
M10MCDVPKX7H295;MERCEDES;SPRINTER;test
M10MCDVPKX7H852;MERCEDES;SPRINTER;test
M10MCDVPKX7H877;MERCEDES;SPRINTER;test
M10MCDVPKX7J271;MERCEDES;SPRINTER;test
M10MCDVPKX7J272;MERCEDES;SPRINTER;test
M10MCDVPKX7J296;MERCEDES;SPRINTER;test
M10MCDVPKX7J297;MERCEDES;SPRINTER;test
M10MCDVPKX7J853;MERCEDES;SPRINTER;test
M10MCDVPKX7J854;MERCEDES;SPRINTER;test
M10MCDVPKX7J878;MERCEDES;SPRINTER;test
M10MCDVPKX7J879;MERCEDES;SPRINTER;test
M10MCDVPKX7K273;MERCEDES;SPRINTER;test
M10MCDVPKX7K298;MERCEDES;SPRINTER;test
M10MCDVPKX7K855;MERCEDES;SPRINTER;test
M10MCDVPKX7K880;MERCEDES;SPRINTER;test
M10MCDVPKX7L274;MERCEDES;SPRINTER;test
M10MCDVPKX7L299;MERCEDES;SPRINTER;test
M10MCDVPKX7L856;MERCEDES;SPRINTER;test
M10MCDVPKX7L881;MERCEDES;SPRINTER;test
M10MCDVPKX7M275;MERCEDES;SPRINTER;test
M10MCDVPKX7M300;MERCEDES;SPRINTER;test
M10MCDVPKX7M857;MERCEDES;SPRINTER;test
M10MCDVPKX7M882;MERCEDES;SPRINTER;test
M10MCDVPKX7N276;MERCEDES;SPRINTER;test
M10MCDVPKX7N301;MERCEDES;SPRINTER;test
M10MCDVPKX7N858;MERCEDES;SPRINTER;test
M10MCDVPKX7N883;MERCEDES;SPRINTER;test
M10MCDVPKX7P277;MERCEDES;SPRINTER;test
M10MCDVPKX7P278;MERCEDES;SPRINTER;test
M10MCDVPKX7P302;MERCEDES;SPRINTER;test
M10MCDVPKX7P303;MERCEDES;SPRINTER;test
M10MCDVPKX7P859;MERCEDES;SPRINTER;test
M10MCDVPKX7P860;MERCEDES;SPRINTER;test
M10MCDVPKX7P884;MERCEDES;SPRINTER;test
M10MCDVPKX7P885;MERCEDES;SPRINTER;test
M10MCDVPKX7R279;MERCEDES;SPRINTER;test
M10MCDVPKX7R280;MERCEDES;SPRINTER;test
M10MCDVPKX7R304;MERCEDES;SPRINTER;test
M10MCDVPKX7R305;MERCEDES;SPRINTER;test
M10MCDVPKX7R861;MERCEDES;SPRINTER;test
M10MCDVPKX7R862;MERCEDES;SPRINTER;test
M10MCDVPKX7R886;MERCEDES;SPRINTER;test
M10MCDVPKX7R887;MERCEDES;SPRINTER;test
M10MCDVPKX7S281;MERCEDES;SPRINTER;test
M10MCDVPKX7S306;MERCEDES;SPRINTER;test
M10MCDVPKX7S863;MERCEDES;SPRINTER;test
M10MCDVPKX7S888;MERCEDES;SPRINTER;test
M10MCDVPKX7T282;MERCEDES;SPRINTER;test
M10MCDVPKX7T307;MERCEDES;SPRINTER;test
M10MCDVPKX7T864;MERCEDES;SPRINTER;test
M10MCDVPKX7U283;MERCEDES;SPRINTER;test
M10MCDVPKX7U308;MERCEDES;SPRINTER;test
M10MCDVPKX7U865;MERCEDES;SPRINTER;test
M10MCDVPKX7V284;MERCEDES;SPRINTER;test
M10MCDVPKX7V309;MERCEDES;SPRINTER;test
M10MCDVPKX7V866;MERCEDES;SPRINTER;test
M10MCDVPKX7W285;MERCEDES;SPRINTER;test
M10MCDVPKX7W310;MERCEDES;SPRINTER;test
M10MCDVPKX7W867;MERCEDES;SPRINTER;test
M10MCDVPKX7X286;MERCEDES;SPRINTER;test
M10MCDVPKX7X311;MERCEDES;SPRINTER;test
M10MCDVPKX7X868;MERCEDES;SPRINTER;test
M10MCDVPKX7Y287;MERCEDES;SPRINTER;test
M10MCDVPKX7Y312;MERCEDES;SPRINTER;test
M10MCDVPKX7Y869;MERCEDES;SPRINTER;test
M10MCDVPKX7Z288;MERCEDES;SPRINTER;test
M10MCDVPKX7Z313;MERCEDES;SPRINTER;test
M10MCDVPKX7Z870;MERCEDES;SPRINTER;test
M10MCDVPPB00593;MERCEDES;SPRINTER;test
M10MCDVPPB00629;MERCEDES;SPRINTER;test
M10MCDVPPB00726;MERCEDES;SPRINTER;test
M10MCDVPPB00762;MERCEDES;SPRINTER;test
M10MCDVPPB00787;MERCEDES;SPRINTER;test
M10MCDVPPB01594;MERCEDES;SPRINTER;test
M10MCDVPPB01630;MERCEDES;SPRINTER;test
M10MCDVPPB01727;MERCEDES;SPRINTER;test
M10MCDVPPB01763;MERCEDES;SPRINTER;test
M10MCDVPPB01788;MERCEDES;SPRINTER;test
M10MCDVPPB02595;MERCEDES;SPRINTER;test
M10MCDVPPB02631;MERCEDES;SPRINTER;test
M10MCDVPPB02728;MERCEDES;SPRINTER;test
M10MCDVPPB02764;MERCEDES;SPRINTER;test
M10MCDVPPB02789;MERCEDES;SPRINTER;test
M10MCDVPPB03596;MERCEDES;SPRINTER;test
M10MCDVPPB03632;MERCEDES;SPRINTER;test
M10MCDVPPB03729;MERCEDES;SPRINTER;test
M10MCDVPPB03765;MERCEDES;SPRINTER;test
M10MCDVPPB03790;MERCEDES;SPRINTER;test
M10MCDVPPB04597;MERCEDES;SPRINTER;test
M10MCDVPPB04633;MERCEDES;SPRINTER;test
M10MCDVPPB04730;MERCEDES;SPRINTER;test
M10MCDVPPB04766;MERCEDES;SPRINTER;test
M10MCDVPPB04791;MERCEDES;SPRINTER;test
M10MCDVPPB05598;MERCEDES;SPRINTER;test
M10MCDVPPB05634;MERCEDES;SPRINTER;test
M10MCDVPPB05731;MERCEDES;SPRINTER;test
M10MCDVPPB05767;MERCEDES;SPRINTER;test
M10MCDVPPB05792;MERCEDES;SPRINTER;test
M10MCDVPPB06599;MERCEDES;SPRINTER;test
M10MCDVPPB06635;MERCEDES;SPRINTER;test
M10MCDVPPB06732;MERCEDES;SPRINTER;test
M10MCDVPPB06768;MERCEDES;SPRINTER;test
M10MCDVPPB06793;MERCEDES;SPRINTER;test
M10MCDVPPB07600;MERCEDES;SPRINTER;test
M10MCDVPPB07636;MERCEDES;SPRINTER;test
M10MCDVPPB07733;MERCEDES;SPRINTER;test
M10MCDVPPB07769;MERCEDES;SPRINTER;test
M10MCDVPPB07794;MERCEDES;SPRINTER;test
M10MCDVPPB08601;MERCEDES;SPRINTER;test
M10MCDVPPB08637;MERCEDES;SPRINTER;test
M10MCDVPPB08734;MERCEDES;SPRINTER;test
M10MCDVPPB08770;MERCEDES;SPRINTER;test
M10MCDVPPB08795;MERCEDES;SPRINTER;test
M10MCDVPPB09577;MERCEDES;SPRINTER;test
M10MCDVPPB09602;MERCEDES;SPRINTER;test
M10MCDVPPB09638;MERCEDES;SPRINTER;test
M10MCDVPPB09735;MERCEDES;SPRINTER;test
M10MCDVPPB09771;MERCEDES;SPRINTER;test
M10MCDVPPB09796;MERCEDES;SPRINTER;test
M10MCDVPPB0A578;MERCEDES;SPRINTER;test
M10MCDVPPB0A603;MERCEDES;SPRINTER;test
M10MCDVPPB0A639;MERCEDES;SPRINTER;test
M10MCDVPPB0A736;MERCEDES;SPRINTER;test
M10MCDVPPB0A772;MERCEDES;SPRINTER;test
M10MCDVPPB0A797;MERCEDES;SPRINTER;test
M10MCDVPPB0B579;MERCEDES;SPRINTER;test
M10MCDVPPB0B604;MERCEDES;SPRINTER;test
M10MCDVPPB0B640;MERCEDES;SPRINTER;test
M10MCDVPPB0B737;MERCEDES;SPRINTER;test
M10MCDVPPB0B773;MERCEDES;SPRINTER;test
M10MCDVPPB0B798;MERCEDES;SPRINTER;test
M10MCDVPPB0C580;MERCEDES;SPRINTER;test
M10MCDVPPB0C605;MERCEDES;SPRINTER;test
M10MCDVPPB0C641;MERCEDES;SPRINTER;test
M10MCDVPPB0C738;MERCEDES;SPRINTER;test
M10MCDVPPB0C774;MERCEDES;SPRINTER;test
M10MCDVPPB0C799;MERCEDES;SPRINTER;test
M10MCDVPPB0D581;MERCEDES;SPRINTER;test
M10MCDVPPB0D606;MERCEDES;SPRINTER;test
M10MCDVPPB0D642;MERCEDES;SPRINTER;test
M10MCDVPPB0D739;MERCEDES;SPRINTER;test
M10MCDVPPB0D775;MERCEDES;SPRINTER;test
M10MCDVPPB0D800;MERCEDES;SPRINTER;test
M10MCDVPPB0E607;MERCEDES;SPRINTER;test
M10MCDVPPB0E643;MERCEDES;SPRINTER;test
M10MCDVPPB0E740;MERCEDES;SPRINTER;test
M10MCDVPPB0E801;MERCEDES;SPRINTER;test
M10MCDVPPB0F608;MERCEDES;SPRINTER;test
M10MCDVPPB0F644;MERCEDES;SPRINTER;test
M10MCDVPPB0F741;MERCEDES;SPRINTER;test
M10MCDVPPB0F802;MERCEDES;SPRINTER;test
M10MCDVPPB0G609;MERCEDES;SPRINTER;test
M10MCDVPPB0G645;MERCEDES;SPRINTER;test
M10MCDVPPB0G742;MERCEDES;SPRINTER;test
M10MCDVPPB0G803;MERCEDES;SPRINTER;test
M10MCDVPPB0H610;MERCEDES;SPRINTER;test
M10MCDVPPB0H646;MERCEDES;SPRINTER;test
M10MCDVPPB0H743;MERCEDES;SPRINTER;test
M10MCDVPPB0J611;MERCEDES;SPRINTER;test
M10MCDVPPB0J612;MERCEDES;SPRINTER;test
M10MCDVPPB0J647;MERCEDES;SPRINTER;test
M10MCDVPPB0J648;MERCEDES;SPRINTER;test
M10MCDVPPB0J744;MERCEDES;SPRINTER;test
M10MCDVPPB0J745;MERCEDES;SPRINTER;test
M10MCDVPPB0K613;MERCEDES;SPRINTER;test
M10MCDVPPB0K649;MERCEDES;SPRINTER;test
M10MCDVPPB0K746;MERCEDES;SPRINTER;test
M10MCDVPPB0L614;MERCEDES;SPRINTER;test
M10MCDVPPB0L747;MERCEDES;SPRINTER;test
M10MCDVPPB0M615;MERCEDES;SPRINTER;test
M10MCDVPPB0M748;MERCEDES;SPRINTER;test
M10MCDVPPB0N616;MERCEDES;SPRINTER;test
M10MCDVPPB0N749;MERCEDES;SPRINTER;test
M10MCDVPPB0P582;MERCEDES;SPRINTER;test
M10MCDVPPB0P617;MERCEDES;SPRINTER;test
M10MCDVPPB0P618;MERCEDES;SPRINTER;test
M10MCDVPPB0P750;MERCEDES;SPRINTER;test
M10MCDVPPB0P751;MERCEDES;SPRINTER;test
M10MCDVPPB0P776;MERCEDES;SPRINTER;test
M10MCDVPPB0R583;MERCEDES;SPRINTER;test
M10MCDVPPB0R584;MERCEDES;SPRINTER;test
M10MCDVPPB0R619;MERCEDES;SPRINTER;test
M10MCDVPPB0R620;MERCEDES;SPRINTER;test
M10MCDVPPB0R752;MERCEDES;SPRINTER;test
M10MCDVPPB0R753;MERCEDES;SPRINTER;test
M10MCDVPPB0R777;MERCEDES;SPRINTER;test
M10MCDVPPB0R778;MERCEDES;SPRINTER;test
M10MCDVPPB0S585;MERCEDES;SPRINTER;test
M10MCDVPPB0S621;MERCEDES;SPRINTER;test
M10MCDVPPB0S754;MERCEDES;SPRINTER;test
M10MCDVPPB0S779;MERCEDES;SPRINTER;test
M10MCDVPPB0T586;MERCEDES;SPRINTER;test
M10MCDVPPB0T622;MERCEDES;SPRINTER;test
M10MCDVPPB0T755;MERCEDES;SPRINTER;test
M10MCDVPPB0T780;MERCEDES;SPRINTER;test
M10MCDVPPB0U587;MERCEDES;SPRINTER;test
M10MCDVPPB0U623;MERCEDES;SPRINTER;test
M10MCDVPPB0U720;MERCEDES;SPRINTER;test
M10MCDVPPB0U756;MERCEDES;SPRINTER;test
M10MCDVPPB0U781;MERCEDES;SPRINTER;test
M10MCDVPPB0V588;MERCEDES;SPRINTER;test
M10MCDVPPB0V624;MERCEDES;SPRINTER;test
M10MCDVPPB0V721;MERCEDES;SPRINTER;test
M10MCDVPPB0V757;MERCEDES;SPRINTER;test
M10MCDVPPB0V782;MERCEDES;SPRINTER;test
M10MCDVPPB0W589;MERCEDES;SPRINTER;test
M10MCDVPPB0W625;MERCEDES;SPRINTER;test
M10MCDVPPB0W722;MERCEDES;SPRINTER;test
M10MCDVPPB0W758;MERCEDES;SPRINTER;test
M10MCDVPPB0W783;MERCEDES;SPRINTER;test
M10MCDVPPB0X590;MERCEDES;SPRINTER;test
M10MCDVPPB0X626;MERCEDES;SPRINTER;test
M10MCDVPPB0X723;MERCEDES;SPRINTER;test
M10MCDVPPB0X759;MERCEDES;SPRINTER;test
M10MCDVPPB0X784;MERCEDES;SPRINTER;test
M10MCDVPPB0Y591;MERCEDES;SPRINTER;test
M10MCDVPPB0Y627;MERCEDES;SPRINTER;test
M10MCDVPPB0Y724;MERCEDES;SPRINTER;test
M10MCDVPPB0Y760;MERCEDES;SPRINTER;test
M10MCDVPPB0Y785;MERCEDES;SPRINTER;test
M10MCDVPPB0Z592;MERCEDES;SPRINTER;test
M10MCDVPPB0Z628;MERCEDES;SPRINTER;test
M10MCDVPPB0Z725;MERCEDES;SPRINTER;test
M10MCDVPPB0Z761;MERCEDES;SPRINTER;test
M10MCDVPPB0Z786;MERCEDES;SPRINTER;test
M10MCDVPPS0G398;MERCEDES;SPRINTER;test
M10MCDVPPS0H374;MERCEDES;SPRINTER;test
M10MCDVPPS0H399;MERCEDES;SPRINTER;test
M10MCDVPPS0J375;MERCEDES;SPRINTER;test
M10MCDVPPS0J376;MERCEDES;SPRINTER;test
M10MCDVPPS0J400;MERCEDES;SPRINTER;test
M10MCDVPPS0J401;MERCEDES;SPRINTER;test
M10MCDVPPS0K377;MERCEDES;SPRINTER;test
M10MCDVPPS0K402;MERCEDES;SPRINTER;test
M10MCDVPPS0L378;MERCEDES;SPRINTER;test
M10MCDVPPS0L403;MERCEDES;SPRINTER;test
M10MCDVPPS0M379;MERCEDES;SPRINTER;test
M10MCDVPPX40093;MERCEDES;SPRINTER;test
M10MCDVPPX40118;MERCEDES;SPRINTER;test
M10MCDVPPX40154;MERCEDES;SPRINTER;test
M10MCDVPPX40190;MERCEDES;SPRINTER;test
M10MCDVPPX40215;MERCEDES;SPRINTER;test
M10MCDVPPX40251;MERCEDES;SPRINTER;test
M10MCDVPPX40287;MERCEDES;SPRINTER;test
M10MCDVPPX40312;MERCEDES;SPRINTER;test
M10MCDVPPX40348;MERCEDES;SPRINTER;test
M10MCDVPPX40384;MERCEDES;SPRINTER;test
M10MCDVPPX40409;MERCEDES;SPRINTER;test
M10MCDVPPX41094;MERCEDES;SPRINTER;test
M10MCDVPPX41119;MERCEDES;SPRINTER;test
M10MCDVPPX41155;MERCEDES;SPRINTER;test
M10MCDVPPX41191;MERCEDES;SPRINTER;test
M10MCDVPPX41216;MERCEDES;SPRINTER;test
M10MCDVPPX41252;MERCEDES;SPRINTER;test
M10MCDVPPX41288;MERCEDES;SPRINTER;test
M10MCDVPPX41313;MERCEDES;SPRINTER;test
M10MCDVPPX41349;MERCEDES;SPRINTER;test
M10MCDVPPX41385;MERCEDES;SPRINTER;test
M10MCDVPPX41410;MERCEDES;SPRINTER;test
M10MCDVPPX42095;MERCEDES;SPRINTER;test
M10MCDVPPX42120;MERCEDES;SPRINTER;test
M10MCDVPPX42156;MERCEDES;SPRINTER;test
M10MCDVPPX42192;MERCEDES;SPRINTER;test
M10MCDVPPX42217;MERCEDES;SPRINTER;test
M10MCDVPPX42253;MERCEDES;SPRINTER;test
M10MCDVPPX42289;MERCEDES;SPRINTER;test
M10MCDVPPX42314;MERCEDES;SPRINTER;test
M10MCDVPPX42350;MERCEDES;SPRINTER;test
M10MCDVPPX42386;MERCEDES;SPRINTER;test
M10MCDVPPX42411;MERCEDES;SPRINTER;test
M10MCDVPPX43096;MERCEDES;SPRINTER;test
M10MCDVPPX43121;MERCEDES;SPRINTER;test
M10MCDVPPX43157;MERCEDES;SPRINTER;test
M10MCDVPPX43193;MERCEDES;SPRINTER;test
M10MCDVPPX43218;MERCEDES;SPRINTER;test
M10MCDVPPX43254;MERCEDES;SPRINTER;test
M10MCDVPPX43290;MERCEDES;SPRINTER;test
M10MCDVPPX43315;MERCEDES;SPRINTER;test
M10MCDVPPX43351;MERCEDES;SPRINTER;test
M10MCDVPPX43387;MERCEDES;SPRINTER;test
M10MCDVPPX43412;MERCEDES;SPRINTER;test
M10MCDVPPX44122;MERCEDES;SPRINTER;test
M10MCDVPPX44158;MERCEDES;SPRINTER;test
M10MCDVPPX44219;MERCEDES;SPRINTER;test
M10MCDVPPX44255;MERCEDES;SPRINTER;test
M10MCDVPPX44316;MERCEDES;SPRINTER;test
M10MCDVPPX44352;MERCEDES;SPRINTER;test
M10MCDVPPX44413;MERCEDES;SPRINTER;test
M10MCDVPPX45123;MERCEDES;SPRINTER;test
M10MCDVPPX45159;MERCEDES;SPRINTER;test
M10MCDVPPX45220;MERCEDES;SPRINTER;test
M10MCDVPPX45256;MERCEDES;SPRINTER;test
M10MCDVPPX45317;MERCEDES;SPRINTER;test
M10MCDVPPX45353;MERCEDES;SPRINTER;test
M10MCDVPPX45414;MERCEDES;SPRINTER;test
M10MCDVPPX46124;MERCEDES;SPRINTER;test
M10MCDVPPX46160;MERCEDES;SPRINTER;test
M10MCDVPPX46221;MERCEDES;SPRINTER;test
M10MCDVPPX46257;MERCEDES;SPRINTER;test
M10MCDVPPX46318;MERCEDES;SPRINTER;test
M10MCDVPPX46354;MERCEDES;SPRINTER;test
M10MCDVPPX46415;MERCEDES;SPRINTER;test
M10MCDVPPX47125;MERCEDES;SPRINTER;test
M10MCDVPPX47161;MERCEDES;SPRINTER;test
M10MCDVPPX47222;MERCEDES;SPRINTER;test
M10MCDVPPX47258;MERCEDES;SPRINTER;test
M10MCDVPPX47319;MERCEDES;SPRINTER;test
M10MCDVPPX47355;MERCEDES;SPRINTER;test
M10MCDVPPX47416;MERCEDES;SPRINTER;test
M10MCDVPPX48126;MERCEDES;SPRINTER;test
M10MCDVPPX48162;MERCEDES;SPRINTER;test
M10MCDVPPX48223;MERCEDES;SPRINTER;test
M10MCDVPPX48259;MERCEDES;SPRINTER;test
M10MCDVPPX48320;MERCEDES;SPRINTER;test
M10MCDVPPX48356;MERCEDES;SPRINTER;test
M10MCDVPPX48417;MERCEDES;SPRINTER;test
M10MCDVPPX49127;MERCEDES;SPRINTER;test
M10MCDVPPX49163;MERCEDES;SPRINTER;test
M10MCDVPPX49224;MERCEDES;SPRINTER;test
M10MCDVPPX49260;MERCEDES;SPRINTER;test
M10MCDVPPX49321;MERCEDES;SPRINTER;test
M10MCDVPPX49357;MERCEDES;SPRINTER;test
M10MCDVPPX49418;MERCEDES;SPRINTER;test
M10MCDVPPX4A128;MERCEDES;SPRINTER;test
M10MCDVPPX4A164;MERCEDES;SPRINTER;test
M10MCDVPPX4A225;MERCEDES;SPRINTER;test
M10MCDVPPX4A261;MERCEDES;SPRINTER;test
M10MCDVPPX4A322;MERCEDES;SPRINTER;test
M10MCDVPPX4A358;MERCEDES;SPRINTER;test
M10MCDVPPX4A419;MERCEDES;SPRINTER;test
M10MCDVPPX4B129;MERCEDES;SPRINTER;test
M10MCDVPPX4B165;MERCEDES;SPRINTER;test
M10MCDVPPX4B226;MERCEDES;SPRINTER;test
M10MCDVPPX4B262;MERCEDES;SPRINTER;test
M10MCDVPPX4B323;MERCEDES;SPRINTER;test
M10MCDVPPX4B359;MERCEDES;SPRINTER;test
M10MCDVPPX4B420;MERCEDES;SPRINTER;test
M10MCDVPPX4C130;MERCEDES;SPRINTER;test
M10MCDVPPX4C166;MERCEDES;SPRINTER;test
M10MCDVPPX4C227;MERCEDES;SPRINTER;test
M10MCDVPPX4C263;MERCEDES;SPRINTER;test
M10MCDVPPX4C324;MERCEDES;SPRINTER;test
M10MCDVPPX4C360;MERCEDES;SPRINTER;test
M10MCDVPPX4C421;MERCEDES;SPRINTER;test
M10MCDVPPX4D070;MERCEDES;SPRINTER;test
M10MCDVPPX4D131;MERCEDES;SPRINTER;test
M10MCDVPPX4D167;MERCEDES;SPRINTER;test
M10MCDVPPX4D228;MERCEDES;SPRINTER;test
M10MCDVPPX4D264;MERCEDES;SPRINTER;test
M10MCDVPPX4D325;MERCEDES;SPRINTER;test
M10MCDVPPX4D361;MERCEDES;SPRINTER;test
M10MCDVPPX4D422;MERCEDES;SPRINTER;test
M10MCDVPPX4E071;MERCEDES;SPRINTER;test
M10MCDVPPX4E132;MERCEDES;SPRINTER;test
M10MCDVPPX4E168;MERCEDES;SPRINTER;test
M10MCDVPPX4E229;MERCEDES;SPRINTER;test
M10MCDVPPX4E265;MERCEDES;SPRINTER;test
M10MCDVPPX4E326;MERCEDES;SPRINTER;test
M10MCDVPPX4E362;MERCEDES;SPRINTER;test
M10MCDVPPX4E423;MERCEDES;SPRINTER;test
M10MCDVPPX4F072;MERCEDES;SPRINTER;test
M10MCDVPPX4F097;MERCEDES;SPRINTER;test
M10MCDVPPX4F133;MERCEDES;SPRINTER;test
M10MCDVPPX4F169;MERCEDES;SPRINTER;test
M10MCDVPPX4F194;MERCEDES;SPRINTER;test
M10MCDVPPX4F230;MERCEDES;SPRINTER;test
M10MCDVPPX4F266;MERCEDES;SPRINTER;test
M10MCDVPPX4F291;MERCEDES;SPRINTER;test
M10MCDVPPX4F327;MERCEDES;SPRINTER;test
M10MCDVPPX4F363;MERCEDES;SPRINTER;test
M10MCDVPPX4F388;MERCEDES;SPRINTER;test
M10MCDVPPX4F424;MERCEDES;SPRINTER;test
M10MCDVPPX4G073;MERCEDES;SPRINTER;test
M10MCDVPPX4G098;MERCEDES;SPRINTER;test
M10MCDVPPX4G134;MERCEDES;SPRINTER;test
M10MCDVPPX4G170;MERCEDES;SPRINTER;test
M10MCDVPPX4G195;MERCEDES;SPRINTER;test
M10MCDVPPX4G231;MERCEDES;SPRINTER;test
M10MCDVPPX4G267;MERCEDES;SPRINTER;test
M10MCDVPPX4G292;MERCEDES;SPRINTER;test
M10MCDVPPX4G328;MERCEDES;SPRINTER;test
M10MCDVPPX4G364;MERCEDES;SPRINTER;test
M10MCDVPPX4G389;MERCEDES;SPRINTER;test
M10MCDVPPX4G425;MERCEDES;SPRINTER;test
M10MCDVPPX4H074;MERCEDES;SPRINTER;test
M10MCDVPPX4H099;MERCEDES;SPRINTER;test
M10MCDVPPX4H135;MERCEDES;SPRINTER;test
M10MCDVPPX4H171;MERCEDES;SPRINTER;test
M10MCDVPPX4H196;MERCEDES;SPRINTER;test
M10MCDVPPX4H232;MERCEDES;SPRINTER;test
M10MCDVPPX4H268;MERCEDES;SPRINTER;test
M10MCDVPPX4H293;MERCEDES;SPRINTER;test
M10MCDVPPX4H329;MERCEDES;SPRINTER;test
M10MCDVPPX4H365;MERCEDES;SPRINTER;test
M10MCDVPPX4H390;MERCEDES;SPRINTER;test
M10MCDVPPX4H426;MERCEDES;SPRINTER;test
M10MCDVPPX4J075;MERCEDES;SPRINTER;test
M10MCDVPPX4J076;MERCEDES;SPRINTER;test
M10MCDVPPX4J100;MERCEDES;SPRINTER;test
M10MCDVPPX4J101;MERCEDES;SPRINTER;test
M10MCDVPPX4J136;MERCEDES;SPRINTER;test
M10MCDVPPX4J137;MERCEDES;SPRINTER;test
M10MCDVPPX4J172;MERCEDES;SPRINTER;test
M10MCDVPPX4J173;MERCEDES;SPRINTER;test
M10MCDVPPX4J197;MERCEDES;SPRINTER;test
M10MCDVPPX4J198;MERCEDES;SPRINTER;test
M10MCDVPPX4J233;MERCEDES;SPRINTER;test
M10MCDVPPX4J234;MERCEDES;SPRINTER;test
M10MCDVPPX4J269;MERCEDES;SPRINTER;test
M10MCDVPPX4J270;MERCEDES;SPRINTER;test
M10MCDVPPX4J294;MERCEDES;SPRINTER;test
M10MCDVPPX4J295;MERCEDES;SPRINTER;test
M10MCDVPPX4J330;MERCEDES;SPRINTER;test
M10MCDVPPX4J331;MERCEDES;SPRINTER;test
M10MCDVPPX4J366;MERCEDES;SPRINTER;test
M10MCDVPPX4J367;MERCEDES;SPRINTER;test
M10MCDVPPX4J391;MERCEDES;SPRINTER;test
M10MCDVPPX4J392;MERCEDES;SPRINTER;test
M10MCDVPPX4J427;MERCEDES;SPRINTER;test
M10MCDVPPX4J428;MERCEDES;SPRINTER;test
M10MCDVPPX4K077;MERCEDES;SPRINTER;test
M10MCDVPPX4K102;MERCEDES;SPRINTER;test
M10MCDVPPX4K138;MERCEDES;SPRINTER;test
M10MCDVPPX4K174;MERCEDES;SPRINTER;test
M10MCDVPPX4K199;MERCEDES;SPRINTER;test
M10MCDVPPX4K235;MERCEDES;SPRINTER;test
M10MCDVPPX4K271;MERCEDES;SPRINTER;test
M10MCDVPPX4K296;MERCEDES;SPRINTER;test
M10MCDVPPX4K332;MERCEDES;SPRINTER;test
M10MCDVPPX4K368;MERCEDES;SPRINTER;test
M10MCDVPPX4K393;MERCEDES;SPRINTER;test
M10MCDVPPX4K429;MERCEDES;SPRINTER;test
M10MCDVPPX4L078;MERCEDES;SPRINTER;test
M10MCDVPPX4L103;MERCEDES;SPRINTER;test
M10MCDVPPX4L139;MERCEDES;SPRINTER;test
M10MCDVPPX4L175;MERCEDES;SPRINTER;test
M10MCDVPPX4L200;MERCEDES;SPRINTER;test
M10MCDVPPX4L236;MERCEDES;SPRINTER;test
M10MCDVPPX4L272;MERCEDES;SPRINTER;test
M10MCDVPPX4L297;MERCEDES;SPRINTER;test
M10MCDVPPX4L333;MERCEDES;SPRINTER;test
M10MCDVPPX4L369;MERCEDES;SPRINTER;test
M10MCDVPPX4L394;MERCEDES;SPRINTER;test
M10MCDVPPX4L430;MERCEDES;SPRINTER;test
M10MCDVPPX4M079;MERCEDES;SPRINTER;test
M10MCDVPPX4M104;MERCEDES;SPRINTER;test
M10MCDVPPX4M140;MERCEDES;SPRINTER;test
M10MCDVPPX4M176;MERCEDES;SPRINTER;test
M10MCDVPPX4M201;MERCEDES;SPRINTER;test
M10MCDVPPX4M237;MERCEDES;SPRINTER;test
M10MCDVPPX4M273;MERCEDES;SPRINTER;test
M10MCDVPPX4M298;MERCEDES;SPRINTER;test
M10MCDVPPX4M334;MERCEDES;SPRINTER;test
M10MCDVPPX4M370;MERCEDES;SPRINTER;test
M10MCDVPPX4M395;MERCEDES;SPRINTER;test
M10MCDVPPX4M431;MERCEDES;SPRINTER;test
M10MCDVPPX4N080;MERCEDES;SPRINTER;test
M10MCDVPPX4N105;MERCEDES;SPRINTER;test
M10MCDVPPX4N141;MERCEDES;SPRINTER;test
M10MCDVPPX4N177;MERCEDES;SPRINTER;test
M10MCDVPPX4N202;MERCEDES;SPRINTER;test
M10MCDVPPX4N238;MERCEDES;SPRINTER;test
M10MCDVPPX4N274;MERCEDES;SPRINTER;test
M10MCDVPPX4N299;MERCEDES;SPRINTER;test
M10MCDVPPX4N335;MERCEDES;SPRINTER;test
M10MCDVPPX4N371;MERCEDES;SPRINTER;test
M10MCDVPPX4N396;MERCEDES;SPRINTER;test
M10MCDVPPX4N432;MERCEDES;SPRINTER;test
M10MCDVPPX4P081;MERCEDES;SPRINTER;test
M10MCDVPPX4P082;MERCEDES;SPRINTER;test
M10MCDVPPX4P106;MERCEDES;SPRINTER;test
M10MCDVPPX4P107;MERCEDES;SPRINTER;test
M10MCDVPPX4P142;MERCEDES;SPRINTER;test
M10MCDVPPX4P143;MERCEDES;SPRINTER;test
M10MCDVPPX4P178;MERCEDES;SPRINTER;test
M10MCDVPPX4P179;MERCEDES;SPRINTER;test
M10MCDVPPX4P203;MERCEDES;SPRINTER;test
M10MCDVPPX4P204;MERCEDES;SPRINTER;test
M10MCDVPPX4P239;MERCEDES;SPRINTER;test
M10MCDVPPX4P240;MERCEDES;SPRINTER;test
M10MCDVPPX4P275;MERCEDES;SPRINTER;test
M10MCDVPPX4P276;MERCEDES;SPRINTER;test
M10MCDVPPX4P300;MERCEDES;SPRINTER;test
M10MCDVPPX4P301;MERCEDES;SPRINTER;test
M10MCDVPPX4P336;MERCEDES;SPRINTER;test
M10MCDVPPX4P337;MERCEDES;SPRINTER;test
M10MCDVPPX4P372;MERCEDES;SPRINTER;test
M10MCDVPPX4P373;MERCEDES;SPRINTER;test
M10MCDVPPX4P397;MERCEDES;SPRINTER;test
M10MCDVPPX4P398;MERCEDES;SPRINTER;test
M10MCDVPPX4P433;MERCEDES;SPRINTER;test
M10MCDVPPX4P434;MERCEDES;SPRINTER;test
M10MCDVPPX4R083;MERCEDES;SPRINTER;test
M10MCDVPPX4R084;MERCEDES;SPRINTER;test
M10MCDVPPX4R108;MERCEDES;SPRINTER;test
M10MCDVPPX4R109;MERCEDES;SPRINTER;test
M10MCDVPPX4R144;MERCEDES;SPRINTER;test
M10MCDVPPX4R145;MERCEDES;SPRINTER;test
M10MCDVPPX4R180;MERCEDES;SPRINTER;test
M10MCDVPPX4R181;MERCEDES;SPRINTER;test
M10MCDVPPX4R205;MERCEDES;SPRINTER;test
M10MCDVPPX4R206;MERCEDES;SPRINTER;test
M10MCDVPPX4R241;MERCEDES;SPRINTER;test
M10MCDVPPX4R242;MERCEDES;SPRINTER;test
M10MCDVPPX4R277;MERCEDES;SPRINTER;test
M10MCDVPPX4R278;MERCEDES;SPRINTER;test
M10MCDVPPX4R302;MERCEDES;SPRINTER;test
M10MCDVPPX4R303;MERCEDES;SPRINTER;test
M10MCDVPPX4R338;MERCEDES;SPRINTER;test
M10MCDVPPX4R339;MERCEDES;SPRINTER;test
M10MCDVPPX4R374;MERCEDES;SPRINTER;test
M10MCDVPPX4R375;MERCEDES;SPRINTER;test
M10MCDVPPX4R399;MERCEDES;SPRINTER;test
M10MCDVPPX4R400;MERCEDES;SPRINTER;test
M10MCDVPPX4R435;MERCEDES;SPRINTER;test
M10MCDVPPX4R436;MERCEDES;SPRINTER;test
M10MCDVPPX4S085;MERCEDES;SPRINTER;test
M10MCDVPPX4S110;MERCEDES;SPRINTER;test
M10MCDVPPX4S146;MERCEDES;SPRINTER;test
M10MCDVPPX4S182;MERCEDES;SPRINTER;test
M10MCDVPPX4S207;MERCEDES;SPRINTER;test
M10MCDVPPX4S243;MERCEDES;SPRINTER;test
M10MCDVPPX4S279;MERCEDES;SPRINTER;test
M10MCDVPPX4S304;MERCEDES;SPRINTER;test
M10MCDVPPX4S340;MERCEDES;SPRINTER;test
M10MCDVPPX4S376;MERCEDES;SPRINTER;test
M10MCDVPPX4S401;MERCEDES;SPRINTER;test
M10MCDVPPX4S437;MERCEDES;SPRINTER;test
M10MCDVPPX4T086;MERCEDES;SPRINTER;test
M10MCDVPPX4T111;MERCEDES;SPRINTER;test
M10MCDVPPX4T147;MERCEDES;SPRINTER;test
M10MCDVPPX4T183;MERCEDES;SPRINTER;test
M10MCDVPPX4T208;MERCEDES;SPRINTER;test
M10MCDVPPX4T244;MERCEDES;SPRINTER;test
M10MCDVPPX4T280;MERCEDES;SPRINTER;test
M10MCDVPPX4T305;MERCEDES;SPRINTER;test
M10MCDVPPX4T341;MERCEDES;SPRINTER;test
M10MCDVPPX4T377;MERCEDES;SPRINTER;test
M10MCDVPPX4T402;MERCEDES;SPRINTER;test
M10MCDVPPX4T438;MERCEDES;SPRINTER;test
M10MCDVPPX4U087;MERCEDES;SPRINTER;test
M10MCDVPPX4U112;MERCEDES;SPRINTER;test
M10MCDVPPX4U148;MERCEDES;SPRINTER;test
M10MCDVPPX4U184;MERCEDES;SPRINTER;test
M10MCDVPPX4U209;MERCEDES;SPRINTER;test
M10MCDVPPX4U245;MERCEDES;SPRINTER;test
M10MCDVPPX4U281;MERCEDES;SPRINTER;test
M10MCDVPPX4U306;MERCEDES;SPRINTER;test
M10MCDVPPX4U342;MERCEDES;SPRINTER;test
M10MCDVPPX4U378;MERCEDES;SPRINTER;test
M10MCDVPPX4U403;MERCEDES;SPRINTER;test
M10MCDVPPX4U439;MERCEDES;SPRINTER;test
M10MCDVPPX4V088;MERCEDES;SPRINTER;test
M10MCDVPPX4V113;MERCEDES;SPRINTER;test
M10MCDVPPX4V149;MERCEDES;SPRINTER;test
M10MCDVPPX4V185;MERCEDES;SPRINTER;test
M10MCDVPPX4V210;MERCEDES;SPRINTER;test
M10MCDVPPX4V246;MERCEDES;SPRINTER;test
M10MCDVPPX4V282;MERCEDES;SPRINTER;test
M10MCDVPPX4V307;MERCEDES;SPRINTER;test
M10MCDVPPX4V343;MERCEDES;SPRINTER;test
M10MCDVPPX4V379;MERCEDES;SPRINTER;test
M10MCDVPPX4V404;MERCEDES;SPRINTER;test
M10MCDVPPX4W089;MERCEDES;SPRINTER;test
M10MCDVPPX4W114;MERCEDES;SPRINTER;test
M10MCDVPPX4W150;MERCEDES;SPRINTER;test
M10MCDVPPX4W186;MERCEDES;SPRINTER;test
M10MCDVPPX4W211;MERCEDES;SPRINTER;test
M10MCDVPPX4W247;MERCEDES;SPRINTER;test
M10MCDVPPX4W283;MERCEDES;SPRINTER;test
M10MCDVPPX4W308;MERCEDES;SPRINTER;test
M10MCDVPPX4W344;MERCEDES;SPRINTER;test
M10MCDVPPX4W380;MERCEDES;SPRINTER;test
M10MCDVPPX4W405;MERCEDES;SPRINTER;test
M10MCDVPPX4X090;MERCEDES;SPRINTER;test
M10MCDVPPX4X115;MERCEDES;SPRINTER;test
M10MCDVPPX4X151;MERCEDES;SPRINTER;test
M10MCDVPPX4X187;MERCEDES;SPRINTER;test
M10MCDVPPX4X212;MERCEDES;SPRINTER;test
M10MCDVPPX4X248;MERCEDES;SPRINTER;test
M10MCDVPPX4X284;MERCEDES;SPRINTER;test
M10MCDVPPX4X309;MERCEDES;SPRINTER;test
M10MCDVPPX4X345;MERCEDES;SPRINTER;test
M10MCDVPPX4X381;MERCEDES;SPRINTER;test
M10MCDVPPX4X406;MERCEDES;SPRINTER;test
M10MCDVPPX4Y091;MERCEDES;SPRINTER;test
M10MCDVPPX4Y116;MERCEDES;SPRINTER;test
M10MCDVPPX4Y152;MERCEDES;SPRINTER;test
M10MCDVPPX4Y188;MERCEDES;SPRINTER;test
M10MCDVPPX4Y213;MERCEDES;SPRINTER;test
M10MCDVPPX4Y249;MERCEDES;SPRINTER;test
M10MCDVPPX4Y285;MERCEDES;SPRINTER;test
M10MCDVPPX4Y310;MERCEDES;SPRINTER;test
M10MCDVPPX4Y346;MERCEDES;SPRINTER;test
M10MCDVPPX4Y382;MERCEDES;SPRINTER;test
M10MCDVPPX4Y407;MERCEDES;SPRINTER;test
M10MCDVPPX4Z092;MERCEDES;SPRINTER;test
M10MCDVPPX4Z117;MERCEDES;SPRINTER;test
M10MCDVPPX4Z153;MERCEDES;SPRINTER;test
M10MCDVPPX4Z189;MERCEDES;SPRINTER;test
M10MCDVPPX4Z214;MERCEDES;SPRINTER;test
M10MCDVPPX4Z250;MERCEDES;SPRINTER;test
M10MCDVPPX4Z286;MERCEDES;SPRINTER;test
M10MCDVPPX4Z311;MERCEDES;SPRINTER;test
M10MCDVPPX4Z347;MERCEDES;SPRINTER;test
M10MCDVPPX4Z383;MERCEDES;SPRINTER;test
M10MCDVPPX4Z408;MERCEDES;SPRINTER;test
M10MCDVPPX60019;MERCEDES;SPRINTER;test
M10MCDVPPX60055;MERCEDES;SPRINTER;test
M10MCDVPPX60091;MERCEDES;SPRINTER;test
M10MCDVPPX60116;MERCEDES;SPRINTER;test
M10MCDVPPX60152;MERCEDES;SPRINTER;test
M10MCDVPPX60188;MERCEDES;SPRINTER;test
M10MCDVPPX60213;MERCEDES;SPRINTER;test
M10MCDVPPX61020;MERCEDES;SPRINTER;test
M10MCDVPPX61056;MERCEDES;SPRINTER;test
M10MCDVPPX61092;MERCEDES;SPRINTER;test
M10MCDVPPX61117;MERCEDES;SPRINTER;test
M10MCDVPPX61153;MERCEDES;SPRINTER;test
M10MCDVPPX61189;MERCEDES;SPRINTER;test
M10MCDVPPX62021;MERCEDES;SPRINTER;test
M10MCDVPPX62057;MERCEDES;SPRINTER;test
M10MCDVPPX62093;MERCEDES;SPRINTER;test
M10MCDVPPX62118;MERCEDES;SPRINTER;test
M10MCDVPPX62154;MERCEDES;SPRINTER;test
M10MCDVPPX62190;MERCEDES;SPRINTER;test
M10MCDVPPX63022;MERCEDES;SPRINTER;test
M10MCDVPPX63058;MERCEDES;SPRINTER;test
M10MCDVPPX63094;MERCEDES;SPRINTER;test
M10MCDVPPX63119;MERCEDES;SPRINTER;test
M10MCDVPPX63155;MERCEDES;SPRINTER;test
M10MCDVPPX63191;MERCEDES;SPRINTER;test
M10MCDVPPX64023;MERCEDES;SPRINTER;test
M10MCDVPPX64059;MERCEDES;SPRINTER;test
M10MCDVPPX64095;MERCEDES;SPRINTER;test
M10MCDVPPX64120;MERCEDES;SPRINTER;test
M10MCDVPPX64156;MERCEDES;SPRINTER;test
M10MCDVPPX64192;MERCEDES;SPRINTER;test
M10MCDVPPX65024;MERCEDES;SPRINTER;test
M10MCDVPPX65060;MERCEDES;SPRINTER;test
M10MCDVPPX65096;MERCEDES;SPRINTER;test
M10MCDVPPX65121;MERCEDES;SPRINTER;test
M10MCDVPPX65157;MERCEDES;SPRINTER;test
M10MCDVPPX65193;MERCEDES;SPRINTER;test
M10MCDVPPX66025;MERCEDES;SPRINTER;test
M10MCDVPPX66061;MERCEDES;SPRINTER;test
M10MCDVPPX66122;MERCEDES;SPRINTER;test
M10MCDVPPX66158;MERCEDES;SPRINTER;test
M10MCDVPPX67026;MERCEDES;SPRINTER;test
M10MCDVPPX67062;MERCEDES;SPRINTER;test
M10MCDVPPX67123;MERCEDES;SPRINTER;test
M10MCDVPPX67159;MERCEDES;SPRINTER;test
M10MCDVPPX68027;MERCEDES;SPRINTER;test
M10MCDVPPX68063;MERCEDES;SPRINTER;test
M10MCDVPPX68124;MERCEDES;SPRINTER;test
M10MCDVPPX68160;MERCEDES;SPRINTER;test
M10MCDVPPX69028;MERCEDES;SPRINTER;test
M10MCDVPPX69064;MERCEDES;SPRINTER;test
M10MCDVPPX69125;MERCEDES;SPRINTER;test
M10MCDVPPX69161;MERCEDES;SPRINTER;test
M10MCDVPPX6A029;MERCEDES;SPRINTER;test
M10MCDVPPX6A065;MERCEDES;SPRINTER;test
M10MCDVPPX6A126;MERCEDES;SPRINTER;test
M10MCDVPPX6A162;MERCEDES;SPRINTER;test
M10MCDVPPX6B030;MERCEDES;SPRINTER;test
M10MCDVPPX6B066;MERCEDES;SPRINTER;test
M10MCDVPPX6B127;MERCEDES;SPRINTER;test
M10MCDVPPX6B163;MERCEDES;SPRINTER;test
M10MCDVPPX6C031;MERCEDES;SPRINTER;test
M10MCDVPPX6C067;MERCEDES;SPRINTER;test
M10MCDVPPX6C128;MERCEDES;SPRINTER;test
M10MCDVPPX6C164;MERCEDES;SPRINTER;test
M10MCDVPPX6D032;MERCEDES;SPRINTER;test
M10MCDVPPX6D068;MERCEDES;SPRINTER;test
M10MCDVPPX6D129;MERCEDES;SPRINTER;test
M10MCDVPPX6D165;MERCEDES;SPRINTER;test
M10MCDVPPX6E033;MERCEDES;SPRINTER;test
M10MCDVPPX6E069;MERCEDES;SPRINTER;test
M10MCDVPPX6E130;MERCEDES;SPRINTER;test
M10MCDVPPX6E166;MERCEDES;SPRINTER;test
M10MCDVPPX6F034;MERCEDES;SPRINTER;test
M10MCDVPPX6F070;MERCEDES;SPRINTER;test
M10MCDVPPX6F131;MERCEDES;SPRINTER;test
M10MCDVPPX6F167;MERCEDES;SPRINTER;test
M10MCDVPPX6G035;MERCEDES;SPRINTER;test
M10MCDVPPX6G071;MERCEDES;SPRINTER;test
M10MCDVPPX6G132;MERCEDES;SPRINTER;test
M10MCDVPPX6G168;MERCEDES;SPRINTER;test
M10MCDVPPX6H036;MERCEDES;SPRINTER;test
M10MCDVPPX6H072;MERCEDES;SPRINTER;test
M10MCDVPPX6H097;MERCEDES;SPRINTER;test
M10MCDVPPX6H133;MERCEDES;SPRINTER;test
M10MCDVPPX6H169;MERCEDES;SPRINTER;test
M10MCDVPPX6H194;MERCEDES;SPRINTER;test
M10MCDVPPX6J037;MERCEDES;SPRINTER;test
M10MCDVPPX6J038;MERCEDES;SPRINTER;test
M10MCDVPPX6J073;MERCEDES;SPRINTER;test
M10MCDVPPX6J074;MERCEDES;SPRINTER;test
M10MCDVPPX6J098;MERCEDES;SPRINTER;test
M10MCDVPPX6J099;MERCEDES;SPRINTER;test
M10MCDVPPX6J134;MERCEDES;SPRINTER;test
M10MCDVPPX6J135;MERCEDES;SPRINTER;test
M10MCDVPPX6J170;MERCEDES;SPRINTER;test
M10MCDVPPX6J171;MERCEDES;SPRINTER;test
M10MCDVPPX6J195;MERCEDES;SPRINTER;test
M10MCDVPPX6J196;MERCEDES;SPRINTER;test
M10MCDVPPX6K039;MERCEDES;SPRINTER;test
M10MCDVPPX6K075;MERCEDES;SPRINTER;test
M10MCDVPPX6K100;MERCEDES;SPRINTER;test
M10MCDVPPX6K136;MERCEDES;SPRINTER;test
M10MCDVPPX6K172;MERCEDES;SPRINTER;test
M10MCDVPPX6K197;MERCEDES;SPRINTER;test
M10MCDVPPX6L040;MERCEDES;SPRINTER;test
M10MCDVPPX6L076;MERCEDES;SPRINTER;test
M10MCDVPPX6L101;MERCEDES;SPRINTER;test
M10MCDVPPX6L137;MERCEDES;SPRINTER;test
M10MCDVPPX6L173;MERCEDES;SPRINTER;test
M10MCDVPPX6L198;MERCEDES;SPRINTER;test
M10MCDVPPX6M041;MERCEDES;SPRINTER;test
M10MCDVPPX6M077;MERCEDES;SPRINTER;test
M10MCDVPPX6M102;MERCEDES;SPRINTER;test
M10MCDVPPX6M138;MERCEDES;SPRINTER;test
M10MCDVPPX6M174;MERCEDES;SPRINTER;test
M10MCDVPPX6M199;MERCEDES;SPRINTER;test
M10MCDVPPX6N042;MERCEDES;SPRINTER;test
M10MCDVPPX6N078;MERCEDES;SPRINTER;test
M10MCDVPPX6N103;MERCEDES;SPRINTER;test
M10MCDVPPX6N139;MERCEDES;SPRINTER;test
M10MCDVPPX6N175;MERCEDES;SPRINTER;test
M10MCDVPPX6N200;MERCEDES;SPRINTER;test
M10MCDVPPX6P043;MERCEDES;SPRINTER;test
M10MCDVPPX6P044;MERCEDES;SPRINTER;test
M10MCDVPPX6P079;MERCEDES;SPRINTER;test
M10MCDVPPX6P080;MERCEDES;SPRINTER;test
M10MCDVPPX6P104;MERCEDES;SPRINTER;test
M10MCDVPPX6P105;MERCEDES;SPRINTER;test
M10MCDVPPX6P140;MERCEDES;SPRINTER;test
M10MCDVPPX6P141;MERCEDES;SPRINTER;test
M10MCDVPPX6P176;MERCEDES;SPRINTER;test
M10MCDVPPX6P177;MERCEDES;SPRINTER;test
M10MCDVPPX6P201;MERCEDES;SPRINTER;test
M10MCDVPPX6P202;MERCEDES;SPRINTER;test
M10MCDVPPX6R045;MERCEDES;SPRINTER;test
M10MCDVPPX6R046;MERCEDES;SPRINTER;test
M10MCDVPPX6R081;MERCEDES;SPRINTER;test
M10MCDVPPX6R082;MERCEDES;SPRINTER;test
M10MCDVPPX6R106;MERCEDES;SPRINTER;test
M10MCDVPPX6R107;MERCEDES;SPRINTER;test
M10MCDVPPX6R142;MERCEDES;SPRINTER;test
M10MCDVPPX6R143;MERCEDES;SPRINTER;test
M10MCDVPPX6R178;MERCEDES;SPRINTER;test
M10MCDVPPX6R179;MERCEDES;SPRINTER;test
M10MCDVPPX6R203;MERCEDES;SPRINTER;test
M10MCDVPPX6R204;MERCEDES;SPRINTER;test
M10MCDVPPX6S047;MERCEDES;SPRINTER;test
M10MCDVPPX6S083;MERCEDES;SPRINTER;test
M10MCDVPPX6S108;MERCEDES;SPRINTER;test
M10MCDVPPX6S144;MERCEDES;SPRINTER;test
M10MCDVPPX6S180;MERCEDES;SPRINTER;test
M10MCDVPPX6S205;MERCEDES;SPRINTER;test
M10MCDVPPX6T012;MERCEDES;SPRINTER;test
M10MCDVPPX6T048;MERCEDES;SPRINTER;test
M10MCDVPPX6T084;MERCEDES;SPRINTER;test
M10MCDVPPX6T109;MERCEDES;SPRINTER;test
M10MCDVPPX6T145;MERCEDES;SPRINTER;test
M10MCDVPPX6T181;MERCEDES;SPRINTER;test
M10MCDVPPX6T206;MERCEDES;SPRINTER;test
M10MCDVPPX6U013;MERCEDES;SPRINTER;test
M10MCDVPPX6U049;MERCEDES;SPRINTER;test
M10MCDVPPX6U085;MERCEDES;SPRINTER;test
M10MCDVPPX6U110;MERCEDES;SPRINTER;test
M10MCDVPPX6U146;MERCEDES;SPRINTER;test
M10MCDVPPX6U182;MERCEDES;SPRINTER;test
M10MCDVPPX6U207;MERCEDES;SPRINTER;test
M10MCDVPPX6V014;MERCEDES;SPRINTER;test
M10MCDVPPX6V050;MERCEDES;SPRINTER;test
M10MCDVPPX6V086;MERCEDES;SPRINTER;test
M10MCDVPPX6V111;MERCEDES;SPRINTER;test
M10MCDVPPX6V147;MERCEDES;SPRINTER;test
M10MCDVPPX6V183;MERCEDES;SPRINTER;test
M10MCDVPPX6V208;MERCEDES;SPRINTER;test
M10MCDVPPX6W015;MERCEDES;SPRINTER;test
M10MCDVPPX6W051;MERCEDES;SPRINTER;test
M10MCDVPPX6W087;MERCEDES;SPRINTER;test
M10MCDVPPX6W112;MERCEDES;SPRINTER;test
M10MCDVPPX6W148;MERCEDES;SPRINTER;test
M10MCDVPPX6W184;MERCEDES;SPRINTER;test
M10MCDVPPX6W209;MERCEDES;SPRINTER;test
M10MCDVPPX6X016;MERCEDES;SPRINTER;test
M10MCDVPPX6X052;MERCEDES;SPRINTER;test
M10MCDVPPX6X088;MERCEDES;SPRINTER;test
M10MCDVPPX6X113;MERCEDES;SPRINTER;test
M10MCDVPPX6X149;MERCEDES;SPRINTER;test
M10MCDVPPX6X185;MERCEDES;SPRINTER;test
M10MCDVPPX6X210;MERCEDES;SPRINTER;test
M10MCDVPPX6Y017;MERCEDES;SPRINTER;test
M10MCDVPPX6Y053;MERCEDES;SPRINTER;test
M10MCDVPPX6Y089;MERCEDES;SPRINTER;test
M10MCDVPPX6Y114;MERCEDES;SPRINTER;test
M10MCDVPPX6Y150;MERCEDES;SPRINTER;test
M10MCDVPPX6Y186;MERCEDES;SPRINTER;test
M10MCDVPPX6Y211;MERCEDES;SPRINTER;test
M10MCDVPPX6Z018;MERCEDES;SPRINTER;test
M10MCDVPPX6Z054;MERCEDES;SPRINTER;test
M10MCDVPPX6Z090;MERCEDES;SPRINTER;test
M10MCDVPPX6Z115;MERCEDES;SPRINTER;test
M10MCDVPPX6Z151;MERCEDES;SPRINTER;test
M10MCDVPPX6Z187;MERCEDES;SPRINTER;test
M10MCDVPPX6Z212;MERCEDES;SPRINTER;test
M10MCDVPEC80146;MERCEDES;SPRINTER;test
M10MCDVPEC81147;MERCEDES;SPRINTER;test
M10MCDVPEC82148;MERCEDES;SPRINTER;test
M10MCDVPEC82209;MERCEDES;SPRINTER;test
M10MCDVPEC82245;MERCEDES;SPRINTER;test
M10MCDVPEC83185;MERCEDES;SPRINTER;test
M10MCDVPEC83210;MERCEDES;SPRINTER;test
M10MCDVPEC83246;MERCEDES;SPRINTER;test
M10MCDVPEC84186;MERCEDES;SPRINTER;test
M10MCDVPEC84211;MERCEDES;SPRINTER;test
M10MCDVPEC84247;MERCEDES;SPRINTER;test
M10MCDVPEC85187;MERCEDES;SPRINTER;test
M10MCDVPEC85212;MERCEDES;SPRINTER;test
M10MCDVPEC85248;MERCEDES;SPRINTER;test
M10MCDVPEC86188;MERCEDES;SPRINTER;test
M10MCDVPEC86407;MERCEDES;SPRINTER;test
M10MCDVPEC86443;MERCEDES;SPRINTER;test
M10MCDVPEC86479;MERCEDES;SPRINTER;test
M10MCDVPEC87383;MERCEDES;SPRINTER;test
M10MCDVPEC87408;MERCEDES;SPRINTER;test
M10MCDVPEC87444;MERCEDES;SPRINTER;test
M10MCDVPEC87480;MERCEDES;SPRINTER;test
M10MCDVPEC88384;MERCEDES;SPRINTER;test
M10MCDVPEC88409;MERCEDES;SPRINTER;test
M10MCDVPEC88445;MERCEDES;SPRINTER;test
M10MCDVPEC88481;MERCEDES;SPRINTER;test
M10MCDVPEC89155;MERCEDES;SPRINTER;test
M10MCDVPEC89385;MERCEDES;SPRINTER;test
M10MCDVPEC89410;MERCEDES;SPRINTER;test
M10MCDVPEC89446;MERCEDES;SPRINTER;test
M10MCDVPEC89482;MERCEDES;SPRINTER;test
M10MCDVPEC8A156;MERCEDES;SPRINTER;test
M10MCDVPEC8A386;MERCEDES;SPRINTER;test
M10MCDVPEC8B157;MERCEDES;SPRINTER;test
M10MCDVPEC8C158;MERCEDES;SPRINTER;test
M10MCDVPEC8E221;MERCEDES;SPRINTER;test
M10MCDVPEC8F222;MERCEDES;SPRINTER;test
M10MCDVPEC8G223;MERCEDES;SPRINTER;test
M10MCDVPEC8H224;MERCEDES;SPRINTER;test
M10MCDVPEC8J165;MERCEDES;SPRINTER;test
M10MCDVPEC8J419;MERCEDES;SPRINTER;test
M10MCDVPEC8J420;MERCEDES;SPRINTER;test
M10MCDVPEC8J455;MERCEDES;SPRINTER;test
M10MCDVPEC8J456;MERCEDES;SPRINTER;test
M10MCDVPEC8K166;MERCEDES;SPRINTER;test
M10MCDVPEC8K421;MERCEDES;SPRINTER;test
M10MCDVPEC8K457;MERCEDES;SPRINTER;test
M10MCDVPEC8L167;MERCEDES;SPRINTER;test
M10MCDVPEC8L422;MERCEDES;SPRINTER;test
M10MCDVPEC8L458;MERCEDES;SPRINTER;test
M10MCDVPEC8M168;MERCEDES;SPRINTER;test
M10MCDVPEC8R197;MERCEDES;SPRINTER;test
M10MCDVPEC8R198;MERCEDES;SPRINTER;test
M10MCDVPEC8R233;MERCEDES;SPRINTER;test
M10MCDVPEC8R234;MERCEDES;SPRINTER;test
M10MCDVPEC8S199;MERCEDES;SPRINTER;test
M10MCDVPEC8S235;MERCEDES;SPRINTER;test
M10MCDVPEC8T175;MERCEDES;SPRINTER;test
M10MCDVPEC8T200;MERCEDES;SPRINTER;test
M10MCDVPEC8T236;MERCEDES;SPRINTER;test
M10MCDVPEC8T491;MERCEDES;SPRINTER;test
M10MCDVPEC8U176;MERCEDES;SPRINTER;test
M10MCDVPEC8U395;MERCEDES;SPRINTER;test
M10MCDVPEC8U431;MERCEDES;SPRINTER;test
M10MCDVPEC8U467;MERCEDES;SPRINTER;test
M10MCDVPEC8U492;MERCEDES;SPRINTER;test
M10MCDVPEC8V177;MERCEDES;SPRINTER;test
M10MCDVPEC8V396;MERCEDES;SPRINTER;test
M10MCDVPEC8V432;MERCEDES;SPRINTER;test
M10MCDVPEC8V468;MERCEDES;SPRINTER;test
M10MCDVPEC8V493;MERCEDES;SPRINTER;test
M10MCDVPEC8W178;MERCEDES;SPRINTER;test
M10MCDVPEC8W397;MERCEDES;SPRINTER;test
M10MCDVPEC8W433;MERCEDES;SPRINTER;test
M10MCDVPEC8W469;MERCEDES;SPRINTER;test
M10MCDVPEC8W494;MERCEDES;SPRINTER;test
M10MCDVPEC8X398;MERCEDES;SPRINTER;test
M10MCDVPEC8X434;MERCEDES;SPRINTER;test
M10MCDVPEC8X470;MERCEDES;SPRINTER;test
M10MCDVPEC8Z145;MERCEDES;SPRINTER;test
M10MCDVPEE70727;MERCEDES;SPRINTER;test
M10MCDVPEE70921;MERCEDES;SPRINTER;test
M10MCDVPEE70957;MERCEDES;SPRINTER;test
M10MCDVPEE70982;MERCEDES;SPRINTER;test
M10MCDVPEE71728;MERCEDES;SPRINTER;test
M10MCDVPEE71825;MERCEDES;SPRINTER;test
M10MCDVPEE71922;MERCEDES;SPRINTER;test
M10MCDVPEE71958;MERCEDES;SPRINTER;test
M10MCDVPEE71983;MERCEDES;SPRINTER;test
M10MCDVPEE72826;MERCEDES;SPRINTER;test
M10MCDVPEE72959;MERCEDES;SPRINTER;test
M10MCDVPEE72984;MERCEDES;SPRINTER;test
M10MCDVPEE73827;MERCEDES;SPRINTER;test
M10MCDVPEE73960;MERCEDES;SPRINTER;test
M10MCDVPEE73985;MERCEDES;SPRINTER;test
M10MCDVPEE74828;MERCEDES;SPRINTER;test
M10MCDVPEE74986;MERCEDES;SPRINTER;test
M10MCDVPEE75793;MERCEDES;SPRINTER;test
M10MCDVPEE76733;MERCEDES;SPRINTER;test
M10MCDVPEE76769;MERCEDES;SPRINTER;test
M10MCDVPEE76794;MERCEDES;SPRINTER;test
M10MCDVPEE77734;MERCEDES;SPRINTER;test
M10MCDVPEE77770;MERCEDES;SPRINTER;test
M10MCDVPEE77795;MERCEDES;SPRINTER;test
M10MCDVPEE78771;MERCEDES;SPRINTER;test
M10MCDVPEE78796;MERCEDES;SPRINTER;test
M10MCDVPEE79772;MERCEDES;SPRINTER;test
M10MCDVPEE79797;MERCEDES;SPRINTER;test
M10MCDVPEE7A798;MERCEDES;SPRINTER;test
M10MCDVPEE7A931;MERCEDES;SPRINTER;test
M10MCDVPEE7A967;MERCEDES;SPRINTER;test
M10MCDVPEE7B932;MERCEDES;SPRINTER;test
M10MCDVPEE7B968;MERCEDES;SPRINTER;test
M10MCDVPEE7C897;MERCEDES;SPRINTER;test
M10MCDVPEE7C933;MERCEDES;SPRINTER;test
M10MCDVPEE7D837;MERCEDES;SPRINTER;test
M10MCDVPEE7D898;MERCEDES;SPRINTER;test
M10MCDVPEE7D934;MERCEDES;SPRINTER;test
M10MCDVPEE7D995;MERCEDES;SPRINTER;test
M10MCDVPEE7E838;MERCEDES;SPRINTER;test
M10MCDVPEE7E935;MERCEDES;SPRINTER;test
M10MCDVPEE7E996;MERCEDES;SPRINTER;test
M10MCDVPEE7F936;MERCEDES;SPRINTER;test
M10MCDVPEE7G743;MERCEDES;SPRINTER;test
M10MCDVPEE7H744;MERCEDES;SPRINTER;test
M10MCDVPEE7J709;MERCEDES;SPRINTER;test
M10MCDVPEE7J710;MERCEDES;SPRINTER;test
M10MCDVPEE7J745;MERCEDES;SPRINTER;test
M10MCDVPEE7J746;MERCEDES;SPRINTER;test
M10MCDVPEE7J807;MERCEDES;SPRINTER;test
M10MCDVPEE7J903;MERCEDES;SPRINTER;test
M10MCDVPEE7J904;MERCEDES;SPRINTER;test
M10MCDVPEE7K747;MERCEDES;SPRINTER;test
M10MCDVPEE7K808;MERCEDES;SPRINTER;test
M10MCDVPEE7L748;MERCEDES;SPRINTER;test
M10MCDVPEE7M943;MERCEDES;SPRINTER;test
M10MCDVPEE7N944;MERCEDES;SPRINTER;test
M10MCDVPEE7P715;MERCEDES;SPRINTER;test
M10MCDVPEE7P716;MERCEDES;SPRINTER;test
M10MCDVPEE7R779;MERCEDES;SPRINTER;test
M10MCDVPEE7S755;MERCEDES;SPRINTER;test
M10MCDVPEE7S780;MERCEDES;SPRINTER;test
M10MCDVPEE7S913;MERCEDES;SPRINTER;test
M10MCDVPEE7T756;MERCEDES;SPRINTER;test
M10MCDVPEE7T914;MERCEDES;SPRINTER;test
M10MCDVPEE7U915;MERCEDES;SPRINTER;test
M10MCDVPEE7V855;MERCEDES;SPRINTER;test
M10MCDVPEE7V916;MERCEDES;SPRINTER;test
M10MCDVPEE7W856;MERCEDES;SPRINTER;test
M10MCDVPEE7X857;MERCEDES;SPRINTER;test
M10MCDVPEE7Y725;MERCEDES;SPRINTER;test
M10MCDVPEE7Y858;MERCEDES;SPRINTER;test
M10MCDVPEE7Z726;MERCEDES;SPRINTER;test
M10MCDVPEE7Z981;MERCEDES;SPRINTER;test
M10MCDVPEE82013;MERCEDES;SPRINTER;test
M10MCDVPEE83014;MERCEDES;SPRINTER;test
M10MCDVPEE84015;MERCEDES;SPRINTER;test
M10MCDVPEE85016;MERCEDES;SPRINTER;test
M10MCDVPEE8E025;MERCEDES;SPRINTER;test
M10MCDVPEE8F026;MERCEDES;SPRINTER;test
M10MCDVPEE8W043;MERCEDES;SPRINTER;test
M10MCDVPEE8X044;MERCEDES;SPRINTER;test
M10MCDVPEE8Y045;MERCEDES;SPRINTER;test
M10MCDVPEE8Z046;MERCEDES;SPRINTER;test
M10MCDVPEE90955;MERCEDES;SPRINTER;test
M10MCDVPEE91823;MERCEDES;SPRINTER;test
M10MCDVPEE91956;MERCEDES;SPRINTER;test
M10MCDVPEE92824;MERCEDES;SPRINTER;test
M10MCDVPEE94765;MERCEDES;SPRINTER;test
M10MCDVPEE94923;MERCEDES;SPRINTER;test
M10MCDVPEE95766;MERCEDES;SPRINTER;test
M10MCDVPEE95924;MERCEDES;SPRINTER;test
M10MCDVPEE96925;MERCEDES;SPRINTER;test
M10MCDVPEE97793;MERCEDES;SPRINTER;test
M10MCDVPEE97926;MERCEDES;SPRINTER;test
M10MCDVPEE98733;MERCEDES;SPRINTER;test
M10MCDVPEE98794;MERCEDES;SPRINTER;test
M10MCDVPEE98891;MERCEDES;SPRINTER;test
M10MCDVPEE99734;MERCEDES;SPRINTER;test
M10MCDVPEE99867;MERCEDES;SPRINTER;test
M10MCDVPEE99892;MERCEDES;SPRINTER;test
M10MCDVPEE9A868;MERCEDES;SPRINTER;test
M10MCDVPEE9A893;MERCEDES;SPRINTER;test
M10MCDVPEE9B869;MERCEDES;SPRINTER;test
M10MCDVPEE9B894;MERCEDES;SPRINTER;test
M10MCDVPEE9C870;MERCEDES;SPRINTER;test
M10MCDVPEE9C895;MERCEDES;SPRINTER;test
M10MCDVPEE9D896;MERCEDES;SPRINTER;test
M10MCDVPEE9G741;MERCEDES;SPRINTER;test
M10MCDVPEE9G935;MERCEDES;SPRINTER;test
M10MCDVPEE9H742;MERCEDES;SPRINTER;test
M10MCDVPEE9H936;MERCEDES;SPRINTER;test
M10MCDVPEE9J841;MERCEDES;SPRINTER;test
M10MCDVPEE9K842;MERCEDES;SPRINTER;test
M10MCDVPEE9L843;MERCEDES;SPRINTER;test
M10MCDVPEE9M844;MERCEDES;SPRINTER;test
M10MCDVPEE9M905;MERCEDES;SPRINTER;test
M10MCDVPEE9N845;MERCEDES;SPRINTER;test
M10MCDVPEE9N906;MERCEDES;SPRINTER;test
M10MCDVPEE9P811;MERCEDES;SPRINTER;test
M10MCDVPEE9P846;MERCEDES;SPRINTER;test
M10MCDVPEE9R812;MERCEDES;SPRINTER;test
M10MCDVPEE9R813;MERCEDES;SPRINTER;test
M10MCDVPEE9S814;MERCEDES;SPRINTER;test
M10MCDVPEE9T779;MERCEDES;SPRINTER;test
M10MCDVPEE9U755;MERCEDES;SPRINTER;test
M10MCDVPEE9U780;MERCEDES;SPRINTER;test
M10MCDVPEE9U877;MERCEDES;SPRINTER;test
M10MCDVPEE9V756;MERCEDES;SPRINTER;test
M10MCDVPEE9V781;MERCEDES;SPRINTER;test
M10MCDVPEE9V853;MERCEDES;SPRINTER;test
M10MCDVPEE9V878;MERCEDES;SPRINTER;test
M10MCDVPEE9W757;MERCEDES;SPRINTER;test
M10MCDVPEE9W782;MERCEDES;SPRINTER;test
M10MCDVPEE9W854;MERCEDES;SPRINTER;test
M10MCDVPEE9X758;MERCEDES;SPRINTER;test
M10MCDVPEE9X783;MERCEDES;SPRINTER;test
M10MCDVPEE9Y784;MERCEDES;SPRINTER;test
M10MCDVPEE9Y953;MERCEDES;SPRINTER;test
M10MCDVPEE9Z954;MERCEDES;SPRINTER;test
M10MCDVPEY45194;MERCEDES;SPRINTER;test
M10MCDVPEY46195;MERCEDES;SPRINTER;test
M10MCDVPEY47196;MERCEDES;SPRINTER;test
M10MCDVPEY48197;MERCEDES;SPRINTER;test
M10MCDVPEY49198;MERCEDES;SPRINTER;test
M10MCDVPEY4A199;MERCEDES;SPRINTER;test
M10MCDVPEY4B200;MERCEDES;SPRINTER;test
M10MCDVPEY4C201;MERCEDES;SPRINTER;test
M10MCDVPEY4D202;MERCEDES;SPRINTER;test
M10MCDVPEY4E203;MERCEDES;SPRINTER;test
M10MCDVPEY4F204;MERCEDES;SPRINTER;test
M10MCDVPEY4G205;MERCEDES;SPRINTER;test
M10MCDVPEY4H206;MERCEDES;SPRINTER;test
M10MCDVPEY4J207;MERCEDES;SPRINTER;test
M10MCDVPEY4J208;MERCEDES;SPRINTER;test
M10MCDVPEY4M283;MERCEDES;SPRINTER;test
M10MCDVPEY4N284;MERCEDES;SPRINTER;test
M10MCDVPEY4P285;MERCEDES;SPRINTER;test
M10MCDVPEY4P286;MERCEDES;SPRINTER;test
M10MCDVPEY4R191;MERCEDES;SPRINTER;test
M10MCDVPEY4R287;MERCEDES;SPRINTER;test
M10MCDVPEY4R288;MERCEDES;SPRINTER;test
M10MCDVPEY4S192;MERCEDES;SPRINTER;test
M10MCDVPEY4T193;MERCEDES;SPRINTER;test
M10MCDVPKX70605;MERCEDES;SPRINTER;test
M10MCDVPKX70641;MERCEDES;SPRINTER;test
M10MCDVPKX70677;MERCEDES;SPRINTER;test
M10MCDVPKX71581;MERCEDES;SPRINTER;test
M10MCDVPKX71606;MERCEDES;SPRINTER;test
M10MCDVPKX71642;MERCEDES;SPRINTER;test
M10MCDVPKX71678;MERCEDES;SPRINTER;test
M10MCDVPKX72607;MERCEDES;SPRINTER;test
M10MCDVPKX72643;MERCEDES;SPRINTER;test
M10MCDVPKX73608;MERCEDES;SPRINTER;test
M10MCDVPKX73644;MERCEDES;SPRINTER;test
M10MCDVPKX74609;MERCEDES;SPRINTER;test
M10MCDVPKX74645;MERCEDES;SPRINTER;test
M10MCDVPKX75610;MERCEDES;SPRINTER;test
M10MCDVPKX75646;MERCEDES;SPRINTER;test
M10MCDVPKX76611;MERCEDES;SPRINTER;test
M10MCDVPKX76647;MERCEDES;SPRINTER;test
M10MCDVPKX77612;MERCEDES;SPRINTER;test
M10MCDVPKX77648;MERCEDES;SPRINTER;test
M10MCDVPKX7C653;MERCEDES;SPRINTER;test
M10MCDVPKX7D582;MERCEDES;SPRINTER;test
M10MCDVPKX7D654;MERCEDES;SPRINTER;test
M10MCDVPKX7D679;MERCEDES;SPRINTER;test
M10MCDVPKX7E583;MERCEDES;SPRINTER;test
M10MCDVPKX7E619;MERCEDES;SPRINTER;test
M10MCDVPKX7E655;MERCEDES;SPRINTER;test
M10MCDVPKX7E680;MERCEDES;SPRINTER;test
M10MCDVPKX7F584;MERCEDES;SPRINTER;test
M10MCDVPKX7F620;MERCEDES;SPRINTER;test
M10MCDVPKX7F656;MERCEDES;SPRINTER;test
M10MCDVPKX7F681;MERCEDES;SPRINTER;test
M10MCDVPKX7G585;MERCEDES;SPRINTER;test
M10MCDVPKX7G621;MERCEDES;SPRINTER;test
M10MCDVPKX7G657;MERCEDES;SPRINTER;test
M10MCDVPKX7G682;MERCEDES;SPRINTER;test
M10MCDVPKX7H586;MERCEDES;SPRINTER;test
M10MCDVPKX7H622;MERCEDES;SPRINTER;test
M10MCDVPKX7H658;MERCEDES;SPRINTER;test
M10MCDVPKX7H683;MERCEDES;SPRINTER;test
M10MCDVPKX7J587;MERCEDES;SPRINTER;test
M10MCDVPKX7J588;MERCEDES;SPRINTER;test
M10MCDVPKX7J623;MERCEDES;SPRINTER;test
M10MCDVPKX7J624;MERCEDES;SPRINTER;test
M10MCDVPKX7J659;MERCEDES;SPRINTER;test
M10MCDVPKX7J660;MERCEDES;SPRINTER;test
M10MCDVPKX7J684;MERCEDES;SPRINTER;test
M10MCDVPKX7J685;MERCEDES;SPRINTER;test
M10MCDVPKX7K589;MERCEDES;SPRINTER;test
M10MCDVPKX7K625;MERCEDES;SPRINTER;test
M10MCDVPKX7K661;MERCEDES;SPRINTER;test
M10MCDVPKX7K686;MERCEDES;SPRINTER;test
M10MCDVPKX7L590;MERCEDES;SPRINTER;test
M10MCDVPKX7L626;MERCEDES;SPRINTER;test
M10MCDVPKX7L662;MERCEDES;SPRINTER;test
M10MCDVPKX7M591;MERCEDES;SPRINTER;test
M10MCDVPKX7M627;MERCEDES;SPRINTER;test
M10MCDVPKX7M663;MERCEDES;SPRINTER;test
M10MCDVPKX7N592;MERCEDES;SPRINTER;test
M10MCDVPKX7N628;MERCEDES;SPRINTER;test
M10MCDVPKX7N664;MERCEDES;SPRINTER;test
M10MCDVPKX7P593;MERCEDES;SPRINTER;test
M10MCDVPKX7P594;MERCEDES;SPRINTER;test
M10MCDVPKX7P629;MERCEDES;SPRINTER;test
M10MCDVPKX7P630;MERCEDES;SPRINTER;test
M10MCDVPKX7P665;MERCEDES;SPRINTER;test
M10MCDVPKX7P666;MERCEDES;SPRINTER;test
M10MCDVPKX7R631;MERCEDES;SPRINTER;test
M10MCDVPKX7R632;MERCEDES;SPRINTER;test
M10MCDVPKX7U599;MERCEDES;SPRINTER;test
M10MCDVPKX7U635;MERCEDES;SPRINTER;test
M10MCDVPKX7V600;MERCEDES;SPRINTER;test
M10MCDVPKX7V636;MERCEDES;SPRINTER;test
M10MCDVPKX7W601;MERCEDES;SPRINTER;test
M10MCDVPKX7W637;MERCEDES;SPRINTER;test
M10MCDVPKX7W673;MERCEDES;SPRINTER;test
M10MCDVPKX7X602;MERCEDES;SPRINTER;test
M10MCDVPKX7X638;MERCEDES;SPRINTER;test
M10MCDVPKX7X674;MERCEDES;SPRINTER;test
M10MCDVPKX7Y603;MERCEDES;SPRINTER;test
M10MCDVPKX7Y639;MERCEDES;SPRINTER;test
M10MCDVPKX7Y675;MERCEDES;SPRINTER;test
M10MCDVPKX7Z604;MERCEDES;SPRINTER;test
M10MCDVPKX7Z640;MERCEDES;SPRINTER;test
M10MCDVPKX7Z676;MERCEDES;SPRINTER;test
M10MCDVPKX80094;MERCEDES;SPRINTER;test
M10MCDVPKX80119;MERCEDES;SPRINTER;test
M10MCDVPKX80155;MERCEDES;SPRINTER;test
M10MCDVPKX81095;MERCEDES;SPRINTER;test
M10MCDVPKX81120;MERCEDES;SPRINTER;test
M10MCDVPKX81156;MERCEDES;SPRINTER;test
M10MCDVPKX82096;MERCEDES;SPRINTER;test
M10MCDVPKX82121;MERCEDES;SPRINTER;test
M10MCDVPKX82157;MERCEDES;SPRINTER;test
M10MCDVPKX83122;MERCEDES;SPRINTER;test
M10MCDVPKX83158;MERCEDES;SPRINTER;test
M10MCDVPKX84123;MERCEDES;SPRINTER;test
M10MCDVPKX84159;MERCEDES;SPRINTER;test
M10MCDVPKX85124;MERCEDES;SPRINTER;test
M10MCDVPKX85160;MERCEDES;SPRINTER;test
M10MCDVPKX86161;MERCEDES;SPRINTER;test
M10MCDVPKX87162;MERCEDES;SPRINTER;test
M10MCDVPKX88163;MERCEDES;SPRINTER;test
M10MCDVPKX89164;MERCEDES;SPRINTER;test
M10MCDVPKX8A165;MERCEDES;SPRINTER;test
M10MCDVPKX8B166;MERCEDES;SPRINTER;test
M10MCDVPKX8C131;MERCEDES;SPRINTER;test
M10MCDVPKX8D132;MERCEDES;SPRINTER;test
M10MCDVPKX8E097;MERCEDES;SPRINTER;test
M10MCDVPKX8E133;MERCEDES;SPRINTER;test
M10MCDVPKX8F098;MERCEDES;SPRINTER;test
M10MCDVPKX8F134;MERCEDES;SPRINTER;test
M10MCDVPKX8G099;MERCEDES;SPRINTER;test
M10MCDVPKX8G135;MERCEDES;SPRINTER;test
M10MCDVPKX8H100;MERCEDES;SPRINTER;test
M10MCDVPKX8H136;MERCEDES;SPRINTER;test
M10MCDVPKX8J101;MERCEDES;SPRINTER;test
M10MCDVPKX8J102;MERCEDES;SPRINTER;test
M10MCDVPKX8J137;MERCEDES;SPRINTER;test
M10MCDVPKX8J138;MERCEDES;SPRINTER;test
M10MCDVPKX8K139;MERCEDES;SPRINTER;test
M10MCDVPKX8L140;MERCEDES;SPRINTER;test
M10MCDVPKX8M141;MERCEDES;SPRINTER;test
M10MCDVPKX8N142;MERCEDES;SPRINTER;test
M10MCDVPKX8P143;MERCEDES;SPRINTER;test
M10MCDVPKX8P144;MERCEDES;SPRINTER;test
M10MCDVPKX8S111;MERCEDES;SPRINTER;test
M10MCDVPKX8T112;MERCEDES;SPRINTER;test
M10MCDVPKX8U113;MERCEDES;SPRINTER;test
M10MCDVPKX8V089;MERCEDES;SPRINTER;test
M10MCDVPKX8V114;MERCEDES;SPRINTER;test
M10MCDVPKX8W090;MERCEDES;SPRINTER;test
M10MCDVPKX8W115;MERCEDES;SPRINTER;test
M10MCDVPKX8X091;MERCEDES;SPRINTER;test
M10MCDVPKX8X116;MERCEDES;SPRINTER;test
M10MCDVPKX8Y092;MERCEDES;SPRINTER;test
M10MCDVPKX8Y117;MERCEDES;SPRINTER;test
M10MCDVPKX8Y153;MERCEDES;SPRINTER;test
M10MCDVPKX8Z093;MERCEDES;SPRINTER;test
M10MCDVPKX8Z118;MERCEDES;SPRINTER;test
M10MCDVPKX8Z154;MERCEDES;SPRINTER;test
M10MCDVPPB00665;MERCEDES;SPRINTER;test
M10MCDVPPB00690;MERCEDES;SPRINTER;test
M10MCDVPPB00823;MERCEDES;SPRINTER;test
M10MCDVPPB00859;MERCEDES;SPRINTER;test
M10MCDVPPB01666;MERCEDES;SPRINTER;test
M10MCDVPPB01691;MERCEDES;SPRINTER;test
M10MCDVPPB01824;MERCEDES;SPRINTER;test
M10MCDVPPB01860;MERCEDES;SPRINTER;test
M10MCDVPPB02667;MERCEDES;SPRINTER;test
M10MCDVPPB02692;MERCEDES;SPRINTER;test
M10MCDVPPB02825;MERCEDES;SPRINTER;test
M10MCDVPPB02861;MERCEDES;SPRINTER;test
M10MCDVPPB03668;MERCEDES;SPRINTER;test
M10MCDVPPB03693;MERCEDES;SPRINTER;test
M10MCDVPPB03826;MERCEDES;SPRINTER;test
M10MCDVPPB03862;MERCEDES;SPRINTER;test
M10MCDVPPB04669;MERCEDES;SPRINTER;test
M10MCDVPPB04694;MERCEDES;SPRINTER;test
M10MCDVPPB04827;MERCEDES;SPRINTER;test
M10MCDVPPB04863;MERCEDES;SPRINTER;test
M10MCDVPPB05670;MERCEDES;SPRINTER;test
M10MCDVPPB05695;MERCEDES;SPRINTER;test
M10MCDVPPB05828;MERCEDES;SPRINTER;test
M10MCDVPPB05864;MERCEDES;SPRINTER;test
M10MCDVPPB06671;MERCEDES;SPRINTER;test
M10MCDVPPB06696;MERCEDES;SPRINTER;test
M10MCDVPPB06829;MERCEDES;SPRINTER;test
M10MCDVPPB06865;MERCEDES;SPRINTER;test
M10MCDVPPB07672;MERCEDES;SPRINTER;test
M10MCDVPPB07697;MERCEDES;SPRINTER;test
M10MCDVPPB07830;MERCEDES;SPRINTER;test
M10MCDVPPB07866;MERCEDES;SPRINTER;test
M10MCDVPPB08673;MERCEDES;SPRINTER;test
M10MCDVPPB08698;MERCEDES;SPRINTER;test
M10MCDVPPB08831;MERCEDES;SPRINTER;test
M10MCDVPPB08867;MERCEDES;SPRINTER;test
M10MCDVPPB09674;MERCEDES;SPRINTER;test
M10MCDVPPB09699;MERCEDES;SPRINTER;test
M10MCDVPPB09832;MERCEDES;SPRINTER;test
M10MCDVPPB09868;MERCEDES;SPRINTER;test
M10MCDVPPB0A675;MERCEDES;SPRINTER;test
M10MCDVPPB0A700;MERCEDES;SPRINTER;test
M10MCDVPPB0A833;MERCEDES;SPRINTER;test
M10MCDVPPB0A869;MERCEDES;SPRINTER;test
M10MCDVPPB0B676;MERCEDES;SPRINTER;test
M10MCDVPPB0B701;MERCEDES;SPRINTER;test
M10MCDVPPB0B834;MERCEDES;SPRINTER;test
M10MCDVPPB0B870;MERCEDES;SPRINTER;test
M10MCDVPPB0C677;MERCEDES;SPRINTER;test
M10MCDVPPB0C702;MERCEDES;SPRINTER;test
M10MCDVPPB0C835;MERCEDES;SPRINTER;test
M10MCDVPPB0C871;MERCEDES;SPRINTER;test
M10MCDVPPB0D678;MERCEDES;SPRINTER;test
M10MCDVPPB0D703;MERCEDES;SPRINTER;test
M10MCDVPPB0D836;MERCEDES;SPRINTER;test
M10MCDVPPB0D872;MERCEDES;SPRINTER;test
M10MCDVPPB0E704;MERCEDES;SPRINTER;test
M10MCDVPPB0E837;MERCEDES;SPRINTER;test
M10MCDVPPB0F705;MERCEDES;SPRINTER;test
M10MCDVPPB0F838;MERCEDES;SPRINTER;test
M10MCDVPPB0G706;MERCEDES;SPRINTER;test
M10MCDVPPB0G839;MERCEDES;SPRINTER;test
M10MCDVPPB0H707;MERCEDES;SPRINTER;test
M10MCDVPPB0H804;MERCEDES;SPRINTER;test
M10MCDVPPB0H840;MERCEDES;SPRINTER;test
M10MCDVPPB0J708;MERCEDES;SPRINTER;test
M10MCDVPPB0J709;MERCEDES;SPRINTER;test
M10MCDVPPB0J805;MERCEDES;SPRINTER;test
M10MCDVPPB0J806;MERCEDES;SPRINTER;test
M10MCDVPPB0J841;MERCEDES;SPRINTER;test
M10MCDVPPB0J842;MERCEDES;SPRINTER;test
M10MCDVPPB0K710;MERCEDES;SPRINTER;test
M10MCDVPPB0K807;MERCEDES;SPRINTER;test
M10MCDVPPB0K843;MERCEDES;SPRINTER;test
M10MCDVPPB0L650;MERCEDES;SPRINTER;test
M10MCDVPPB0L711;MERCEDES;SPRINTER;test
M10MCDVPPB0L808;MERCEDES;SPRINTER;test
M10MCDVPPB0L844;MERCEDES;SPRINTER;test
M10MCDVPPB0M651;MERCEDES;SPRINTER;test
M10MCDVPPB0M712;MERCEDES;SPRINTER;test
M10MCDVPPB0M809;MERCEDES;SPRINTER;test
M10MCDVPPB0M845;MERCEDES;SPRINTER;test
M10MCDVPPB0N652;MERCEDES;SPRINTER;test
M10MCDVPPB0N713;MERCEDES;SPRINTER;test
M10MCDVPPB0N810;MERCEDES;SPRINTER;test
M10MCDVPPB0N846;MERCEDES;SPRINTER;test
M10MCDVPPB0P653;MERCEDES;SPRINTER;test
M10MCDVPPB0P654;MERCEDES;SPRINTER;test
M10MCDVPPB0P679;MERCEDES;SPRINTER;test
M10MCDVPPB0P714;MERCEDES;SPRINTER;test
M10MCDVPPB0P715;MERCEDES;SPRINTER;test
M10MCDVPPB0P811;MERCEDES;SPRINTER;test
M10MCDVPPB0P812;MERCEDES;SPRINTER;test
M10MCDVPPB0P847;MERCEDES;SPRINTER;test
M10MCDVPPB0P848;MERCEDES;SPRINTER;test
M10MCDVPPB0P873;MERCEDES;SPRINTER;test
M10MCDVPPB0R655;MERCEDES;SPRINTER;test
M10MCDVPPB0R656;MERCEDES;SPRINTER;test
M10MCDVPPB0R680;MERCEDES;SPRINTER;test
M10MCDVPPB0R681;MERCEDES;SPRINTER;test
M10MCDVPPB0R716;MERCEDES;SPRINTER;test
M10MCDVPPB0R717;MERCEDES;SPRINTER;test
M10MCDVPPB0R813;MERCEDES;SPRINTER;test
M10MCDVPPB0R814;MERCEDES;SPRINTER;test
M10MCDVPPB0R849;MERCEDES;SPRINTER;test
M10MCDVPPB0R850;MERCEDES;SPRINTER;test
M10MCDVPPB0R874;MERCEDES;SPRINTER;test
M10MCDVPPB0R875;MERCEDES;SPRINTER;test
M10MCDVPPB0S657;MERCEDES;SPRINTER;test
M10MCDVPPB0S682;MERCEDES;SPRINTER;test
M10MCDVPPB0S718;MERCEDES;SPRINTER;test
M10MCDVPPB0S815;MERCEDES;SPRINTER;test
M10MCDVPPB0S851;MERCEDES;SPRINTER;test
M10MCDVPPB0S876;MERCEDES;SPRINTER;test
M10MCDVPPB0T658;MERCEDES;SPRINTER;test
M10MCDVPPB0T683;MERCEDES;SPRINTER;test
M10MCDVPPB0T719;MERCEDES;SPRINTER;test
M10MCDVPPB0T816;MERCEDES;SPRINTER;test
M10MCDVPPB0T852;MERCEDES;SPRINTER;test
M10MCDVPPB0T877;MERCEDES;SPRINTER;test
M10MCDVPPB0U659;MERCEDES;SPRINTER;test
M10MCDVPPB0U684;MERCEDES;SPRINTER;test
M10MCDVPPB0U817;MERCEDES;SPRINTER;test
M10MCDVPPB0U853;MERCEDES;SPRINTER;test
M10MCDVPPB0U878;MERCEDES;SPRINTER;test
M10MCDVPPB0V660;MERCEDES;SPRINTER;test
M10MCDVPPB0V685;MERCEDES;SPRINTER;test
M10MCDVPPB0V818;MERCEDES;SPRINTER;test
M10MCDVPPB0V854;MERCEDES;SPRINTER;test
M10MCDVPPB0V879;MERCEDES;SPRINTER;test
M10MCDVPPB0W661;MERCEDES;SPRINTER;test
M10MCDVPPB0W686;MERCEDES;SPRINTER;test
M10MCDVPPB0W819;MERCEDES;SPRINTER;test
M10MCDVPPB0W855;MERCEDES;SPRINTER;test
M10MCDVPPB0W880;MERCEDES;SPRINTER;test
M10MCDVPPB0X662;MERCEDES;SPRINTER;test
M10MCDVPPB0X687;MERCEDES;SPRINTER;test
M10MCDVPPB0X820;MERCEDES;SPRINTER;test
M10MCDVPPB0X856;MERCEDES;SPRINTER;test
M10MCDVPPB0X881;MERCEDES;SPRINTER;test
M10MCDVPPB0Y663;MERCEDES;SPRINTER;test
M10MCDVPPB0Y688;MERCEDES;SPRINTER;test
M10MCDVPPB0Y821;MERCEDES;SPRINTER;test
M10MCDVPPB0Y857;MERCEDES;SPRINTER;test
M10MCDVPPB0Y882;MERCEDES;SPRINTER;test
M10MCDVPPB0Z664;MERCEDES;SPRINTER;test
M10MCDVPPB0Z689;MERCEDES;SPRINTER;test
M10MCDVPPB0Z822;MERCEDES;SPRINTER;test
M10MCDVPPB0Z858;MERCEDES;SPRINTER;test
M10MCDVPPB0Z883;MERCEDES;SPRINTER;test
M10MCDVPPS06388;MERCEDES;SPRINTER;test
M10MCDVPPS07389;MERCEDES;SPRINTER;test
M10MCDVPPS08390;MERCEDES;SPRINTER;test
M10MCDVPPS09391;MERCEDES;SPRINTER;test
M10MCDVPPS0S410;MERCEDES;SPRINTER;test
M10MCDVPPS0T386;MERCEDES;SPRINTER;test
M10MCDVPPS0T411;MERCEDES;SPRINTER;test
M10MCDVPPS0U387;MERCEDES;SPRINTER;test
M10MCDVPPS0U412;MERCEDES;SPRINTER;test
M10MCDVPPS0V413;MERCEDES;SPRINTER;test
M10MCDVPPS0W414;MERCEDES;SPRINTER;test
M10MCDVPPS0X415;MERCEDES;SPRINTER;test
M10MCDVPPX50153;MERCEDES;SPRINTER;test
M10MCDVPPX50189;MERCEDES;SPRINTER;test
M10MCDVPPX50214;MERCEDES;SPRINTER;test
M10MCDVPPX50250;MERCEDES;SPRINTER;test
M10MCDVPPX50286;MERCEDES;SPRINTER;test
M10MCDVPPX50311;MERCEDES;SPRINTER;test
M10MCDVPPX50347;MERCEDES;SPRINTER;test
M10MCDVPPX50383;MERCEDES;SPRINTER;test
M10MCDVPPX50408;MERCEDES;SPRINTER;test
M10MCDVPPX50444;MERCEDES;SPRINTER;test
M10MCDVPPX51118;MERCEDES;SPRINTER;test
M10MCDVPPX51154;MERCEDES;SPRINTER;test
M10MCDVPPX51190;MERCEDES;SPRINTER;test
M10MCDVPPX51215;MERCEDES;SPRINTER;test
M10MCDVPPX51251;MERCEDES;SPRINTER;test
M10MCDVPPX51287;MERCEDES;SPRINTER;test
M10MCDVPPX51312;MERCEDES;SPRINTER;test
M10MCDVPPX51348;MERCEDES;SPRINTER;test
M10MCDVPPX51384;MERCEDES;SPRINTER;test
M10MCDVPPX51409;MERCEDES;SPRINTER;test
M10MCDVPPX51445;MERCEDES;SPRINTER;test
M10MCDVPPX52119;MERCEDES;SPRINTER;test
M10MCDVPPX52155;MERCEDES;SPRINTER;test
M10MCDVPPX52191;MERCEDES;SPRINTER;test
M10MCDVPPX52216;MERCEDES;SPRINTER;test
M10MCDVPPX52252;MERCEDES;SPRINTER;test
M10MCDVPPX52288;MERCEDES;SPRINTER;test
M10MCDVPPX52313;MERCEDES;SPRINTER;test
M10MCDVPPX52349;MERCEDES;SPRINTER;test
M10MCDVPPX52385;MERCEDES;SPRINTER;test
M10MCDVPPX52410;MERCEDES;SPRINTER;test
M10MCDVPPX52446;MERCEDES;SPRINTER;test
M10MCDVPPX53120;MERCEDES;SPRINTER;test
M10MCDVPPX53156;MERCEDES;SPRINTER;test
M10MCDVPPX53192;MERCEDES;SPRINTER;test
M10MCDVPPX53217;MERCEDES;SPRINTER;test
M10MCDVPPX53253;MERCEDES;SPRINTER;test
M10MCDVPPX53289;MERCEDES;SPRINTER;test
M10MCDVPPX53314;MERCEDES;SPRINTER;test
M10MCDVPPX53350;MERCEDES;SPRINTER;test
M10MCDVPPX53386;MERCEDES;SPRINTER;test
M10MCDVPPX53411;MERCEDES;SPRINTER;test
M10MCDVPPX53447;MERCEDES;SPRINTER;test
M10MCDVPPX54121;MERCEDES;SPRINTER;test
M10MCDVPPX54157;MERCEDES;SPRINTER;test
M10MCDVPPX54193;MERCEDES;SPRINTER;test
M10MCDVPPX54218;MERCEDES;SPRINTER;test
M10MCDVPPX54254;MERCEDES;SPRINTER;test
M10MCDVPPX54290;MERCEDES;SPRINTER;test
M10MCDVPPX54315;MERCEDES;SPRINTER;test
M10MCDVPPX54351;MERCEDES;SPRINTER;test
M10MCDVPPX54387;MERCEDES;SPRINTER;test
M10MCDVPPX54412;MERCEDES;SPRINTER;test
M10MCDVPPX54448;MERCEDES;SPRINTER;test
M10MCDVPPX55122;MERCEDES;SPRINTER;test
M10MCDVPPX55158;MERCEDES;SPRINTER;test
M10MCDVPPX55219;MERCEDES;SPRINTER;test
M10MCDVPPX55255;MERCEDES;SPRINTER;test
M10MCDVPPX55316;MERCEDES;SPRINTER;test
M10MCDVPPX55352;MERCEDES;SPRINTER;test
M10MCDVPPX55413;MERCEDES;SPRINTER;test
M10MCDVPPX55449;MERCEDES;SPRINTER;test
M10MCDVPPX56123;MERCEDES;SPRINTER;test
M10MCDVPPX56159;MERCEDES;SPRINTER;test
M10MCDVPPX56220;MERCEDES;SPRINTER;test
M10MCDVPPX56256;MERCEDES;SPRINTER;test
M10MCDVPPX56317;MERCEDES;SPRINTER;test
M10MCDVPPX56353;MERCEDES;SPRINTER;test
M10MCDVPPX56414;MERCEDES;SPRINTER;test
M10MCDVPPX56450;MERCEDES;SPRINTER;test
M10MCDVPPX57124;MERCEDES;SPRINTER;test
M10MCDVPPX57160;MERCEDES;SPRINTER;test
M10MCDVPPX57221;MERCEDES;SPRINTER;test
M10MCDVPPX57257;MERCEDES;SPRINTER;test
M10MCDVPPX57318;MERCEDES;SPRINTER;test
M10MCDVPPX57354;MERCEDES;SPRINTER;test
M10MCDVPPX57415;MERCEDES;SPRINTER;test
M10MCDVPPX57451;MERCEDES;SPRINTER;test
M10MCDVPPX58125;MERCEDES;SPRINTER;test
M10MCDVPPX58161;MERCEDES;SPRINTER;test
M10MCDVPPX58222;MERCEDES;SPRINTER;test
M10MCDVPPX58258;MERCEDES;SPRINTER;test
M10MCDVPPX58319;MERCEDES;SPRINTER;test
M10MCDVPPX58355;MERCEDES;SPRINTER;test
M10MCDVPPX58416;MERCEDES;SPRINTER;test
M10MCDVPPX58452;MERCEDES;SPRINTER;test
M10MCDVPPX59126;MERCEDES;SPRINTER;test
M10MCDVPPX59162;MERCEDES;SPRINTER;test
M10MCDVPPX59223;MERCEDES;SPRINTER;test
M10MCDVPPX59259;MERCEDES;SPRINTER;test
M10MCDVPPX59320;MERCEDES;SPRINTER;test
M10MCDVPPX59356;MERCEDES;SPRINTER;test
M10MCDVPPX59417;MERCEDES;SPRINTER;test
M10MCDVPPX59453;MERCEDES;SPRINTER;test
M10MCDVPPX5A127;MERCEDES;SPRINTER;test
M10MCDVPPX5A163;MERCEDES;SPRINTER;test
M10MCDVPPX5A224;MERCEDES;SPRINTER;test
M10MCDVPPX5A260;MERCEDES;SPRINTER;test
M10MCDVPPX5A321;MERCEDES;SPRINTER;test
M10MCDVPPX5A357;MERCEDES;SPRINTER;test
M10MCDVPPX5A418;MERCEDES;SPRINTER;test
M10MCDVPPX5A454;MERCEDES;SPRINTER;test
M10MCDVPPX5B128;MERCEDES;SPRINTER;test
M10MCDVPPX5B164;MERCEDES;SPRINTER;test
M10MCDVPPX5B225;MERCEDES;SPRINTER;test
M10MCDVPPX5B261;MERCEDES;SPRINTER;test
M10MCDVPPX5B322;MERCEDES;SPRINTER;test
M10MCDVPPX5B358;MERCEDES;SPRINTER;test
M10MCDVPPX5B419;MERCEDES;SPRINTER;test
M10MCDVPPX5B455;MERCEDES;SPRINTER;test
M10MCDVPPX5C129;MERCEDES;SPRINTER;test
M10MCDVPPX5C165;MERCEDES;SPRINTER;test
M10MCDVPPX5C226;MERCEDES;SPRINTER;test
M10MCDVPPX5C262;MERCEDES;SPRINTER;test
M10MCDVPPX5C323;MERCEDES;SPRINTER;test
M10MCDVPPX5C359;MERCEDES;SPRINTER;test
M10MCDVPPX5C420;MERCEDES;SPRINTER;test
M10MCDVPPX5C456;MERCEDES;SPRINTER;test
M10MCDVPPX5D130;MERCEDES;SPRINTER;test
M10MCDVPPX5D166;MERCEDES;SPRINTER;test
M10MCDVPPX5D227;MERCEDES;SPRINTER;test
M10MCDVPPX5D263;MERCEDES;SPRINTER;test
M10MCDVPPX5D324;MERCEDES;SPRINTER;test
M10MCDVPPX5D360;MERCEDES;SPRINTER;test
M10MCDVPPX5D421;MERCEDES;SPRINTER;test
M10MCDVPPX5D457;MERCEDES;SPRINTER;test
M10MCDVPPX5E131;MERCEDES;SPRINTER;test
M10MCDVPPX5E167;MERCEDES;SPRINTER;test
M10MCDVPPX5E228;MERCEDES;SPRINTER;test
M10MCDVPPX5E264;MERCEDES;SPRINTER;test
M10MCDVPPX5E325;MERCEDES;SPRINTER;test
M10MCDVPPX5E361;MERCEDES;SPRINTER;test
M10MCDVPPX5E422;MERCEDES;SPRINTER;test
M10MCDVPPX5E458;MERCEDES;SPRINTER;test
M10MCDVPPX5F132;MERCEDES;SPRINTER;test
M10MCDVPPX5F168;MERCEDES;SPRINTER;test
M10MCDVPPX5F229;MERCEDES;SPRINTER;test
M10MCDVPPX5F265;MERCEDES;SPRINTER;test
M10MCDVPPX5F326;MERCEDES;SPRINTER;test
M10MCDVPPX5F362;MERCEDES;SPRINTER;test
M10MCDVPPX5F423;MERCEDES;SPRINTER;test
M10MCDVPPX5F459;MERCEDES;SPRINTER;test
M10MCDVPPX5G133;MERCEDES;SPRINTER;test
M10MCDVPPX5G169;MERCEDES;SPRINTER;test
M10MCDVPPX5G194;MERCEDES;SPRINTER;test
M10MCDVPPX5G230;MERCEDES;SPRINTER;test
M10MCDVPPX5G266;MERCEDES;SPRINTER;test
M10MCDVPPX5G291;MERCEDES;SPRINTER;test
M10MCDVPPX5G327;MERCEDES;SPRINTER;test
M10MCDVPPX5G363;MERCEDES;SPRINTER;test
M10MCDVPPX5G388;MERCEDES;SPRINTER;test
M10MCDVPPX5G424;MERCEDES;SPRINTER;test
M10MCDVPPX5G460;MERCEDES;SPRINTER;test
M10MCDVPPX5H134;MERCEDES;SPRINTER;test
M10MCDVPPX5H170;MERCEDES;SPRINTER;test
M10MCDVPPX5H195;MERCEDES;SPRINTER;test
M10MCDVPPX5H231;MERCEDES;SPRINTER;test
M10MCDVPPX5H267;MERCEDES;SPRINTER;test
M10MCDVPPX5H292;MERCEDES;SPRINTER;test
M10MCDVPPX5H328;MERCEDES;SPRINTER;test
M10MCDVPPX5H364;MERCEDES;SPRINTER;test
M10MCDVPPX5H389;MERCEDES;SPRINTER;test
M10MCDVPPX5H425;MERCEDES;SPRINTER;test
M10MCDVPPX5H461;MERCEDES;SPRINTER;test
M10MCDVPPX5J135;MERCEDES;SPRINTER;test
M10MCDVPPX5J136;MERCEDES;SPRINTER;test
M10MCDVPPX5J171;MERCEDES;SPRINTER;test
M10MCDVPPX5J172;MERCEDES;SPRINTER;test
M10MCDVPPX5J196;MERCEDES;SPRINTER;test
M10MCDVPPX5J197;MERCEDES;SPRINTER;test
M10MCDVPPX5J232;MERCEDES;SPRINTER;test
M10MCDVPPX5J233;MERCEDES;SPRINTER;test
M10MCDVPPX5J268;MERCEDES;SPRINTER;test
M10MCDVPPX5J269;MERCEDES;SPRINTER;test
M10MCDVPPX5J293;MERCEDES;SPRINTER;test
M10MCDVPPX5J294;MERCEDES;SPRINTER;test
M10MCDVPPX5J329;MERCEDES;SPRINTER;test
M10MCDVPPX5J330;MERCEDES;SPRINTER;test
M10MCDVPPX5J365;MERCEDES;SPRINTER;test
M10MCDVPPX5J366;MERCEDES;SPRINTER;test
M10MCDVPPX5J390;MERCEDES;SPRINTER;test
M10MCDVPPX5J391;MERCEDES;SPRINTER;test
M10MCDVPPX5J426;MERCEDES;SPRINTER;test
M10MCDVPPX5J427;MERCEDES;SPRINTER;test
M10MCDVPPX5J462;MERCEDES;SPRINTER;test
M10MCDVPPX5J463;MERCEDES;SPRINTER;test
M10MCDVPPX5K137;MERCEDES;SPRINTER;test
M10MCDVPPX5K173;MERCEDES;SPRINTER;test
M10MCDVPPX5K198;MERCEDES;SPRINTER;test
M10MCDVPPX5K234;MERCEDES;SPRINTER;test
M10MCDVPPX5K270;MERCEDES;SPRINTER;test
M10MCDVPPX5K295;MERCEDES;SPRINTER;test
M10MCDVPPX5K331;MERCEDES;SPRINTER;test
M10MCDVPPX5K367;MERCEDES;SPRINTER;test
M10MCDVPPX5K392;MERCEDES;SPRINTER;test
M10MCDVPPX5K428;MERCEDES;SPRINTER;test
M10MCDVPPX5K464;MERCEDES;SPRINTER;test
M10MCDVPPX5L138;MERCEDES;SPRINTER;test
M10MCDVPPX5L174;MERCEDES;SPRINTER;test
M10MCDVPPX5L199;MERCEDES;SPRINTER;test
M10MCDVPPX5L235;MERCEDES;SPRINTER;test
M10MCDVPPX5L271;MERCEDES;SPRINTER;test
M10MCDVPPX5L296;MERCEDES;SPRINTER;test
M10MCDVPPX5L332;MERCEDES;SPRINTER;test
M10MCDVPPX5L368;MERCEDES;SPRINTER;test
M10MCDVPPX5L393;MERCEDES;SPRINTER;test
M10MCDVPPX5L429;MERCEDES;SPRINTER;test
M10MCDVPPX5L465;MERCEDES;SPRINTER;test
M10MCDVPPX5M139;MERCEDES;SPRINTER;test
M10MCDVPPX5M175;MERCEDES;SPRINTER;test
M10MCDVPPX5M200;MERCEDES;SPRINTER;test
M10MCDVPPX5M236;MERCEDES;SPRINTER;test
M10MCDVPPX5M272;MERCEDES;SPRINTER;test
M10MCDVPPX5M297;MERCEDES;SPRINTER;test
M10MCDVPPX5M333;MERCEDES;SPRINTER;test
M10MCDVPPX5M369;MERCEDES;SPRINTER;test
M10MCDVPPX5M394;MERCEDES;SPRINTER;test
M10MCDVPPX5M430;MERCEDES;SPRINTER;test
M10MCDVPPX5N140;MERCEDES;SPRINTER;test
M10MCDVPPX5N176;MERCEDES;SPRINTER;test
M10MCDVPPX5N201;MERCEDES;SPRINTER;test
M10MCDVPPX5N237;MERCEDES;SPRINTER;test
M10MCDVPPX5N273;MERCEDES;SPRINTER;test
M10MCDVPPX5N298;MERCEDES;SPRINTER;test
M10MCDVPPX5N334;MERCEDES;SPRINTER;test
M10MCDVPPX5N370;MERCEDES;SPRINTER;test
M10MCDVPPX5N395;MERCEDES;SPRINTER;test
M10MCDVPPX5N431;MERCEDES;SPRINTER;test
M10MCDVPPX5P141;MERCEDES;SPRINTER;test
M10MCDVPPX5P142;MERCEDES;SPRINTER;test
M10MCDVPPX5P177;MERCEDES;SPRINTER;test
M10MCDVPPX5P178;MERCEDES;SPRINTER;test
M10MCDVPPX5P202;MERCEDES;SPRINTER;test
M10MCDVPPX5P203;MERCEDES;SPRINTER;test
M10MCDVPPX5P238;MERCEDES;SPRINTER;test
M10MCDVPPX5P239;MERCEDES;SPRINTER;test
M10MCDVPPX5P274;MERCEDES;SPRINTER;test
M10MCDVPPX5P275;MERCEDES;SPRINTER;test
M10MCDVPPX5P299;MERCEDES;SPRINTER;test
M10MCDVPPX5P300;MERCEDES;SPRINTER;test
M10MCDVPPX5P335;MERCEDES;SPRINTER;test
M10MCDVPPX5P336;MERCEDES;SPRINTER;test
M10MCDVPPX5P371;MERCEDES;SPRINTER;test
M10MCDVPPX5P372;MERCEDES;SPRINTER;test
M10MCDVPPX5P396;MERCEDES;SPRINTER;test
M10MCDVPPX5P397;MERCEDES;SPRINTER;test
M10MCDVPPX5P432;MERCEDES;SPRINTER;test
M10MCDVPPX5P433;MERCEDES;SPRINTER;test
M10MCDVPPX5R143;MERCEDES;SPRINTER;test
M10MCDVPPX5R144;MERCEDES;SPRINTER;test
M10MCDVPPX5R179;MERCEDES;SPRINTER;test
M10MCDVPPX5R180;MERCEDES;SPRINTER;test
M10MCDVPPX5R204;MERCEDES;SPRINTER;test
M10MCDVPPX5R205;MERCEDES;SPRINTER;test
M10MCDVPPX5R240;MERCEDES;SPRINTER;test
M10MCDVPPX5R241;MERCEDES;SPRINTER;test
M10MCDVPPX5R276;MERCEDES;SPRINTER;test
M10MCDVPPX5R277;MERCEDES;SPRINTER;test
M10MCDVPPX5R301;MERCEDES;SPRINTER;test
M10MCDVPPX5R302;MERCEDES;SPRINTER;test
M10MCDVPPX5R337;MERCEDES;SPRINTER;test
M10MCDVPPX5R338;MERCEDES;SPRINTER;test
M10MCDVPPX5R373;MERCEDES;SPRINTER;test
M10MCDVPPX5R374;MERCEDES;SPRINTER;test
M10MCDVPPX5R398;MERCEDES;SPRINTER;test
M10MCDVPPX5R399;MERCEDES;SPRINTER;test
M10MCDVPPX5R434;MERCEDES;SPRINTER;test
M10MCDVPPX5R435;MERCEDES;SPRINTER;test
M10MCDVPPX5S145;MERCEDES;SPRINTER;test
M10MCDVPPX5S181;MERCEDES;SPRINTER;test
M10MCDVPPX5S206;MERCEDES;SPRINTER;test
M10MCDVPPX5S242;MERCEDES;SPRINTER;test
M10MCDVPPX5S278;MERCEDES;SPRINTER;test
M10MCDVPPX5S303;MERCEDES;SPRINTER;test
M10MCDVPPX5S339;MERCEDES;SPRINTER;test
M10MCDVPPX5S375;MERCEDES;SPRINTER;test
M10MCDVPPX5S400;MERCEDES;SPRINTER;test
M10MCDVPPX5S436;MERCEDES;SPRINTER;test
M10MCDVPPX5T146;MERCEDES;SPRINTER;test
M10MCDVPPX5T182;MERCEDES;SPRINTER;test
M10MCDVPPX5T207;MERCEDES;SPRINTER;test
M10MCDVPPX5T243;MERCEDES;SPRINTER;test
M10MCDVPPX5T279;MERCEDES;SPRINTER;test
M10MCDVPPX5T304;MERCEDES;SPRINTER;test
M10MCDVPPX5T340;MERCEDES;SPRINTER;test
M10MCDVPPX5T376;MERCEDES;SPRINTER;test
M10MCDVPPX5T401;MERCEDES;SPRINTER;test
M10MCDVPPX5T437;MERCEDES;SPRINTER;test
M10MCDVPPX5U147;MERCEDES;SPRINTER;test
M10MCDVPPX5U183;MERCEDES;SPRINTER;test
M10MCDVPPX5U208;MERCEDES;SPRINTER;test
M10MCDVPPX5U244;MERCEDES;SPRINTER;test
M10MCDVPPX5U280;MERCEDES;SPRINTER;test
M10MCDVPPX5U305;MERCEDES;SPRINTER;test
M10MCDVPPX5U341;MERCEDES;SPRINTER;test
M10MCDVPPX5U377;MERCEDES;SPRINTER;test
M10MCDVPPX5U402;MERCEDES;SPRINTER;test
M10MCDVPPX5U438;MERCEDES;SPRINTER;test
M10MCDVPPX5V148;MERCEDES;SPRINTER;test
M10MCDVPPX5V184;MERCEDES;SPRINTER;test
M10MCDVPPX5V209;MERCEDES;SPRINTER;test
M10MCDVPPX5V245;MERCEDES;SPRINTER;test
M10MCDVPPX5V281;MERCEDES;SPRINTER;test
M10MCDVPPX5V306;MERCEDES;SPRINTER;test
M10MCDVPPX5V342;MERCEDES;SPRINTER;test
M10MCDVPPX5V378;MERCEDES;SPRINTER;test
M10MCDVPPX5V403;MERCEDES;SPRINTER;test
M10MCDVPPX5V439;MERCEDES;SPRINTER;test
M10MCDVPPX5W149;MERCEDES;SPRINTER;test
M10MCDVPPX5W185;MERCEDES;SPRINTER;test
M10MCDVPPX5W210;MERCEDES;SPRINTER;test
M10MCDVPPX5W246;MERCEDES;SPRINTER;test
M10MCDVPPX5W282;MERCEDES;SPRINTER;test
M10MCDVPPX5W307;MERCEDES;SPRINTER;test
M10MCDVPPX5W343;MERCEDES;SPRINTER;test
M10MCDVPPX5W379;MERCEDES;SPRINTER;test
M10MCDVPPX5W404;MERCEDES;SPRINTER;test
M10MCDVPPX5W440;MERCEDES;SPRINTER;test
M10MCDVPPX5X150;MERCEDES;SPRINTER;test
M10MCDVPPX5X186;MERCEDES;SPRINTER;test
M10MCDVPPX5X211;MERCEDES;SPRINTER;test
M10MCDVPPX5X247;MERCEDES;SPRINTER;test
M10MCDVPPX5X283;MERCEDES;SPRINTER;test
M10MCDVPPX5X308;MERCEDES;SPRINTER;test
M10MCDVPPX5X344;MERCEDES;SPRINTER;test
M10MCDVPPX5X380;MERCEDES;SPRINTER;test
M10MCDVPPX5X405;MERCEDES;SPRINTER;test
M10MCDVPPX5X441;MERCEDES;SPRINTER;test
M10MCDVPPX5Y151;MERCEDES;SPRINTER;test
M10MCDVPPX5Y187;MERCEDES;SPRINTER;test
M10MCDVPPX5Y212;MERCEDES;SPRINTER;test
M10MCDVPPX5Y248;MERCEDES;SPRINTER;test
M10MCDVPPX5Y284;MERCEDES;SPRINTER;test
M10MCDVPPX5Y309;MERCEDES;SPRINTER;test
M10MCDVPPX5Y345;MERCEDES;SPRINTER;test
M10MCDVPPX5Y381;MERCEDES;SPRINTER;test
M10MCDVPPX5Y406;MERCEDES;SPRINTER;test
M10MCDVPPX5Y442;MERCEDES;SPRINTER;test
M10MCDVPPX5Z152;MERCEDES;SPRINTER;test
M10MCDVPPX5Z188;MERCEDES;SPRINTER;test
M10MCDVPPX5Z213;MERCEDES;SPRINTER;test
M10MCDVPPX5Z249;MERCEDES;SPRINTER;test
M10MCDVPPX5Z285;MERCEDES;SPRINTER;test
M10MCDVPPX5Z310;MERCEDES;SPRINTER;test
M10MCDVPPX5Z346;MERCEDES;SPRINTER;test
M10MCDVPPX5Z382;MERCEDES;SPRINTER;test
M10MCDVPPX5Z407;MERCEDES;SPRINTER;test
M10MCDVPPX5Z443;MERCEDES;SPRINTER;test
M10MCDVPPX60601;MERCEDES;SPRINTER;test
M10MCDVPPX60637;MERCEDES;SPRINTER;test
M10MCDVPPX60673;MERCEDES;SPRINTER;test
M10MCDVPPX60698;MERCEDES;SPRINTER;test
M10MCDVPPX60734;MERCEDES;SPRINTER;test
M10MCDVPPX60770;MERCEDES;SPRINTER;test
M10MCDVPPX61602;MERCEDES;SPRINTER;test
M10MCDVPPX61638;MERCEDES;SPRINTER;test
M10MCDVPPX61674;MERCEDES;SPRINTER;test
M10MCDVPPX61699;MERCEDES;SPRINTER;test
M10MCDVPPX61735;MERCEDES;SPRINTER;test
M10MCDVPPX61771;MERCEDES;SPRINTER;test
M10MCDVPPX62603;MERCEDES;SPRINTER;test
M10MCDVPPX62639;MERCEDES;SPRINTER;test
M10MCDVPPX62675;MERCEDES;SPRINTER;test
M10MCDVPPX62700;MERCEDES;SPRINTER;test
M10MCDVPPX62736;MERCEDES;SPRINTER;test
M10MCDVPPX62772;MERCEDES;SPRINTER;test
M10MCDVPPX63604;MERCEDES;SPRINTER;test
M10MCDVPPX63640;MERCEDES;SPRINTER;test
M10MCDVPPX63676;MERCEDES;SPRINTER;test
M10MCDVPPX63701;MERCEDES;SPRINTER;test
M10MCDVPPX63737;MERCEDES;SPRINTER;test
M10MCDVPPX63773;MERCEDES;SPRINTER;test
M10MCDVPPX64605;MERCEDES;SPRINTER;test
M10MCDVPPX64641;MERCEDES;SPRINTER;test
M10MCDVPPX64677;MERCEDES;SPRINTER;test
M10MCDVPPX64702;MERCEDES;SPRINTER;test
M10MCDVPPX64738;MERCEDES;SPRINTER;test
M10MCDVPPX64774;MERCEDES;SPRINTER;test
M10MCDVPPX65606;MERCEDES;SPRINTER;test
M10MCDVPPX65642;MERCEDES;SPRINTER;test
M10MCDVPPX65678;MERCEDES;SPRINTER;test
M10MCDVPPX65703;MERCEDES;SPRINTER;test
M10MCDVPPX65739;MERCEDES;SPRINTER;test
M10MCDVPPX65775;MERCEDES;SPRINTER;test
M10MCDVPPX66607;MERCEDES;SPRINTER;test
M10MCDVPPX66643;MERCEDES;SPRINTER;test
M10MCDVPPX66704;MERCEDES;SPRINTER;test
M10MCDVPPX66740;MERCEDES;SPRINTER;test
M10MCDVPPX67608;MERCEDES;SPRINTER;test
M10MCDVPPX67644;MERCEDES;SPRINTER;test
M10MCDVPPX67705;MERCEDES;SPRINTER;test
M10MCDVPPX67741;MERCEDES;SPRINTER;test
M10MCDVPPX68609;MERCEDES;SPRINTER;test
M10MCDVPPX68645;MERCEDES;SPRINTER;test
M10MCDVPPX68706;MERCEDES;SPRINTER;test
M10MCDVPPX68742;MERCEDES;SPRINTER;test
M10MCDVPPX69610;MERCEDES;SPRINTER;test
M10MCDVPPX69646;MERCEDES;SPRINTER;test
M10MCDVPPX69707;MERCEDES;SPRINTER;test
M10MCDVPPX69743;MERCEDES;SPRINTER;test
M10MCDVPPX6A611;MERCEDES;SPRINTER;test
M10MCDVPPX6A647;MERCEDES;SPRINTER;test
M10MCDVPPX6A708;MERCEDES;SPRINTER;test
M10MCDVPPX6A744;MERCEDES;SPRINTER;test
M10MCDVPPX6B612;MERCEDES;SPRINTER;test
M10MCDVPPX6B648;MERCEDES;SPRINTER;test
M10MCDVPPX6B709;MERCEDES;SPRINTER;test
M10MCDVPPX6B745;MERCEDES;SPRINTER;test
M10MCDVPPX6C613;MERCEDES;SPRINTER;test
M10MCDVPPX6C649;MERCEDES;SPRINTER;test
M10MCDVPPX6C710;MERCEDES;SPRINTER;test
M10MCDVPPX6C746;MERCEDES;SPRINTER;test
M10MCDVPPX6D614;MERCEDES;SPRINTER;test
M10MCDVPPX6D650;MERCEDES;SPRINTER;test
M10MCDVPPX6D711;MERCEDES;SPRINTER;test
M10MCDVPPX6D747;MERCEDES;SPRINTER;test
M10MCDVPPX6E615;MERCEDES;SPRINTER;test
M10MCDVPPX6E651;MERCEDES;SPRINTER;test
M10MCDVPPX6E712;MERCEDES;SPRINTER;test
M10MCDVPPX6E748;MERCEDES;SPRINTER;test
M10MCDVPPX6F616;MERCEDES;SPRINTER;test
M10MCDVPPX6F652;MERCEDES;SPRINTER;test
M10MCDVPPX6F713;MERCEDES;SPRINTER;test
M10MCDVPPX6F749;MERCEDES;SPRINTER;test
M10MCDVPPX6G617;MERCEDES;SPRINTER;test
M10MCDVPPX6G653;MERCEDES;SPRINTER;test
M10MCDVPPX6G714;MERCEDES;SPRINTER;test
M10MCDVPPX6G750;MERCEDES;SPRINTER;test
M10MCDVPPX6H618;MERCEDES;SPRINTER;test
M10MCDVPPX6H654;MERCEDES;SPRINTER;test
M10MCDVPPX6H679;MERCEDES;SPRINTER;test
M10MCDVPPX6H715;MERCEDES;SPRINTER;test
M10MCDVPPX6H751;MERCEDES;SPRINTER;test
M10MCDVPPX6H776;MERCEDES;SPRINTER;test
M10MCDVPPX6J619;MERCEDES;SPRINTER;test
M10MCDVPPX6J620;MERCEDES;SPRINTER;test
M10MCDVPPX6J655;MERCEDES;SPRINTER;test
M10MCDVPPX6J656;MERCEDES;SPRINTER;test
M10MCDVPPX6J680;MERCEDES;SPRINTER;test
M10MCDVPPX6J681;MERCEDES;SPRINTER;test
M10MCDVPPX6J716;MERCEDES;SPRINTER;test
M10MCDVPPX6J717;MERCEDES;SPRINTER;test
M10MCDVPPX6J752;MERCEDES;SPRINTER;test
M10MCDVPPX6J753;MERCEDES;SPRINTER;test
M10MCDVPPX6J777;MERCEDES;SPRINTER;test
M10MCDVPPX6J778;MERCEDES;SPRINTER;test
M10MCDVPPX6K621;MERCEDES;SPRINTER;test
M10MCDVPPX6K657;MERCEDES;SPRINTER;test
M10MCDVPPX6K682;MERCEDES;SPRINTER;test
M10MCDVPPX6K718;MERCEDES;SPRINTER;test
M10MCDVPPX6K754;MERCEDES;SPRINTER;test
M10MCDVPPX6K779;MERCEDES;SPRINTER;test
M10MCDVPPX6L622;MERCEDES;SPRINTER;test
M10MCDVPPX6L658;MERCEDES;SPRINTER;test
M10MCDVPPX6L683;MERCEDES;SPRINTER;test
M10MCDVPPX6L719;MERCEDES;SPRINTER;test
M10MCDVPPX6L755;MERCEDES;SPRINTER;test
M10MCDVPPX6L780;MERCEDES;SPRINTER;test
M10MCDVPPX6M623;MERCEDES;SPRINTER;test
M10MCDVPPX6M659;MERCEDES;SPRINTER;test
M10MCDVPPX6M684;MERCEDES;SPRINTER;test
M10MCDVPPX6M720;MERCEDES;SPRINTER;test
M10MCDVPPX6M756;MERCEDES;SPRINTER;test
M10MCDVPPX6M781;MERCEDES;SPRINTER;test
M10MCDVPPX6N624;MERCEDES;SPRINTER;test
M10MCDVPPX6N660;MERCEDES;SPRINTER;test
M10MCDVPPX6N685;MERCEDES;SPRINTER;test
M10MCDVPPX6N721;MERCEDES;SPRINTER;test
M10MCDVPPX6N757;MERCEDES;SPRINTER;test
M10MCDVPPX6N782;MERCEDES;SPRINTER;test
M10MCDVPPX6P625;MERCEDES;SPRINTER;test
M10MCDVPPX6P626;MERCEDES;SPRINTER;test
M10MCDVPPX6P661;MERCEDES;SPRINTER;test
M10MCDVPPX6P662;MERCEDES;SPRINTER;test
M10MCDVPPX6P686;MERCEDES;SPRINTER;test
M10MCDVPPX6P687;MERCEDES;SPRINTER;test
M10MCDVPPX6P722;MERCEDES;SPRINTER;test
M10MCDVPPX6P723;MERCEDES;SPRINTER;test
M10MCDVPPX6P758;MERCEDES;SPRINTER;test
M10MCDVPPX6P759;MERCEDES;SPRINTER;test
M10MCDVPPX6P783;MERCEDES;SPRINTER;test
M10MCDVPPX6P784;MERCEDES;SPRINTER;test
M10MCDVPPX6R592;MERCEDES;SPRINTER;test
M10MCDVPPX6R627;MERCEDES;SPRINTER;test
M10MCDVPPX6R628;MERCEDES;SPRINTER;test
M10MCDVPPX6R663;MERCEDES;SPRINTER;test
M10MCDVPPX6R664;MERCEDES;SPRINTER;test
M10MCDVPPX6R688;MERCEDES;SPRINTER;test
M10MCDVPPX6R689;MERCEDES;SPRINTER;test
M10MCDVPPX6R724;MERCEDES;SPRINTER;test
M10MCDVPPX6R725;MERCEDES;SPRINTER;test
M10MCDVPPX6R760;MERCEDES;SPRINTER;test
M10MCDVPPX6R761;MERCEDES;SPRINTER;test
M10MCDVPPX6R785;MERCEDES;SPRINTER;test
M10MCDVPPX6R786;MERCEDES;SPRINTER;test
M10MCDVPPX6S593;MERCEDES;SPRINTER;test
M10MCDVPPX6S629;MERCEDES;SPRINTER;test
M10MCDVPPX6S665;MERCEDES;SPRINTER;test
M10MCDVPPX6S690;MERCEDES;SPRINTER;test
M10MCDVPPX6S726;MERCEDES;SPRINTER;test
M10MCDVPPX6S762;MERCEDES;SPRINTER;test
M10MCDVPPX6S787;MERCEDES;SPRINTER;test
M10MCDVPPX6T594;MERCEDES;SPRINTER;test
M10MCDVPPX6T630;MERCEDES;SPRINTER;test
M10MCDVPPX6T666;MERCEDES;SPRINTER;test
M10MCDVPPX6T691;MERCEDES;SPRINTER;test
M10MCDVPPX6T727;MERCEDES;SPRINTER;test
M10MCDVPPX6T763;MERCEDES;SPRINTER;test
M10MCDVPPX6U595;MERCEDES;SPRINTER;test
M10MCDVPPX6U631;MERCEDES;SPRINTER;test
M10MCDVPPX6U667;MERCEDES;SPRINTER;test
M10MCDVPPX6U692;MERCEDES;SPRINTER;test
M10MCDVPPX6U728;MERCEDES;SPRINTER;test
M10MCDVPPX6U764;MERCEDES;SPRINTER;test
M10MCDVPPX6V596;MERCEDES;SPRINTER;test
M10MCDVPPX6V632;MERCEDES;SPRINTER;test
M10MCDVPPX6V668;MERCEDES;SPRINTER;test
M10MCDVPPX6V693;MERCEDES;SPRINTER;test
M10MCDVPPX6V729;MERCEDES;SPRINTER;test
M10MCDVPPX6V765;MERCEDES;SPRINTER;test
M10MCDVPPX6W597;MERCEDES;SPRINTER;test
M10MCDVPPX6W633;MERCEDES;SPRINTER;test
M10MCDVPPX6W669;MERCEDES;SPRINTER;test
M10MCDVPPX6W694;MERCEDES;SPRINTER;test
M10MCDVPPX6W730;MERCEDES;SPRINTER;test
M10MCDVPPX6W766;MERCEDES;SPRINTER;test
M10MCDVPPX6X598;MERCEDES;SPRINTER;test
M10MCDVPPX6X634;MERCEDES;SPRINTER;test
M10MCDVPPX6X670;MERCEDES;SPRINTER;test
M10MCDVPPX6X695;MERCEDES;SPRINTER;test
M10MCDVPPX6X731;MERCEDES;SPRINTER;test
M10MCDVPPX6X767;MERCEDES;SPRINTER;test
M10MCDVPPX6Y599;MERCEDES;SPRINTER;test
M10MCDVPPX6Y635;MERCEDES;SPRINTER;test
M10MCDVPPX6Y671;MERCEDES;SPRINTER;test
M10MCDVPPX6Y696;MERCEDES;SPRINTER;test
M10MCDVPPX6Y732;MERCEDES;SPRINTER;test
M10MCDVPPX6Y768;MERCEDES;SPRINTER;test
M10MCDVPPX6Z600;MERCEDES;SPRINTER;test
M10MCDVPPX6Z636;MERCEDES;SPRINTER;test
M10MCDVPPX6Z672;MERCEDES;SPRINTER;test
M10MCDVPPX6Z697;MERCEDES;SPRINTER;test
M10MCDVPPX6Z733;MERCEDES;SPRINTER;test
M10MCDVPPX6Z769;MERCEDES;SPRINTER;test
M10MCDVPEE80435;MERCEDES;SPRINTER;test
M10MCDVPEE80471;MERCEDES;SPRINTER;test
M10MCDVPEE80532;MERCEDES;SPRINTER;test
M10MCDVPEE80568;MERCEDES;SPRINTER;test
M10MCDVPEE81436;MERCEDES;SPRINTER;test
M10MCDVPEE81472;MERCEDES;SPRINTER;test
M10MCDVPEE81533;MERCEDES;SPRINTER;test
M10MCDVPEE81569;MERCEDES;SPRINTER;test
M10MCDVPEE82437;MERCEDES;SPRINTER;test
M10MCDVPEE82473;MERCEDES;SPRINTER;test
M10MCDVPEE82534;MERCEDES;SPRINTER;test
M10MCDVPEE82570;MERCEDES;SPRINTER;test
M10MCDVPEE83438;MERCEDES;SPRINTER;test
M10MCDVPEE83474;MERCEDES;SPRINTER;test
M10MCDVPEE83535;MERCEDES;SPRINTER;test
M10MCDVPEE83571;MERCEDES;SPRINTER;test
M10MCDVPEE84439;MERCEDES;SPRINTER;test
M10MCDVPEE84475;MERCEDES;SPRINTER;test
M10MCDVPEE84536;MERCEDES;SPRINTER;test
M10MCDVPEE84572;MERCEDES;SPRINTER;test
M10MCDVPEE85440;MERCEDES;SPRINTER;test
M10MCDVPEE85476;MERCEDES;SPRINTER;test
M10MCDVPEE85537;MERCEDES;SPRINTER;test
M10MCDVPEE85573;MERCEDES;SPRINTER;test
M10MCDVPEE86441;MERCEDES;SPRINTER;test
M10MCDVPEE86477;MERCEDES;SPRINTER;test
M10MCDVPEE86538;MERCEDES;SPRINTER;test
M10MCDVPEE86574;MERCEDES;SPRINTER;test
M10MCDVPEE87442;MERCEDES;SPRINTER;test
M10MCDVPEE87478;MERCEDES;SPRINTER;test
M10MCDVPEE87539;MERCEDES;SPRINTER;test
M10MCDVPEE87575;MERCEDES;SPRINTER;test
M10MCDVPEE88443;MERCEDES;SPRINTER;test
M10MCDVPEE88479;MERCEDES;SPRINTER;test
M10MCDVPEE88540;MERCEDES;SPRINTER;test
M10MCDVPEE88576;MERCEDES;SPRINTER;test
M10MCDVPEE89444;MERCEDES;SPRINTER;test
M10MCDVPEE89480;MERCEDES;SPRINTER;test
M10MCDVPEE89505;MERCEDES;SPRINTER;test
M10MCDVPEE89541;MERCEDES;SPRINTER;test
M10MCDVPEE8A409;MERCEDES;SPRINTER;test
M10MCDVPEE8A445;MERCEDES;SPRINTER;test
M10MCDVPEE8A506;MERCEDES;SPRINTER;test
M10MCDVPEE8A542;MERCEDES;SPRINTER;test
M10MCDVPEE8B410;MERCEDES;SPRINTER;test
M10MCDVPEE8B446;MERCEDES;SPRINTER;test
M10MCDVPEE8B507;MERCEDES;SPRINTER;test
M10MCDVPEE8B543;MERCEDES;SPRINTER;test
M10MCDVPEE8C411;MERCEDES;SPRINTER;test
M10MCDVPEE8C447;MERCEDES;SPRINTER;test
M10MCDVPEE8C508;MERCEDES;SPRINTER;test
M10MCDVPEE8C544;MERCEDES;SPRINTER;test
M10MCDVPEE8D412;MERCEDES;SPRINTER;test
M10MCDVPEE8D448;MERCEDES;SPRINTER;test
M10MCDVPEE8D509;MERCEDES;SPRINTER;test
M10MCDVPEE8D545;MERCEDES;SPRINTER;test
M10MCDVPEE8E413;MERCEDES;SPRINTER;test
M10MCDVPEE8E449;MERCEDES;SPRINTER;test
M10MCDVPEE8E510;MERCEDES;SPRINTER;test
M10MCDVPEE8E546;MERCEDES;SPRINTER;test
M10MCDVPEE8F414;MERCEDES;SPRINTER;test
M10MCDVPEE8F450;MERCEDES;SPRINTER;test
M10MCDVPEE8F511;MERCEDES;SPRINTER;test
M10MCDVPEE8F547;MERCEDES;SPRINTER;test
M10MCDVPEE8G415;MERCEDES;SPRINTER;test
M10MCDVPEE8G451;MERCEDES;SPRINTER;test
M10MCDVPEE8G512;MERCEDES;SPRINTER;test
M10MCDVPEE8G548;MERCEDES;SPRINTER;test
M10MCDVPEE8H416;MERCEDES;SPRINTER;test
M10MCDVPEE8H452;MERCEDES;SPRINTER;test
M10MCDVPEE8H513;MERCEDES;SPRINTER;test
M10MCDVPEE8H549;MERCEDES;SPRINTER;test
M10MCDVPEE8J417;MERCEDES;SPRINTER;test
M10MCDVPEE8J418;MERCEDES;SPRINTER;test
M10MCDVPEE8J453;MERCEDES;SPRINTER;test
M10MCDVPEE8J454;MERCEDES;SPRINTER;test
M10MCDVPEE8J514;MERCEDES;SPRINTER;test
M10MCDVPEE8J515;MERCEDES;SPRINTER;test
M10MCDVPEE8J550;MERCEDES;SPRINTER;test
M10MCDVPEE8J551;MERCEDES;SPRINTER;test
M10MCDVPEE8K419;MERCEDES;SPRINTER;test
M10MCDVPEE8K455;MERCEDES;SPRINTER;test
M10MCDVPEE8K516;MERCEDES;SPRINTER;test
M10MCDVPEE8K552;MERCEDES;SPRINTER;test
M10MCDVPEE8L420;MERCEDES;SPRINTER;test
M10MCDVPEE8L456;MERCEDES;SPRINTER;test
M10MCDVPEE8L517;MERCEDES;SPRINTER;test
M10MCDVPEE8L553;MERCEDES;SPRINTER;test
M10MCDVPEE8M421;MERCEDES;SPRINTER;test
M10MCDVPEE8M457;MERCEDES;SPRINTER;test
M10MCDVPEE8M518;MERCEDES;SPRINTER;test
M10MCDVPEE8M554;MERCEDES;SPRINTER;test
M10MCDVPEE8N422;MERCEDES;SPRINTER;test
M10MCDVPEE8N458;MERCEDES;SPRINTER;test
M10MCDVPEE8N519;MERCEDES;SPRINTER;test
M10MCDVPEE8N555;MERCEDES;SPRINTER;test
M10MCDVPEE8P423;MERCEDES;SPRINTER;test
M10MCDVPEE8P424;MERCEDES;SPRINTER;test
M10MCDVPEE8P459;MERCEDES;SPRINTER;test
M10MCDVPEE8P460;MERCEDES;SPRINTER;test
M10MCDVPEE8P520;MERCEDES;SPRINTER;test
M10MCDVPEE8P521;MERCEDES;SPRINTER;test
M10MCDVPEE8P556;MERCEDES;SPRINTER;test
M10MCDVPEE8P557;MERCEDES;SPRINTER;test
M10MCDVPEE8R425;MERCEDES;SPRINTER;test
M10MCDVPEE8R426;MERCEDES;SPRINTER;test
M10MCDVPEE8R461;MERCEDES;SPRINTER;test
M10MCDVPEE8R462;MERCEDES;SPRINTER;test
M10MCDVPEE8R522;MERCEDES;SPRINTER;test
M10MCDVPEE8R523;MERCEDES;SPRINTER;test
M10MCDVPEE8R558;MERCEDES;SPRINTER;test
M10MCDVPEE8R559;MERCEDES;SPRINTER;test
M10MCDVPEE8S427;MERCEDES;SPRINTER;test
M10MCDVPEE8S463;MERCEDES;SPRINTER;test
M10MCDVPEE8S524;MERCEDES;SPRINTER;test
M10MCDVPEE8S560;MERCEDES;SPRINTER;test
M10MCDVPEE8T428;MERCEDES;SPRINTER;test
M10MCDVPEE8T464;MERCEDES;SPRINTER;test
M10MCDVPEE8T525;MERCEDES;SPRINTER;test
M10MCDVPEE8T561;MERCEDES;SPRINTER;test
M10MCDVPEE8U429;MERCEDES;SPRINTER;test
M10MCDVPEE8U465;MERCEDES;SPRINTER;test
M10MCDVPEE8U526;MERCEDES;SPRINTER;test
M10MCDVPEE8U562;MERCEDES;SPRINTER;test
M10MCDVPEE8V430;MERCEDES;SPRINTER;test
M10MCDVPEE8V466;MERCEDES;SPRINTER;test
M10MCDVPEE8V527;MERCEDES;SPRINTER;test
M10MCDVPEE8V563;MERCEDES;SPRINTER;test
M10MCDVPEE8W431;MERCEDES;SPRINTER;test
M10MCDVPEE8W467;MERCEDES;SPRINTER;test
M10MCDVPEE8W528;MERCEDES;SPRINTER;test
M10MCDVPEE8W564;MERCEDES;SPRINTER;test
M10MCDVPEE8X432;MERCEDES;SPRINTER;test
M10MCDVPEE8X468;MERCEDES;SPRINTER;test
M10MCDVPEE8X529;MERCEDES;SPRINTER;test
M10MCDVPEE8X565;MERCEDES;SPRINTER;test
M10MCDVPEE8Y433;MERCEDES;SPRINTER;test
M10MCDVPEE8Y469;MERCEDES;SPRINTER;test
M10MCDVPEE8Y530;MERCEDES;SPRINTER;test
M10MCDVPEE8Y566;MERCEDES;SPRINTER;test
M10MCDVPEE8Z434;MERCEDES;SPRINTER;test
M10MCDVPEE8Z470;MERCEDES;SPRINTER;test
M10MCDVPEE8Z531;MERCEDES;SPRINTER;test
M10MCDVPEE8Z567;MERCEDES;SPRINTER;test
M10MCDVPEF00115;MERCEDES;SPRINTER;test
M10MCDVPEF00151;MERCEDES;SPRINTER;test
M10MCDVPEF00187;MERCEDES;SPRINTER;test
M10MCDVPEF01116;MERCEDES;SPRINTER;test
M10MCDVPEF01152;MERCEDES;SPRINTER;test
M10MCDVPEF01188;MERCEDES;SPRINTER;test
M10MCDVPEF02117;MERCEDES;SPRINTER;test
M10MCDVPEF02153;MERCEDES;SPRINTER;test
M10MCDVPEF02189;MERCEDES;SPRINTER;test
M10MCDVPEF03118;MERCEDES;SPRINTER;test
M10MCDVPEF03154;MERCEDES;SPRINTER;test
M10MCDVPEF03190;MERCEDES;SPRINTER;test
M10MCDVPEF04119;MERCEDES;SPRINTER;test
M10MCDVPEF04155;MERCEDES;SPRINTER;test
M10MCDVPEF04191;MERCEDES;SPRINTER;test
M10MCDVPEF05120;MERCEDES;SPRINTER;test
M10MCDVPEF05156;MERCEDES;SPRINTER;test
M10MCDVPEF05192;MERCEDES;SPRINTER;test
M10MCDVPEF06121;MERCEDES;SPRINTER;test
M10MCDVPEF06157;MERCEDES;SPRINTER;test
M10MCDVPEF06193;MERCEDES;SPRINTER;test
M10MCDVPEF07122;MERCEDES;SPRINTER;test
M10MCDVPEF07158;MERCEDES;SPRINTER;test
M10MCDVPEF08123;MERCEDES;SPRINTER;test
M10MCDVPEF08159;MERCEDES;SPRINTER;test
M10MCDVPEF09124;MERCEDES;SPRINTER;test
M10MCDVPEF09160;MERCEDES;SPRINTER;test
M10MCDVPEF0A125;MERCEDES;SPRINTER;test
M10MCDVPEF0A161;MERCEDES;SPRINTER;test
M10MCDVPEF0B126;MERCEDES;SPRINTER;test
M10MCDVPEF0B162;MERCEDES;SPRINTER;test
M10MCDVPEF0C127;MERCEDES;SPRINTER;test
M10MCDVPEF0C163;MERCEDES;SPRINTER;test
M10MCDVPEF0D128;MERCEDES;SPRINTER;test
M10MCDVPEF0D164;MERCEDES;SPRINTER;test
M10MCDVPEF0E129;MERCEDES;SPRINTER;test
M10MCDVPEF0E165;MERCEDES;SPRINTER;test
M10MCDVPEF0F130;MERCEDES;SPRINTER;test
M10MCDVPEF0F166;MERCEDES;SPRINTER;test
M10MCDVPEF0G131;MERCEDES;SPRINTER;test
M10MCDVPEF0G167;MERCEDES;SPRINTER;test
M10MCDVPEF0H132;MERCEDES;SPRINTER;test
M10MCDVPEF0H168;MERCEDES;SPRINTER;test
M10MCDVPEF0J133;MERCEDES;SPRINTER;test
M10MCDVPEF0J134;MERCEDES;SPRINTER;test
M10MCDVPEF0J169;MERCEDES;SPRINTER;test
M10MCDVPEF0J170;MERCEDES;SPRINTER;test
M10MCDVPEF0J194;MERCEDES;SPRINTER;test
M10MCDVPEF0J195;MERCEDES;SPRINTER;test
M10MCDVPEF0K135;MERCEDES;SPRINTER;test
M10MCDVPEF0K171;MERCEDES;SPRINTER;test
M10MCDVPEF0K196;MERCEDES;SPRINTER;test
M10MCDVPEF0L136;MERCEDES;SPRINTER;test
M10MCDVPEF0L172;MERCEDES;SPRINTER;test
M10MCDVPEF0M101;MERCEDES;SPRINTER;test
M10MCDVPEF0M137;MERCEDES;SPRINTER;test
M10MCDVPEF0M173;MERCEDES;SPRINTER;test
M10MCDVPEF0N102;MERCEDES;SPRINTER;test
M10MCDVPEF0N138;MERCEDES;SPRINTER;test
M10MCDVPEF0N174;MERCEDES;SPRINTER;test
M10MCDVPEF0P103;MERCEDES;SPRINTER;test
M10MCDVPEF0P104;MERCEDES;SPRINTER;test
M10MCDVPEF0P139;MERCEDES;SPRINTER;test
M10MCDVPEF0P140;MERCEDES;SPRINTER;test
M10MCDVPEF0P175;MERCEDES;SPRINTER;test
M10MCDVPEF0P176;MERCEDES;SPRINTER;test
M10MCDVPEF0R105;MERCEDES;SPRINTER;test
M10MCDVPEF0R106;MERCEDES;SPRINTER;test
M10MCDVPEF0R141;MERCEDES;SPRINTER;test
M10MCDVPEF0R142;MERCEDES;SPRINTER;test
M10MCDVPEF0R177;MERCEDES;SPRINTER;test
M10MCDVPEF0R178;MERCEDES;SPRINTER;test
M10MCDVPEF0S107;MERCEDES;SPRINTER;test
M10MCDVPEF0S143;MERCEDES;SPRINTER;test
M10MCDVPEF0S179;MERCEDES;SPRINTER;test
M10MCDVPEF0T108;MERCEDES;SPRINTER;test
M10MCDVPEF0T144;MERCEDES;SPRINTER;test
M10MCDVPEF0T180;MERCEDES;SPRINTER;test
M10MCDVPEF0U109;MERCEDES;SPRINTER;test
M10MCDVPEF0U145;MERCEDES;SPRINTER;test
M10MCDVPEF0U181;MERCEDES;SPRINTER;test
M10MCDVPEF0V110;MERCEDES;SPRINTER;test
M10MCDVPEF0V146;MERCEDES;SPRINTER;test
M10MCDVPEF0V182;MERCEDES;SPRINTER;test
M10MCDVPEF0W111;MERCEDES;SPRINTER;test
M10MCDVPEF0W147;MERCEDES;SPRINTER;test
M10MCDVPEF0W183;MERCEDES;SPRINTER;test
M10MCDVPEF0X112;MERCEDES;SPRINTER;test
M10MCDVPEF0X148;MERCEDES;SPRINTER;test
M10MCDVPEF0X184;MERCEDES;SPRINTER;test
M10MCDVPEF0Y113;MERCEDES;SPRINTER;test
M10MCDVPEF0Y149;MERCEDES;SPRINTER;test
M10MCDVPEF0Y185;MERCEDES;SPRINTER;test
M10MCDVPEF0Z114;MERCEDES;SPRINTER;test
M10MCDVPEF0Z150;MERCEDES;SPRINTER;test
M10MCDVPEF0Z186;MERCEDES;SPRINTER;test
M10MCDVPEY40261;MERCEDES;SPRINTER;test
M10MCDVPEY41262;MERCEDES;SPRINTER;test
M10MCDVPEY42263;MERCEDES;SPRINTER;test
M10MCDVPEY43264;MERCEDES;SPRINTER;test
M10MCDVPEY4C237;MERCEDES;SPRINTER;test
M10MCDVPEY4D238;MERCEDES;SPRINTER;test
M10MCDVPEY4E239;MERCEDES;SPRINTER;test
M10MCDVPEY4F240;MERCEDES;SPRINTER;test
M10MCDVPEY4G241;MERCEDES;SPRINTER;test
M10MCDVPEY4H242;MERCEDES;SPRINTER;test
M10MCDVPEY4H303;MERCEDES;SPRINTER;test
M10MCDVPEY4J243;MERCEDES;SPRINTER;test
M10MCDVPEY4J244;MERCEDES;SPRINTER;test
M10MCDVPEY4J304;MERCEDES;SPRINTER;test
M10MCDVPEY4J305;MERCEDES;SPRINTER;test
M10MCDVPEY4K245;MERCEDES;SPRINTER;test
M10MCDVPEY4K306;MERCEDES;SPRINTER;test
M10MCDVPEY4L246;MERCEDES;SPRINTER;test
M10MCDVPEY4L307;MERCEDES;SPRINTER;test
M10MCDVPEY4M247;MERCEDES;SPRINTER;test
M10MCDVPEY4M308;MERCEDES;SPRINTER;test
M10MCDVPEY4N248;MERCEDES;SPRINTER;test
M10MCDVPEY4N309;MERCEDES;SPRINTER;test
M10MCDVPEY4P249;MERCEDES;SPRINTER;test
M10MCDVPEY4P250;MERCEDES;SPRINTER;test
M10MCDVPEY4P310;MERCEDES;SPRINTER;test
M10MCDVPEY4P311;MERCEDES;SPRINTER;test
M10MCDVPEY4R251;MERCEDES;SPRINTER;test
M10MCDVPEY4R252;MERCEDES;SPRINTER;test
M10MCDVPEY4R312;MERCEDES;SPRINTER;test
M10MCDVPEY4R313;MERCEDES;SPRINTER;test
M10MCDVPEY4S253;MERCEDES;SPRINTER;test
M10MCDVPEY4S314;MERCEDES;SPRINTER;test
M10MCDVPEY4T254;MERCEDES;SPRINTER;test
M10MCDVPEY4T315;MERCEDES;SPRINTER;test
M10MCDVPEY4U255;MERCEDES;SPRINTER;test
M10MCDVPEY4U316;MERCEDES;SPRINTER;test
M10MCDVPEY4V256;MERCEDES;SPRINTER;test
M10MCDVPEY4W257;MERCEDES;SPRINTER;test
M10MCDVPEY4X258;MERCEDES;SPRINTER;test
M10MCDVPEY4Y259;MERCEDES;SPRINTER;test
M10MCDVPEY4Z260;MERCEDES;SPRINTER;test
M10MCDVPKX70738;MERCEDES;SPRINTER;test
M10MCDVPKX71739;MERCEDES;SPRINTER;test
M10MCDVPKX72740;MERCEDES;SPRINTER;test
M10MCDVPKX73741;MERCEDES;SPRINTER;test
M10MCDVPKX74742;MERCEDES;SPRINTER;test
M10MCDVPKX75743;MERCEDES;SPRINTER;test
M10MCDVPKX76744;MERCEDES;SPRINTER;test
M10MCDVPKX77745;MERCEDES;SPRINTER;test
M10MCDVPKX78746;MERCEDES;SPRINTER;test
M10MCDVPKX79747;MERCEDES;SPRINTER;test
M10MCDVPKX7A748;MERCEDES;SPRINTER;test
M10MCDVPKX7N725;MERCEDES;SPRINTER;test
M10MCDVPKX7P726;MERCEDES;SPRINTER;test
M10MCDVPKX7P727;MERCEDES;SPRINTER;test
M10MCDVPKX7R728;MERCEDES;SPRINTER;test
M10MCDVPKX7R729;MERCEDES;SPRINTER;test
M10MCDVPKX7S730;MERCEDES;SPRINTER;test
M10MCDVPKX7T731;MERCEDES;SPRINTER;test
M10MCDVPKX7U732;MERCEDES;SPRINTER;test
M10MCDVPKX7V733;MERCEDES;SPRINTER;test
M10MCDVPKX7W734;MERCEDES;SPRINTER;test
M10MCDVPKX7X735;MERCEDES;SPRINTER;test
M10MCDVPKX7Y736;MERCEDES;SPRINTER;test
M10MCDVPKX7Z737;MERCEDES;SPRINTER;test
M10MCDVPKX80191;MERCEDES;SPRINTER;test
M10MCDVPKX81192;MERCEDES;SPRINTER;test
M10MCDVPKX82193;MERCEDES;SPRINTER;test
M10MCDVPKX8E194;MERCEDES;SPRINTER;test
M10MCDVPKX8F195;MERCEDES;SPRINTER;test
M10MCDVPKX8G196;MERCEDES;SPRINTER;test
M10MCDVPKX8H197;MERCEDES;SPRINTER;test
M10MCDVPKX8J198;MERCEDES;SPRINTER;test
M10MCDVPKX8J199;MERCEDES;SPRINTER;test
M10MCDVPKX8K200;MERCEDES;SPRINTER;test
M10MCDVPKX8L201;MERCEDES;SPRINTER;test
M10MCDVPKX8M202;MERCEDES;SPRINTER;test
M10MCDVPKX8N203;MERCEDES;SPRINTER;test
M10MCDVPKX8P204;MERCEDES;SPRINTER;test
M10MCDVPKX8P205;MERCEDES;SPRINTER;test
M10MCDVPKX8R206;MERCEDES;SPRINTER;test
M10MCDVPPX50602;MERCEDES;SPRINTER;test
M10MCDVPPX51578;MERCEDES;SPRINTER;test
M10MCDVPPX51603;MERCEDES;SPRINTER;test
M10MCDVPPX52579;MERCEDES;SPRINTER;test
M10MCDVPPX52604;MERCEDES;SPRINTER;test
M10MCDVPPX53580;MERCEDES;SPRINTER;test
M10MCDVPPX53605;MERCEDES;SPRINTER;test
M10MCDVPPX54581;MERCEDES;SPRINTER;test
M10MCDVPPX54606;MERCEDES;SPRINTER;test
M10MCDVPPX55607;MERCEDES;SPRINTER;test
M10MCDVPPX56608;MERCEDES;SPRINTER;test
M10MCDVPPX57609;MERCEDES;SPRINTER;test
M10MCDVPPX58610;MERCEDES;SPRINTER;test
M10MCDVPPX59611;MERCEDES;SPRINTER;test
M10MCDVPPX5A612;MERCEDES;SPRINTER;test
M10MCDVPPX5B613;MERCEDES;SPRINTER;test
M10MCDVPPX5C614;MERCEDES;SPRINTER;test
M10MCDVPPX5D615;MERCEDES;SPRINTER;test
M10MCDVPPX5E616;MERCEDES;SPRINTER;test
M10MCDVPPX5F617;MERCEDES;SPRINTER;test
M10MCDVPPX5G582;MERCEDES;SPRINTER;test
M10MCDVPPX5G618;MERCEDES;SPRINTER;test
M10MCDVPPX5H583;MERCEDES;SPRINTER;test
M10MCDVPPX5H619;MERCEDES;SPRINTER;test
M10MCDVPPX5J584;MERCEDES;SPRINTER;test
M10MCDVPPX5J585;MERCEDES;SPRINTER;test
M10MCDVPPX5J620;MERCEDES;SPRINTER;test
M10MCDVPPX5J621;MERCEDES;SPRINTER;test
M10MCDVPPX5K586;MERCEDES;SPRINTER;test
M10MCDVPPX5K622;MERCEDES;SPRINTER;test
M10MCDVPPX5L587;MERCEDES;SPRINTER;test
M10MCDVPPX5L623;MERCEDES;SPRINTER;test
M10MCDVPPX5M588;MERCEDES;SPRINTER;test
M10MCDVPPX5M624;MERCEDES;SPRINTER;test
M10MCDVPPX5N589;MERCEDES;SPRINTER;test
M10MCDVPPX5N625;MERCEDES;SPRINTER;test
M10MCDVPPX5P590;MERCEDES;SPRINTER;test
M10MCDVPPX5P591;MERCEDES;SPRINTER;test
M10MCDVPPX5P626;MERCEDES;SPRINTER;test
M10MCDVPPX5P627;MERCEDES;SPRINTER;test
M10MCDVPPX5R592;MERCEDES;SPRINTER;test
M10MCDVPPX5R593;MERCEDES;SPRINTER;test
M10MCDVPPX5R628;MERCEDES;SPRINTER;test
M10MCDVPPX5R629;MERCEDES;SPRINTER;test
M10MCDVPPX5S594;MERCEDES;SPRINTER;test
M10MCDVPPX5S630;MERCEDES;SPRINTER;test
M10MCDVPPX5T595;MERCEDES;SPRINTER;test
M10MCDVPPX5T631;MERCEDES;SPRINTER;test
M10MCDVPPX5U596;MERCEDES;SPRINTER;test
M10MCDVPPX5U632;MERCEDES;SPRINTER;test
M10MCDVPPX5V597;MERCEDES;SPRINTER;test
M10MCDVPPX5V633;MERCEDES;SPRINTER;test
M10MCDVPPX5W598;MERCEDES;SPRINTER;test
M10MCDVPPX5X599;MERCEDES;SPRINTER;test
M10MCDVPPX5Y600;MERCEDES;SPRINTER;test
M10MCDVPPX5Z601;MERCEDES;SPRINTER;test
M10MCDVPPS10708;MERCEDES;VITO;entrainement
M10MCDVPPS11709;MERCEDES;VITO;entrainement
M10MCDVPPS12710;MERCEDES;VITO;entrainement
M10MCDVPPS13711;MERCEDES;VITO;entrainement
M10MCDVPPS14712;MERCEDES;VITO;entrainement
M10MCDVPPS15713;MERCEDES;VITO;entrainement
M10MCDVPPS16714;MERCEDES;VITO;entrainement
M10MCDVPPS17715;MERCEDES;VITO;entrainement
M10MCDVPPS18716;MERCEDES;VITO;entrainement
M10MCDVPPS19717;MERCEDES;VITO;entrainement
M10MCDVPPS1A718;MERCEDES;VITO;entrainement
M10MCDVPPS1B719;MERCEDES;VITO;entrainement
M10MCDVPPS1C720;MERCEDES;VITO;entrainement
M10MCDVPPS1D721;MERCEDES;VITO;entrainement
M10MCDVPPS1E722;MERCEDES;VITO;entrainement
M10MCDVPPS1F723;MERCEDES;VITO;entrainement
M10MCDVPPS1G724;MERCEDES;VITO;entrainement
M10MCDVPPS1H725;MERCEDES;VITO;entrainement
M10MCDVPPS1J726;MERCEDES;VITO;entrainement
M10MCDVPPS1S700;MERCEDES;VITO;entrainement
M10MCDVPPS1T701;MERCEDES;VITO;entrainement
M10MCDVPPS1U702;MERCEDES;VITO;entrainement
M10MCDVPPS1V703;MERCEDES;VITO;entrainement
M10MCDVPPS1W704;MERCEDES;VITO;entrainement
M10MCDVPPS1X705;MERCEDES;VITO;entrainement
M10MCDVPPS1Y706;MERCEDES;VITO;entrainement
M10MCDVPPS1Z707;MERCEDES;VITO;entrainement
M10MCDVPPS20840;MERCEDES;VITO;entrainement
M10MCDVPPS21841;MERCEDES;VITO;entrainement
M10MCDVPPS22842;MERCEDES;VITO;entrainement
M10MCDVPPS23843;MERCEDES;VITO;entrainement
M10MCDVPPS24844;MERCEDES;VITO;entrainement
M10MCDVPPS25845;MERCEDES;VITO;entrainement
M10MCDVPPS26846;MERCEDES;VITO;entrainement
M10MCDVPPS27847;MERCEDES;VITO;entrainement
M10MCDVPPS28848;MERCEDES;VITO;entrainement
M10MCDVPPS28873;MERCEDES;VITO;entrainement
M10MCDVPPS29849;MERCEDES;VITO;entrainement
M10MCDVPPS29874;MERCEDES;VITO;entrainement
M10MCDVPPS2A850;MERCEDES;VITO;entrainement
M10MCDVPPS2A875;MERCEDES;VITO;entrainement
M10MCDVPPS2B851;MERCEDES;VITO;entrainement
M10MCDVPPS2B876;MERCEDES;VITO;entrainement
M10MCDVPPS2C852;MERCEDES;VITO;entrainement
M10MCDVPPS2C877;MERCEDES;VITO;entrainement
M10MCDVPPS2D853;MERCEDES;VITO;entrainement
M10MCDVPPS2D878;MERCEDES;VITO;entrainement
M10MCDVPPS2E854;MERCEDES;VITO;entrainement
M10MCDVPPS2E879;MERCEDES;VITO;entrainement
M10MCDVPPS2F855;MERCEDES;VITO;entrainement
M10MCDVPPS2F880;MERCEDES;VITO;entrainement
M10MCDVPPS2G856;MERCEDES;VITO;entrainement
M10MCDVPPS2G881;MERCEDES;VITO;entrainement
M10MCDVPPS2H857;MERCEDES;VITO;entrainement
M10MCDVPPS2H882;MERCEDES;VITO;entrainement
M10MCDVPPS2J858;MERCEDES;VITO;entrainement
M10MCDVPPS2J859;MERCEDES;VITO;entrainement
M10MCDVPPS2J883;MERCEDES;VITO;entrainement
M10MCDVPPS2J884;MERCEDES;VITO;entrainement
M10MCDVPPS2K860;MERCEDES;VITO;entrainement
M10MCDVPPS2L861;MERCEDES;VITO;entrainement
M10MCDVPPS2M862;MERCEDES;VITO;entrainement
M10MCDVPPS2N863;MERCEDES;VITO;entrainement
M10MCDVPPS2P864;MERCEDES;VITO;entrainement
M10MCDVPPS2P865;MERCEDES;VITO;entrainement
M10MCDVPPS2R831;MERCEDES;VITO;entrainement
M10MCDVPPS2R866;MERCEDES;VITO;entrainement
M10MCDVPPS2R867;MERCEDES;VITO;entrainement
M10MCDVPPS2S832;MERCEDES;VITO;entrainement
M10MCDVPPS2S868;MERCEDES;VITO;entrainement
M10MCDVPPS2T833;MERCEDES;VITO;entrainement
M10MCDVPPS2T869;MERCEDES;VITO;entrainement
M10MCDVPPS2U834;MERCEDES;VITO;entrainement
M10MCDVPPS2U870;MERCEDES;VITO;entrainement
M10MCDVPPS2V835;MERCEDES;VITO;entrainement
M10MCDVPPS2V871;MERCEDES;VITO;entrainement
M10MCDVPPS2W836;MERCEDES;VITO;entrainement
M10MCDVPPS2W872;MERCEDES;VITO;entrainement
M10MCDVPPS2X837;MERCEDES;VITO;entrainement
M10MCDVPPS2Y838;MERCEDES;VITO;entrainement
M10MCDVPPS2Z839;MERCEDES;VITO;entrainement
M10MCDVPPS10744;MERCEDES;VITO;entrainement
M10MCDVPPS11745;MERCEDES;VITO;entrainement
M10MCDVPPS12746;MERCEDES;VITO;entrainement
M10MCDVPPS13747;MERCEDES;VITO;entrainement
M10MCDVPPS14748;MERCEDES;VITO;entrainement
M10MCDVPPS15749;MERCEDES;VITO;entrainement
M10MCDVPPS16750;MERCEDES;VITO;entrainement
M10MCDVPPS17751;MERCEDES;VITO;entrainement
M10MCDVPPS18752;MERCEDES;VITO;entrainement
M10MCDVPPS19753;MERCEDES;VITO;entrainement
M10MCDVPPS1J727;MERCEDES;VITO;entrainement
M10MCDVPPS1K728;MERCEDES;VITO;entrainement
M10MCDVPPS1L729;MERCEDES;VITO;entrainement
M10MCDVPPS1M730;MERCEDES;VITO;entrainement
M10MCDVPPS1N731;MERCEDES;VITO;entrainement
M10MCDVPPS1P732;MERCEDES;VITO;entrainement
M10MCDVPPS1P733;MERCEDES;VITO;entrainement
M10MCDVPPS1R734;MERCEDES;VITO;entrainement
M10MCDVPPS1R735;MERCEDES;VITO;entrainement
M10MCDVPPS1S736;MERCEDES;VITO;entrainement
M10MCDVPPS1T737;MERCEDES;VITO;entrainement
M10MCDVPPS1U738;MERCEDES;VITO;entrainement
M10MCDVPPS1V739;MERCEDES;VITO;entrainement
M10MCDVPPS1W740;MERCEDES;VITO;entrainement
M10MCDVPPS1X741;MERCEDES;VITO;entrainement
M10MCDVPPS1Y742;MERCEDES;VITO;entrainement
M10MCDVPPS1Z743;MERCEDES;VITO;entrainement
M10MCDVPPS20901;MERCEDES;VITO;entrainement
M10MCDVPPS20937;MERCEDES;VITO;entrainement
M10MCDVPPS21902;MERCEDES;VITO;entrainement
M10MCDVPPS21938;MERCEDES;VITO;entrainement
M10MCDVPPS22903;MERCEDES;VITO;entrainement
M10MCDVPPS23904;MERCEDES;VITO;entrainement
M10MCDVPPS24905;MERCEDES;VITO;entrainement
M10MCDVPPS25906;MERCEDES;VITO;entrainement
M10MCDVPPS26907;MERCEDES;VITO;entrainement
M10MCDVPPS27908;MERCEDES;VITO;entrainement
M10MCDVPPS28909;MERCEDES;VITO;entrainement
M10MCDVPPS29910;MERCEDES;VITO;entrainement
M10MCDVPPS2A911;MERCEDES;VITO;entrainement
M10MCDVPPS2B912;MERCEDES;VITO;entrainement
M10MCDVPPS2C913;MERCEDES;VITO;entrainement
M10MCDVPPS2D914;MERCEDES;VITO;entrainement
M10MCDVPPS2E915;MERCEDES;VITO;entrainement
M10MCDVPPS2F916;MERCEDES;VITO;entrainement
M10MCDVPPS2G917;MERCEDES;VITO;entrainement
M10MCDVPPS2H918;MERCEDES;VITO;entrainement
M10MCDVPPS2J919;MERCEDES;VITO;entrainement
M10MCDVPPS2J920;MERCEDES;VITO;entrainement
M10MCDVPPS2K885;MERCEDES;VITO;entrainement
M10MCDVPPS2K921;MERCEDES;VITO;entrainement
M10MCDVPPS2L886;MERCEDES;VITO;entrainement
M10MCDVPPS2L922;MERCEDES;VITO;entrainement
M10MCDVPPS2M887;MERCEDES;VITO;entrainement
M10MCDVPPS2M923;MERCEDES;VITO;entrainement
M10MCDVPPS2N888;MERCEDES;VITO;entrainement
M10MCDVPPS2N924;MERCEDES;VITO;entrainement
M10MCDVPPS2P889;MERCEDES;VITO;entrainement
M10MCDVPPS2P890;MERCEDES;VITO;entrainement
M10MCDVPPS2P925;MERCEDES;VITO;entrainement
M10MCDVPPS2P926;MERCEDES;VITO;entrainement
M10MCDVPPS2R891;MERCEDES;VITO;entrainement
M10MCDVPPS2R892;MERCEDES;VITO;entrainement
M10MCDVPPS2R927;MERCEDES;VITO;entrainement
M10MCDVPPS2R928;MERCEDES;VITO;entrainement
M10MCDVPPS2S893;MERCEDES;VITO;entrainement
M10MCDVPPS2S929;MERCEDES;VITO;entrainement
M10MCDVPPS2T894;MERCEDES;VITO;entrainement
M10MCDVPPS2T930;MERCEDES;VITO;entrainement
M10MCDVPPS2U895;MERCEDES;VITO;entrainement
M10MCDVPPS2U931;MERCEDES;VITO;entrainement
M10MCDVPPS2V896;MERCEDES;VITO;entrainement
M10MCDVPPS2V932;MERCEDES;VITO;entrainement
M10MCDVPPS2W897;MERCEDES;VITO;entrainement
M10MCDVPPS2W933;MERCEDES;VITO;entrainement
M10MCDVPPS2X898;MERCEDES;VITO;entrainement
M10MCDVPPS2X934;MERCEDES;VITO;entrainement
M10MCDVPPS2Y899;MERCEDES;VITO;entrainement
M10MCDVPPS2Y935;MERCEDES;VITO;entrainement
M10MCDVPPS2Z900;MERCEDES;VITO;entrainement
M10MCDVPPS2Z936;MERCEDES;VITO;entrainement
M10MCDVPLK50874;MERCEDES;VITO;entrainement
M10MCDVPLK50910;MERCEDES;VITO;entrainement
M10MCDVPLK50946;MERCEDES;VITO;entrainement
M10MCDVPLK50971;MERCEDES;VITO;entrainement
M10MCDVPLK51875;MERCEDES;VITO;entrainement
M10MCDVPLK51911;MERCEDES;VITO;entrainement
M10MCDVPLK51947;MERCEDES;VITO;entrainement
M10MCDVPLK51972;MERCEDES;VITO;entrainement
M10MCDVPLK52876;MERCEDES;VITO;entrainement
M10MCDVPLK52912;MERCEDES;VITO;entrainement
M10MCDVPLK52948;MERCEDES;VITO;entrainement
M10MCDVPLK52973;MERCEDES;VITO;entrainement
M10MCDVPLK53877;MERCEDES;VITO;entrainement
M10MCDVPLK53913;MERCEDES;VITO;entrainement
M10MCDVPLK53949;MERCEDES;VITO;entrainement
M10MCDVPLK53974;MERCEDES;VITO;entrainement
M10MCDVPLK54878;MERCEDES;VITO;entrainement
M10MCDVPLK54914;MERCEDES;VITO;entrainement
M10MCDVPLK54950;MERCEDES;VITO;entrainement
M10MCDVPLK54975;MERCEDES;VITO;entrainement
M10MCDVPLK55879;MERCEDES;VITO;entrainement
M10MCDVPLK55915;MERCEDES;VITO;entrainement
M10MCDVPLK55951;MERCEDES;VITO;entrainement
M10MCDVPLK55976;MERCEDES;VITO;entrainement
M10MCDVPLK56880;MERCEDES;VITO;entrainement
M10MCDVPLK56916;MERCEDES;VITO;entrainement
M10MCDVPLK56952;MERCEDES;VITO;entrainement
M10MCDVPLK56977;MERCEDES;VITO;entrainement
M10MCDVPLK57881;MERCEDES;VITO;entrainement
M10MCDVPLK57917;MERCEDES;VITO;entrainement
M10MCDVPLK57953;MERCEDES;VITO;entrainement
M10MCDVPLK57978;MERCEDES;VITO;entrainement
M10MCDVPLK58882;MERCEDES;VITO;entrainement
M10MCDVPLK58918;MERCEDES;VITO;entrainement
M10MCDVPLK58954;MERCEDES;VITO;entrainement
M10MCDVPLK58979;MERCEDES;VITO;entrainement
M10MCDVPLK59883;MERCEDES;VITO;entrainement
M10MCDVPLK59919;MERCEDES;VITO;entrainement
M10MCDVPLK59955;MERCEDES;VITO;entrainement
M10MCDVPLK59980;MERCEDES;VITO;entrainement
M10MCDVPLK5A859;MERCEDES;VITO;entrainement
M10MCDVPLK5A884;MERCEDES;VITO;entrainement
M10MCDVPLK5A920;MERCEDES;VITO;entrainement
M10MCDVPLK5A956;MERCEDES;VITO;entrainement
M10MCDVPLK5A981;MERCEDES;VITO;entrainement
M10MCDVPLK5B860;MERCEDES;VITO;entrainement
M10MCDVPLK5B885;MERCEDES;VITO;entrainement
M10MCDVPLK5B921;MERCEDES;VITO;entrainement
M10MCDVPLK5B957;MERCEDES;VITO;entrainement
M10MCDVPLK5B982;MERCEDES;VITO;entrainement
M10MCDVPLK5C861;MERCEDES;VITO;entrainement
M10MCDVPLK5C886;MERCEDES;VITO;entrainement
M10MCDVPLK5C922;MERCEDES;VITO;entrainement
M10MCDVPLK5C958;MERCEDES;VITO;entrainement
M10MCDVPLK5C983;MERCEDES;VITO;entrainement
M10MCDVPLK5D862;MERCEDES;VITO;entrainement
M10MCDVPLK5D887;MERCEDES;VITO;entrainement
M10MCDVPLK5D923;MERCEDES;VITO;entrainement
M10MCDVPLK5D959;MERCEDES;VITO;entrainement
M10MCDVPLK5D984;MERCEDES;VITO;entrainement
M10MCDVPLK5E863;MERCEDES;VITO;entrainement
M10MCDVPLK5E888;MERCEDES;VITO;entrainement
M10MCDVPLK5E924;MERCEDES;VITO;entrainement
M10MCDVPLK5E960;MERCEDES;VITO;entrainement
M10MCDVPLK5E985;MERCEDES;VITO;entrainement
M10MCDVPLK5F864;MERCEDES;VITO;entrainement
M10MCDVPLK5F889;MERCEDES;VITO;entrainement
M10MCDVPLK5F925;MERCEDES;VITO;entrainement
M10MCDVPLK5F961;MERCEDES;VITO;entrainement
M10MCDVPLK5F986;MERCEDES;VITO;entrainement
M10MCDVPLK5G865;MERCEDES;VITO;entrainement
M10MCDVPLK5G890;MERCEDES;VITO;entrainement
M10MCDVPLK5G926;MERCEDES;VITO;entrainement
M10MCDVPLK5G962;MERCEDES;VITO;entrainement
M10MCDVPLK5G987;MERCEDES;VITO;entrainement
M10MCDVPLK5H866;MERCEDES;VITO;entrainement
M10MCDVPLK5H891;MERCEDES;VITO;entrainement
M10MCDVPLK5H927;MERCEDES;VITO;entrainement
M10MCDVPLK5H963;MERCEDES;VITO;entrainement
M10MCDVPLK5H988;MERCEDES;VITO;entrainement
M10MCDVPLK5J867;MERCEDES;VITO;entrainement
M10MCDVPLK5J868;MERCEDES;VITO;entrainement
M10MCDVPLK5J892;MERCEDES;VITO;entrainement
M10MCDVPLK5J893;MERCEDES;VITO;entrainement
M10MCDVPLK5J928;MERCEDES;VITO;entrainement
M10MCDVPLK5J929;MERCEDES;VITO;entrainement
M10MCDVPLK5J964;MERCEDES;VITO;entrainement
M10MCDVPLK5J965;MERCEDES;VITO;entrainement
M10MCDVPLK5J989;MERCEDES;VITO;entrainement
M10MCDVPLK5J990;MERCEDES;VITO;entrainement
M10MCDVPLK5K869;MERCEDES;VITO;entrainement
M10MCDVPLK5K894;MERCEDES;VITO;entrainement
M10MCDVPLK5K930;MERCEDES;VITO;entrainement
M10MCDVPLK5K966;MERCEDES;VITO;entrainement
M10MCDVPLK5K991;MERCEDES;VITO;entrainement
M10MCDVPLK5L870;MERCEDES;VITO;entrainement
M10MCDVPLK5L895;MERCEDES;VITO;entrainement
M10MCDVPLK5L931;MERCEDES;VITO;entrainement
M10MCDVPLK5L967;MERCEDES;VITO;entrainement
M10MCDVPLK5L992;MERCEDES;VITO;entrainement
M10MCDVPLK5M871;MERCEDES;VITO;entrainement
M10MCDVPLK5M896;MERCEDES;VITO;entrainement
M10MCDVPLK5M932;MERCEDES;VITO;entrainement
M10MCDVPLK5M968;MERCEDES;VITO;entrainement
M10MCDVPLK5M993;MERCEDES;VITO;entrainement
M10MCDVPLK5N872;MERCEDES;VITO;entrainement
M10MCDVPLK5N897;MERCEDES;VITO;entrainement
M10MCDVPLK5N933;MERCEDES;VITO;entrainement
M10MCDVPLK5N969;MERCEDES;VITO;entrainement
M10MCDVPLK5N994;MERCEDES;VITO;entrainement
M10MCDVPLK5P898;MERCEDES;VITO;entrainement
M10MCDVPLK5P899;MERCEDES;VITO;entrainement
M10MCDVPLK5P934;MERCEDES;VITO;entrainement
M10MCDVPLK5P935;MERCEDES;VITO;entrainement
M10MCDVPLK5P995;MERCEDES;VITO;entrainement
M10MCDVPLK5P996;MERCEDES;VITO;entrainement
M10MCDVPLK5R900;MERCEDES;VITO;entrainement
M10MCDVPLK5R901;MERCEDES;VITO;entrainement
M10MCDVPLK5R936;MERCEDES;VITO;entrainement
M10MCDVPLK5R937;MERCEDES;VITO;entrainement
M10MCDVPLK5R997;MERCEDES;VITO;entrainement
M10MCDVPLK5R998;MERCEDES;VITO;entrainement
M10MCDVPLK5S902;MERCEDES;VITO;entrainement
M10MCDVPLK5S938;MERCEDES;VITO;entrainement
M10MCDVPLK5S999;MERCEDES;VITO;entrainement
M10MCDVPLK5T903;MERCEDES;VITO;entrainement
M10MCDVPLK5T939;MERCEDES;VITO;entrainement
M10MCDVPLK5U904;MERCEDES;VITO;entrainement
M10MCDVPLK5U940;MERCEDES;VITO;entrainement
M10MCDVPLK5V905;MERCEDES;VITO;entrainement
M10MCDVPLK5V941;MERCEDES;VITO;entrainement
M10MCDVPLK5W906;MERCEDES;VITO;entrainement
M10MCDVPLK5W942;MERCEDES;VITO;entrainement
M10MCDVPLK5X907;MERCEDES;VITO;entrainement
M10MCDVPLK5X943;MERCEDES;VITO;entrainement
M10MCDVPLK5Y908;MERCEDES;VITO;entrainement
M10MCDVPLK5Y944;MERCEDES;VITO;entrainement
M10MCDVPLK5Z873;MERCEDES;VITO;entrainement
M10MCDVPLK5Z909;MERCEDES;VITO;entrainement
M10MCDVPLK5Z945;MERCEDES;VITO;entrainement
M10MCDVPLK5Z970;MERCEDES;VITO;entrainement
M10MCDVPLK60000;MERCEDES;VITO;entrainement
M10MCDVPLK60036;MERCEDES;VITO;entrainement
M10MCDVPLK61001;MERCEDES;VITO;entrainement
M10MCDVPLK61037;MERCEDES;VITO;entrainement
M10MCDVPLK62002;MERCEDES;VITO;entrainement
M10MCDVPLK62038;MERCEDES;VITO;entrainement
M10MCDVPLK63003;MERCEDES;VITO;entrainement
M10MCDVPLK63039;MERCEDES;VITO;entrainement
M10MCDVPLK64004;MERCEDES;VITO;entrainement
M10MCDVPLK64040;MERCEDES;VITO;entrainement
M10MCDVPLK65005;MERCEDES;VITO;entrainement
M10MCDVPLK65041;MERCEDES;VITO;entrainement
M10MCDVPLK66006;MERCEDES;VITO;entrainement
M10MCDVPLK66042;MERCEDES;VITO;entrainement
M10MCDVPLK67007;MERCEDES;VITO;entrainement
M10MCDVPLK67043;MERCEDES;VITO;entrainement
M10MCDVPLK68008;MERCEDES;VITO;entrainement
M10MCDVPLK68044;MERCEDES;VITO;entrainement
M10MCDVPLK69009;MERCEDES;VITO;entrainement
M10MCDVPLK69045;MERCEDES;VITO;entrainement
M10MCDVPLK6A010;MERCEDES;VITO;entrainement
M10MCDVPLK6A046;MERCEDES;VITO;entrainement
M10MCDVPLK6B011;MERCEDES;VITO;entrainement
M10MCDVPLK6B047;MERCEDES;VITO;entrainement
M10MCDVPLK6C012;MERCEDES;VITO;entrainement
M10MCDVPLK6C048;MERCEDES;VITO;entrainement
M10MCDVPLK6D013;MERCEDES;VITO;entrainement
M10MCDVPLK6D049;MERCEDES;VITO;entrainement
M10MCDVPLK6E014;MERCEDES;VITO;entrainement
M10MCDVPLK6E050;MERCEDES;VITO;entrainement
M10MCDVPLK6F015;MERCEDES;VITO;entrainement
M10MCDVPLK6G016;MERCEDES;VITO;entrainement
M10MCDVPLK6H017;MERCEDES;VITO;entrainement
M10MCDVPLK6J018;MERCEDES;VITO;entrainement
M10MCDVPLK6J019;MERCEDES;VITO;entrainement
M10MCDVPLK6K020;MERCEDES;VITO;entrainement
M10MCDVPLK6L021;MERCEDES;VITO;entrainement
M10MCDVPLK6M022;MERCEDES;VITO;entrainement
M10MCDVPLK6N023;MERCEDES;VITO;entrainement
M10MCDVPLK6P024;MERCEDES;VITO;entrainement
M10MCDVPLK6P025;MERCEDES;VITO;entrainement
M10MCDVPLK6R026;MERCEDES;VITO;entrainement
M10MCDVPLK6R027;MERCEDES;VITO;entrainement
M10MCDVPLK6S028;MERCEDES;VITO;entrainement
M10MCDVPLK6T029;MERCEDES;VITO;entrainement
M10MCDVPLK6U030;MERCEDES;VITO;entrainement
M10MCDVPLK6V031;MERCEDES;VITO;entrainement
M10MCDVPLK6W032;MERCEDES;VITO;entrainement
M10MCDVPLK6X033;MERCEDES;VITO;entrainement
M10MCDVPLK6Y034;MERCEDES;VITO;entrainement
M10MCDVPLK6Z035;MERCEDES;VITO;entrainement
M10MCDVPPS20549;MERCEDES;VITO;entrainement
M10MCDVPPS20610;MERCEDES;VITO;entrainement
M10MCDVPPS20646;MERCEDES;VITO;entrainement
M10MCDVPPS21550;MERCEDES;VITO;entrainement
M10MCDVPPS21611;MERCEDES;VITO;entrainement
M10MCDVPPS21647;MERCEDES;VITO;entrainement
M10MCDVPPS22551;MERCEDES;VITO;entrainement
M10MCDVPPS22612;MERCEDES;VITO;entrainement
M10MCDVPPS22648;MERCEDES;VITO;entrainement
M10MCDVPPS23552;MERCEDES;VITO;entrainement
M10MCDVPPS23613;MERCEDES;VITO;entrainement
M10MCDVPPS23649;MERCEDES;VITO;entrainement
M10MCDVPPS24553;MERCEDES;VITO;entrainement
M10MCDVPPS24614;MERCEDES;VITO;entrainement
M10MCDVPPS24650;MERCEDES;VITO;entrainement
M10MCDVPPS25554;MERCEDES;VITO;entrainement
M10MCDVPPS25615;MERCEDES;VITO;entrainement
M10MCDVPPS25651;MERCEDES;VITO;entrainement
M10MCDVPPS26555;MERCEDES;VITO;entrainement
M10MCDVPPS26616;MERCEDES;VITO;entrainement
M10MCDVPPS26652;MERCEDES;VITO;entrainement
M10MCDVPPS27556;MERCEDES;VITO;entrainement
M10MCDVPPS27617;MERCEDES;VITO;entrainement
M10MCDVPPS27653;MERCEDES;VITO;entrainement
M10MCDVPPS28557;MERCEDES;VITO;entrainement
M10MCDVPPS28582;MERCEDES;VITO;entrainement
M10MCDVPPS28618;MERCEDES;VITO;entrainement
M10MCDVPPS28654;MERCEDES;VITO;entrainement
M10MCDVPPS28679;MERCEDES;VITO;entrainement
M10MCDVPPS29558;MERCEDES;VITO;entrainement
M10MCDVPPS29583;MERCEDES;VITO;entrainement
M10MCDVPPS29619;MERCEDES;VITO;entrainement
M10MCDVPPS29655;MERCEDES;VITO;entrainement
M10MCDVPPS29680;MERCEDES;VITO;entrainement
M10MCDVPPS2A559;MERCEDES;VITO;entrainement
M10MCDVPPS2A584;MERCEDES;VITO;entrainement
M10MCDVPPS2A620;MERCEDES;VITO;entrainement
M10MCDVPPS2A656;MERCEDES;VITO;entrainement
M10MCDVPPS2A681;MERCEDES;VITO;entrainement
M10MCDVPPS2B560;MERCEDES;VITO;entrainement
M10MCDVPPS2B585;MERCEDES;VITO;entrainement
M10MCDVPPS2B621;MERCEDES;VITO;entrainement
M10MCDVPPS2B657;MERCEDES;VITO;entrainement
M10MCDVPPS2B682;MERCEDES;VITO;entrainement
M10MCDVPPS2C525;MERCEDES;VITO;entrainement
M10MCDVPPS2C561;MERCEDES;VITO;entrainement
M10MCDVPPS2C586;MERCEDES;VITO;entrainement
M10MCDVPPS2C622;MERCEDES;VITO;entrainement
M10MCDVPPS2C658;MERCEDES;VITO;entrainement
M10MCDVPPS2C683;MERCEDES;VITO;entrainement
M10MCDVPPS2D526;MERCEDES;VITO;entrainement
M10MCDVPPS2D562;MERCEDES;VITO;entrainement
M10MCDVPPS2D587;MERCEDES;VITO;entrainement
M10MCDVPPS2D623;MERCEDES;VITO;entrainement
M10MCDVPPS2D659;MERCEDES;VITO;entrainement
M10MCDVPPS2D684;MERCEDES;VITO;entrainement
M10MCDVPPS2E527;MERCEDES;VITO;entrainement
M10MCDVPPS2E563;MERCEDES;VITO;entrainement
M10MCDVPPS2E588;MERCEDES;VITO;entrainement
M10MCDVPPS2E624;MERCEDES;VITO;entrainement
M10MCDVPPS2E660;MERCEDES;VITO;entrainement
M10MCDVPPS2E685;MERCEDES;VITO;entrainement
M10MCDVPPS2F528;MERCEDES;VITO;entrainement
M10MCDVPPS2F564;MERCEDES;VITO;entrainement
M10MCDVPPS2F589;MERCEDES;VITO;entrainement
M10MCDVPPS2F625;MERCEDES;VITO;entrainement
M10MCDVPPS2F661;MERCEDES;VITO;entrainement
M10MCDVPPS2F686;MERCEDES;VITO;entrainement
M10MCDVPPS2G529;MERCEDES;VITO;entrainement
M10MCDVPPS2G565;MERCEDES;VITO;entrainement
M10MCDVPPS2G590;MERCEDES;VITO;entrainement
M10MCDVPPS2G626;MERCEDES;VITO;entrainement
M10MCDVPPS2G662;MERCEDES;VITO;entrainement
M10MCDVPPS2G687;MERCEDES;VITO;entrainement
M10MCDVPPS2H530;MERCEDES;VITO;entrainement
M10MCDVPPS2H566;MERCEDES;VITO;entrainement
M10MCDVPPS2H591;MERCEDES;VITO;entrainement
M10MCDVPPS2H627;MERCEDES;VITO;entrainement
M10MCDVPPS2H663;MERCEDES;VITO;entrainement
M10MCDVPPS2H688;MERCEDES;VITO;entrainement
M10MCDVPPS2J531;MERCEDES;VITO;entrainement
M10MCDVPPS2J532;MERCEDES;VITO;entrainement
M10MCDVPPS2J567;MERCEDES;VITO;entrainement
M10MCDVPPS2J568;MERCEDES;VITO;entrainement
M10MCDVPPS2J592;MERCEDES;VITO;entrainement
M10MCDVPPS2J593;MERCEDES;VITO;entrainement
M10MCDVPPS2J628;MERCEDES;VITO;entrainement
M10MCDVPPS2J629;MERCEDES;VITO;entrainement
M10MCDVPPS2J664;MERCEDES;VITO;entrainement
M10MCDVPPS2J665;MERCEDES;VITO;entrainement
M10MCDVPPS2J689;MERCEDES;VITO;entrainement
M10MCDVPPS2J690;MERCEDES;VITO;entrainement
M10MCDVPPS2K533;MERCEDES;VITO;entrainement
M10MCDVPPS2K569;MERCEDES;VITO;entrainement
M10MCDVPPS2K594;MERCEDES;VITO;entrainement
M10MCDVPPS2K630;MERCEDES;VITO;entrainement
M10MCDVPPS2K666;MERCEDES;VITO;entrainement
M10MCDVPPS2K691;MERCEDES;VITO;entrainement
M10MCDVPPS2L534;MERCEDES;VITO;entrainement
M10MCDVPPS2L570;MERCEDES;VITO;entrainement
M10MCDVPPS2L595;MERCEDES;VITO;entrainement
M10MCDVPPS2L631;MERCEDES;VITO;entrainement
M10MCDVPPS2L667;MERCEDES;VITO;entrainement
M10MCDVPPS2L692;MERCEDES;VITO;entrainement
M10MCDVPPS2M535;MERCEDES;VITO;entrainement
M10MCDVPPS2M571;MERCEDES;VITO;entrainement
M10MCDVPPS2M596;MERCEDES;VITO;entrainement
M10MCDVPPS2M632;MERCEDES;VITO;entrainement
M10MCDVPPS2M668;MERCEDES;VITO;entrainement
M10MCDVPPS2M693;MERCEDES;VITO;entrainement
M10MCDVPPS2N536;MERCEDES;VITO;entrainement
M10MCDVPPS2N572;MERCEDES;VITO;entrainement
M10MCDVPPS2N597;MERCEDES;VITO;entrainement
M10MCDVPPS2N633;MERCEDES;VITO;entrainement
M10MCDVPPS2N669;MERCEDES;VITO;entrainement
M10MCDVPPS2N694;MERCEDES;VITO;entrainement
M10MCDVPPS2P537;MERCEDES;VITO;entrainement
M10MCDVPPS2P538;MERCEDES;VITO;entrainement
M10MCDVPPS2P573;MERCEDES;VITO;entrainement
M10MCDVPPS2P574;MERCEDES;VITO;entrainement
M10MCDVPPS2P598;MERCEDES;VITO;entrainement
M10MCDVPPS2P599;MERCEDES;VITO;entrainement
M10MCDVPPS2P634;MERCEDES;VITO;entrainement
M10MCDVPPS2P635;MERCEDES;VITO;entrainement
M10MCDVPPS2P670;MERCEDES;VITO;entrainement
M10MCDVPPS2P671;MERCEDES;VITO;entrainement
M10MCDVPPS2P695;MERCEDES;VITO;entrainement
M10MCDVPPS2P696;MERCEDES;VITO;entrainement
M10MCDVPPS2R539;MERCEDES;VITO;entrainement
M10MCDVPPS2R540;MERCEDES;VITO;entrainement
M10MCDVPPS2R575;MERCEDES;VITO;entrainement
M10MCDVPPS2R576;MERCEDES;VITO;entrainement
M10MCDVPPS2R600;MERCEDES;VITO;entrainement
M10MCDVPPS2R601;MERCEDES;VITO;entrainement
M10MCDVPPS2R636;MERCEDES;VITO;entrainement
M10MCDVPPS2R637;MERCEDES;VITO;entrainement
M10MCDVPPS2R672;MERCEDES;VITO;entrainement
M10MCDVPPS2R673;MERCEDES;VITO;entrainement
M10MCDVPPS2R697;MERCEDES;VITO;entrainement
M10MCDVPPS2R698;MERCEDES;VITO;entrainement
M10MCDVPPS2S541;MERCEDES;VITO;entrainement
M10MCDVPPS2S577;MERCEDES;VITO;entrainement
M10MCDVPPS2S602;MERCEDES;VITO;entrainement
M10MCDVPPS2S638;MERCEDES;VITO;entrainement
M10MCDVPPS2S674;MERCEDES;VITO;entrainement
M10MCDVPPS2S699;MERCEDES;VITO;entrainement
M10MCDVPPS2T542;MERCEDES;VITO;entrainement
M10MCDVPPS2T578;MERCEDES;VITO;entrainement
M10MCDVPPS2T603;MERCEDES;VITO;entrainement
M10MCDVPPS2T639;MERCEDES;VITO;entrainement
M10MCDVPPS2T675;MERCEDES;VITO;entrainement
M10MCDVPPS2T700;MERCEDES;VITO;entrainement
M10MCDVPPS2U543;MERCEDES;VITO;entrainement
M10MCDVPPS2U579;MERCEDES;VITO;entrainement
M10MCDVPPS2U604;MERCEDES;VITO;entrainement
M10MCDVPPS2U640;MERCEDES;VITO;entrainement
M10MCDVPPS2U676;MERCEDES;VITO;entrainement
M10MCDVPPS2U701;MERCEDES;VITO;entrainement
M10MCDVPPS2V544;MERCEDES;VITO;entrainement
M10MCDVPPS2V580;MERCEDES;VITO;entrainement
M10MCDVPPS2V605;MERCEDES;VITO;entrainement
M10MCDVPPS2V641;MERCEDES;VITO;entrainement
M10MCDVPPS2V677;MERCEDES;VITO;entrainement
M10MCDVPPS2V702;MERCEDES;VITO;entrainement
M10MCDVPPS2W545;MERCEDES;VITO;entrainement
M10MCDVPPS2W581;MERCEDES;VITO;entrainement
M10MCDVPPS2W606;MERCEDES;VITO;entrainement
M10MCDVPPS2W642;MERCEDES;VITO;entrainement
M10MCDVPPS2W678;MERCEDES;VITO;entrainement
M10MCDVPPS2W703;MERCEDES;VITO;entrainement
M10MCDVPPS2X546;MERCEDES;VITO;entrainement
M10MCDVPPS2X607;MERCEDES;VITO;entrainement
M10MCDVPPS2X643;MERCEDES;VITO;entrainement
M10MCDVPPS2X704;MERCEDES;VITO;entrainement
M10MCDVPPS2Y547;MERCEDES;VITO;entrainement
M10MCDVPPS2Y608;MERCEDES;VITO;entrainement
M10MCDVPPS2Y644;MERCEDES;VITO;entrainement
M10MCDVPPS2Z548;MERCEDES;VITO;entrainement
M10MCDVPPS2Z609;MERCEDES;VITO;entrainement
M10MCDVPPS2Z645;MERCEDES;VITO;entrainement
M10MCDVPLK50716;MERCEDES;VITO;entrainement
M10MCDVPLK50752;MERCEDES;VITO;entrainement
M10MCDVPLK50777;MERCEDES;VITO;entrainement
M10MCDVPLK50813;MERCEDES;VITO;entrainement
M10MCDVPLK50849;MERCEDES;VITO;entrainement
M10MCDVPLK51717;MERCEDES;VITO;entrainement
M10MCDVPLK51753;MERCEDES;VITO;entrainement
M10MCDVPLK51778;MERCEDES;VITO;entrainement
M10MCDVPLK51814;MERCEDES;VITO;entrainement
M10MCDVPLK51850;MERCEDES;VITO;entrainement
M10MCDVPLK52718;MERCEDES;VITO;entrainement
M10MCDVPLK52754;MERCEDES;VITO;entrainement
M10MCDVPLK52779;MERCEDES;VITO;entrainement
M10MCDVPLK52815;MERCEDES;VITO;entrainement
M10MCDVPLK52851;MERCEDES;VITO;entrainement
M10MCDVPLK53719;MERCEDES;VITO;entrainement
M10MCDVPLK53755;MERCEDES;VITO;entrainement
M10MCDVPLK53780;MERCEDES;VITO;entrainement
M10MCDVPLK53816;MERCEDES;VITO;entrainement
M10MCDVPLK53852;MERCEDES;VITO;entrainement
M10MCDVPLK54720;MERCEDES;VITO;entrainement
M10MCDVPLK54756;MERCEDES;VITO;entrainement
M10MCDVPLK54781;MERCEDES;VITO;entrainement
M10MCDVPLK54817;MERCEDES;VITO;entrainement
M10MCDVPLK54853;MERCEDES;VITO;entrainement
M10MCDVPLK55721;MERCEDES;VITO;entrainement
M10MCDVPLK55757;MERCEDES;VITO;entrainement
M10MCDVPLK55782;MERCEDES;VITO;entrainement
M10MCDVPLK55818;MERCEDES;VITO;entrainement
M10MCDVPLK55854;MERCEDES;VITO;entrainement
M10MCDVPLK56722;MERCEDES;VITO;entrainement
M10MCDVPLK56758;MERCEDES;VITO;entrainement
M10MCDVPLK56783;MERCEDES;VITO;entrainement
M10MCDVPLK56819;MERCEDES;VITO;entrainement
M10MCDVPLK56855;MERCEDES;VITO;entrainement
M10MCDVPLK57723;MERCEDES;VITO;entrainement
M10MCDVPLK57759;MERCEDES;VITO;entrainement
M10MCDVPLK57784;MERCEDES;VITO;entrainement
M10MCDVPLK57820;MERCEDES;VITO;entrainement
M10MCDVPLK57856;MERCEDES;VITO;entrainement
M10MCDVPLK58724;MERCEDES;VITO;entrainement
M10MCDVPLK58760;MERCEDES;VITO;entrainement
M10MCDVPLK58785;MERCEDES;VITO;entrainement
M10MCDVPLK58821;MERCEDES;VITO;entrainement
M10MCDVPLK58857;MERCEDES;VITO;entrainement
M10MCDVPLK59725;MERCEDES;VITO;entrainement
M10MCDVPLK59761;MERCEDES;VITO;entrainement
M10MCDVPLK59786;MERCEDES;VITO;entrainement
M10MCDVPLK59822;MERCEDES;VITO;entrainement
M10MCDVPLK59858;MERCEDES;VITO;entrainement
M10MCDVPLK5A726;MERCEDES;VITO;entrainement
M10MCDVPLK5A762;MERCEDES;VITO;entrainement
M10MCDVPLK5A787;MERCEDES;VITO;entrainement
M10MCDVPLK5A823;MERCEDES;VITO;entrainement
M10MCDVPLK5B727;MERCEDES;VITO;entrainement
M10MCDVPLK5B763;MERCEDES;VITO;entrainement
M10MCDVPLK5B788;MERCEDES;VITO;entrainement
M10MCDVPLK5B824;MERCEDES;VITO;entrainement
M10MCDVPLK5C728;MERCEDES;VITO;entrainement
M10MCDVPLK5C764;MERCEDES;VITO;entrainement
M10MCDVPLK5C789;MERCEDES;VITO;entrainement
M10MCDVPLK5C825;MERCEDES;VITO;entrainement
M10MCDVPLK5D729;MERCEDES;VITO;entrainement
M10MCDVPLK5D765;MERCEDES;VITO;entrainement
M10MCDVPLK5D790;MERCEDES;VITO;entrainement
M10MCDVPLK5D826;MERCEDES;VITO;entrainement
M10MCDVPLK5E730;MERCEDES;VITO;entrainement
M10MCDVPLK5E766;MERCEDES;VITO;entrainement
M10MCDVPLK5E791;MERCEDES;VITO;entrainement
M10MCDVPLK5E827;MERCEDES;VITO;entrainement
M10MCDVPLK5F731;MERCEDES;VITO;entrainement
M10MCDVPLK5F767;MERCEDES;VITO;entrainement
M10MCDVPLK5F792;MERCEDES;VITO;entrainement
M10MCDVPLK5F828;MERCEDES;VITO;entrainement
M10MCDVPLK5G732;MERCEDES;VITO;entrainement
M10MCDVPLK5G768;MERCEDES;VITO;entrainement
M10MCDVPLK5G793;MERCEDES;VITO;entrainement
M10MCDVPLK5G829;MERCEDES;VITO;entrainement
M10MCDVPLK5H733;MERCEDES;VITO;entrainement
M10MCDVPLK5H769;MERCEDES;VITO;entrainement
M10MCDVPLK5H794;MERCEDES;VITO;entrainement
M10MCDVPLK5H830;MERCEDES;VITO;entrainement
M10MCDVPLK5J734;MERCEDES;VITO;entrainement
M10MCDVPLK5J735;MERCEDES;VITO;entrainement
M10MCDVPLK5J770;MERCEDES;VITO;entrainement
M10MCDVPLK5J771;MERCEDES;VITO;entrainement
M10MCDVPLK5J795;MERCEDES;VITO;entrainement
M10MCDVPLK5J796;MERCEDES;VITO;entrainement
M10MCDVPLK5J831;MERCEDES;VITO;entrainement
M10MCDVPLK5J832;MERCEDES;VITO;entrainement
M10MCDVPLK5K736;MERCEDES;VITO;entrainement
M10MCDVPLK5K772;MERCEDES;VITO;entrainement
M10MCDVPLK5K797;MERCEDES;VITO;entrainement
M10MCDVPLK5K833;MERCEDES;VITO;entrainement
M10MCDVPLK5L737;MERCEDES;VITO;entrainement
M10MCDVPLK5L773;MERCEDES;VITO;entrainement
M10MCDVPLK5L798;MERCEDES;VITO;entrainement
M10MCDVPLK5L834;MERCEDES;VITO;entrainement
M10MCDVPLK5M738;MERCEDES;VITO;entrainement
M10MCDVPLK5M774;MERCEDES;VITO;entrainement
M10MCDVPLK5M799;MERCEDES;VITO;entrainement
M10MCDVPLK5M835;MERCEDES;VITO;entrainement
M10MCDVPLK5N703;MERCEDES;VITO;entrainement
M10MCDVPLK5N739;MERCEDES;VITO;entrainement
M10MCDVPLK5N775;MERCEDES;VITO;entrainement
M10MCDVPLK5N800;MERCEDES;VITO;entrainement
M10MCDVPLK5N836;MERCEDES;VITO;entrainement
M10MCDVPLK5P704;MERCEDES;VITO;entrainement
M10MCDVPLK5P705;MERCEDES;VITO;entrainement
M10MCDVPLK5P740;MERCEDES;VITO;entrainement
M10MCDVPLK5P741;MERCEDES;VITO;entrainement
M10MCDVPLK5P801;MERCEDES;VITO;entrainement
M10MCDVPLK5P802;MERCEDES;VITO;entrainement
M10MCDVPLK5P837;MERCEDES;VITO;entrainement
M10MCDVPLK5P838;MERCEDES;VITO;entrainement
M10MCDVPLK5R706;MERCEDES;VITO;entrainement
M10MCDVPLK5R707;MERCEDES;VITO;entrainement
M10MCDVPLK5R742;MERCEDES;VITO;entrainement
M10MCDVPLK5R743;MERCEDES;VITO;entrainement
M10MCDVPLK5R803;MERCEDES;VITO;entrainement
M10MCDVPLK5R804;MERCEDES;VITO;entrainement
M10MCDVPLK5R839;MERCEDES;VITO;entrainement
M10MCDVPLK5R840;MERCEDES;VITO;entrainement
M10MCDVPLK5S708;MERCEDES;VITO;entrainement
M10MCDVPLK5S744;MERCEDES;VITO;entrainement
M10MCDVPLK5S805;MERCEDES;VITO;entrainement
M10MCDVPLK5S841;MERCEDES;VITO;entrainement
M10MCDVPLK5T709;MERCEDES;VITO;entrainement
M10MCDVPLK5T745;MERCEDES;VITO;entrainement
M10MCDVPLK5T806;MERCEDES;VITO;entrainement
M10MCDVPLK5T842;MERCEDES;VITO;entrainement
M10MCDVPLK5U710;MERCEDES;VITO;entrainement
M10MCDVPLK5U746;MERCEDES;VITO;entrainement
M10MCDVPLK5U807;MERCEDES;VITO;entrainement
M10MCDVPLK5U843;MERCEDES;VITO;entrainement
M10MCDVPLK5V711;MERCEDES;VITO;entrainement
M10MCDVPLK5V747;MERCEDES;VITO;entrainement
M10MCDVPLK5V808;MERCEDES;VITO;entrainement
M10MCDVPLK5V844;MERCEDES;VITO;entrainement
M10MCDVPLK5W712;MERCEDES;VITO;entrainement
M10MCDVPLK5W748;MERCEDES;VITO;entrainement
M10MCDVPLK5W809;MERCEDES;VITO;entrainement
M10MCDVPLK5W845;MERCEDES;VITO;entrainement
M10MCDVPLK5X713;MERCEDES;VITO;entrainement
M10MCDVPLK5X749;MERCEDES;VITO;entrainement
M10MCDVPLK5X810;MERCEDES;VITO;entrainement
M10MCDVPLK5X846;MERCEDES;VITO;entrainement
M10MCDVPLK5Y714;MERCEDES;VITO;entrainement
M10MCDVPLK5Y750;MERCEDES;VITO;entrainement
M10MCDVPLK5Y811;MERCEDES;VITO;entrainement
M10MCDVPLK5Y847;MERCEDES;VITO;entrainement
M10MCDVPLK5Z715;MERCEDES;VITO;entrainement
M10MCDVPLK5Z751;MERCEDES;VITO;entrainement
M10MCDVPLK5Z776;MERCEDES;VITO;entrainement
M10MCDVPLK5Z812;MERCEDES;VITO;entrainement
M10MCDVPLK5Z848;MERCEDES;VITO;entrainement
M10MCDVPPS20416;MERCEDES;VITO;entrainement
M10MCDVPPS20452;MERCEDES;VITO;entrainement
M10MCDVPPS20513;MERCEDES;VITO;entrainement
M10MCDVPPS21417;MERCEDES;VITO;entrainement
M10MCDVPPS21453;MERCEDES;VITO;entrainement
M10MCDVPPS21514;MERCEDES;VITO;entrainement
M10MCDVPPS22418;MERCEDES;VITO;entrainement
M10MCDVPPS22454;MERCEDES;VITO;entrainement
M10MCDVPPS22515;MERCEDES;VITO;entrainement
M10MCDVPPS23419;MERCEDES;VITO;entrainement
M10MCDVPPS23455;MERCEDES;VITO;entrainement
M10MCDVPPS23516;MERCEDES;VITO;entrainement
M10MCDVPPS24420;MERCEDES;VITO;entrainement
M10MCDVPPS24456;MERCEDES;VITO;entrainement
M10MCDVPPS24517;MERCEDES;VITO;entrainement
M10MCDVPPS25421;MERCEDES;VITO;entrainement
M10MCDVPPS25457;MERCEDES;VITO;entrainement
M10MCDVPPS25518;MERCEDES;VITO;entrainement
M10MCDVPPS26422;MERCEDES;VITO;entrainement
M10MCDVPPS26458;MERCEDES;VITO;entrainement
M10MCDVPPS26519;MERCEDES;VITO;entrainement
M10MCDVPPS27423;MERCEDES;VITO;entrainement
M10MCDVPPS27459;MERCEDES;VITO;entrainement
M10MCDVPPS27520;MERCEDES;VITO;entrainement
M10MCDVPPS28388;MERCEDES;VITO;entrainement
M10MCDVPPS28424;MERCEDES;VITO;entrainement
M10MCDVPPS28460;MERCEDES;VITO;entrainement
M10MCDVPPS28485;MERCEDES;VITO;entrainement
M10MCDVPPS28521;MERCEDES;VITO;entrainement
M10MCDVPPS29389;MERCEDES;VITO;entrainement
M10MCDVPPS29425;MERCEDES;VITO;entrainement
M10MCDVPPS29461;MERCEDES;VITO;entrainement
M10MCDVPPS29486;MERCEDES;VITO;entrainement
M10MCDVPPS29522;MERCEDES;VITO;entrainement
M10MCDVPPS2A390;MERCEDES;VITO;entrainement
M10MCDVPPS2A426;MERCEDES;VITO;entrainement
M10MCDVPPS2A462;MERCEDES;VITO;entrainement
M10MCDVPPS2A487;MERCEDES;VITO;entrainement
M10MCDVPPS2A523;MERCEDES;VITO;entrainement
M10MCDVPPS2B391;MERCEDES;VITO;entrainement
M10MCDVPPS2B427;MERCEDES;VITO;entrainement
M10MCDVPPS2B463;MERCEDES;VITO;entrainement
M10MCDVPPS2B488;MERCEDES;VITO;entrainement
M10MCDVPPS2B524;MERCEDES;VITO;entrainement
M10MCDVPPS2C392;MERCEDES;VITO;entrainement
M10MCDVPPS2C428;MERCEDES;VITO;entrainement
M10MCDVPPS2C464;MERCEDES;VITO;entrainement
M10MCDVPPS2C489;MERCEDES;VITO;entrainement
M10MCDVPPS2D393;MERCEDES;VITO;entrainement
M10MCDVPPS2D429;MERCEDES;VITO;entrainement
M10MCDVPPS2D465;MERCEDES;VITO;entrainement
M10MCDVPPS2D490;MERCEDES;VITO;entrainement
M10MCDVPPS2E369;MERCEDES;VITO;entrainement
M10MCDVPPS2E394;MERCEDES;VITO;entrainement
M10MCDVPPS2E430;MERCEDES;VITO;entrainement
M10MCDVPPS2E466;MERCEDES;VITO;entrainement
M10MCDVPPS2E491;MERCEDES;VITO;entrainement
M10MCDVPPS2F370;MERCEDES;VITO;entrainement
M10MCDVPPS2F395;MERCEDES;VITO;entrainement
M10MCDVPPS2F431;MERCEDES;VITO;entrainement
M10MCDVPPS2F467;MERCEDES;VITO;entrainement
M10MCDVPPS2F492;MERCEDES;VITO;entrainement
M10MCDVPPS2G371;MERCEDES;VITO;entrainement
M10MCDVPPS2G396;MERCEDES;VITO;entrainement
M10MCDVPPS2G432;MERCEDES;VITO;entrainement
M10MCDVPPS2G468;MERCEDES;VITO;entrainement
M10MCDVPPS2G493;MERCEDES;VITO;entrainement
M10MCDVPPS2H372;MERCEDES;VITO;entrainement
M10MCDVPPS2H397;MERCEDES;VITO;entrainement
M10MCDVPPS2H433;MERCEDES;VITO;entrainement
M10MCDVPPS2H469;MERCEDES;VITO;entrainement
M10MCDVPPS2H494;MERCEDES;VITO;entrainement
M10MCDVPPS2J373;MERCEDES;VITO;entrainement
M10MCDVPPS2J374;MERCEDES;VITO;entrainement
M10MCDVPPS2J398;MERCEDES;VITO;entrainement
M10MCDVPPS2J399;MERCEDES;VITO;entrainement
M10MCDVPPS2J434;MERCEDES;VITO;entrainement
M10MCDVPPS2J435;MERCEDES;VITO;entrainement
M10MCDVPPS2J470;MERCEDES;VITO;entrainement
M10MCDVPPS2J471;MERCEDES;VITO;entrainement
M10MCDVPPS2J495;MERCEDES;VITO;entrainement
M10MCDVPPS2J496;MERCEDES;VITO;entrainement
M10MCDVPPS2K375;MERCEDES;VITO;entrainement
M10MCDVPPS2K400;MERCEDES;VITO;entrainement
M10MCDVPPS2K436;MERCEDES;VITO;entrainement
M10MCDVPPS2K472;MERCEDES;VITO;entrainement
M10MCDVPPS2K497;MERCEDES;VITO;entrainement
M10MCDVPPS2L376;MERCEDES;VITO;entrainement
M10MCDVPPS2L401;MERCEDES;VITO;entrainement
M10MCDVPPS2L437;MERCEDES;VITO;entrainement
M10MCDVPPS2L473;MERCEDES;VITO;entrainement
M10MCDVPPS2L498;MERCEDES;VITO;entrainement
M10MCDVPPS2M377;MERCEDES;VITO;entrainement
M10MCDVPPS2M402;MERCEDES;VITO;entrainement
M10MCDVPPS2M438;MERCEDES;VITO;entrainement
M10MCDVPPS2M474;MERCEDES;VITO;entrainement
M10MCDVPPS2M499;MERCEDES;VITO;entrainement
M10MCDVPPS2N378;MERCEDES;VITO;entrainement
M10MCDVPPS2N403;MERCEDES;VITO;entrainement
M10MCDVPPS2N439;MERCEDES;VITO;entrainement
M10MCDVPPS2N475;MERCEDES;VITO;entrainement
M10MCDVPPS2N500;MERCEDES;VITO;entrainement
M10MCDVPPS2P379;MERCEDES;VITO;entrainement
M10MCDVPPS2P380;MERCEDES;VITO;entrainement
M10MCDVPPS2P404;MERCEDES;VITO;entrainement
M10MCDVPPS2P405;MERCEDES;VITO;entrainement
M10MCDVPPS2P440;MERCEDES;VITO;entrainement
M10MCDVPPS2P441;MERCEDES;VITO;entrainement
M10MCDVPPS2P476;MERCEDES;VITO;entrainement
M10MCDVPPS2P477;MERCEDES;VITO;entrainement
M10MCDVPPS2P501;MERCEDES;VITO;entrainement
M10MCDVPPS2P502;MERCEDES;VITO;entrainement
M10MCDVPPS2R381;MERCEDES;VITO;entrainement
M10MCDVPPS2R382;MERCEDES;VITO;entrainement
M10MCDVPPS2R406;MERCEDES;VITO;entrainement
M10MCDVPPS2R407;MERCEDES;VITO;entrainement
M10MCDVPPS2R442;MERCEDES;VITO;entrainement
M10MCDVPPS2R443;MERCEDES;VITO;entrainement
M10MCDVPPS2R478;MERCEDES;VITO;entrainement
M10MCDVPPS2R479;MERCEDES;VITO;entrainement
M10MCDVPPS2R503;MERCEDES;VITO;entrainement
M10MCDVPPS2R504;MERCEDES;VITO;entrainement
M10MCDVPPS2S383;MERCEDES;VITO;entrainement
M10MCDVPPS2S408;MERCEDES;VITO;entrainement
M10MCDVPPS2S444;MERCEDES;VITO;entrainement
M10MCDVPPS2S480;MERCEDES;VITO;entrainement
M10MCDVPPS2S505;MERCEDES;VITO;entrainement
M10MCDVPPS2T384;MERCEDES;VITO;entrainement
M10MCDVPPS2T409;MERCEDES;VITO;entrainement
M10MCDVPPS2T445;MERCEDES;VITO;entrainement
M10MCDVPPS2T481;MERCEDES;VITO;entrainement
M10MCDVPPS2T506;MERCEDES;VITO;entrainement
M10MCDVPPS2U385;MERCEDES;VITO;entrainement
M10MCDVPPS2U410;MERCEDES;VITO;entrainement
M10MCDVPPS2U446;MERCEDES;VITO;entrainement
M10MCDVPPS2U482;MERCEDES;VITO;entrainement
M10MCDVPPS2U507;MERCEDES;VITO;entrainement
M10MCDVPPS2V386;MERCEDES;VITO;entrainement
M10MCDVPPS2V411;MERCEDES;VITO;entrainement
M10MCDVPPS2V447;MERCEDES;VITO;entrainement
M10MCDVPPS2V483;MERCEDES;VITO;entrainement
M10MCDVPPS2V508;MERCEDES;VITO;entrainement
M10MCDVPPS2W387;MERCEDES;VITO;entrainement
M10MCDVPPS2W412;MERCEDES;VITO;entrainement
M10MCDVPPS2W448;MERCEDES;VITO;entrainement
M10MCDVPPS2W484;MERCEDES;VITO;entrainement
M10MCDVPPS2W509;MERCEDES;VITO;entrainement
M10MCDVPPS2X413;MERCEDES;VITO;entrainement
M10MCDVPPS2X449;MERCEDES;VITO;entrainement
M10MCDVPPS2X510;MERCEDES;VITO;entrainement
M10MCDVPPS2Y414;MERCEDES;VITO;entrainement
M10MCDVPPS2Y450;MERCEDES;VITO;entrainement
M10MCDVPPS2Y511;MERCEDES;VITO;entrainement
M10MCDVPPS2Z415;MERCEDES;VITO;entrainement
M10MCDVPPS2Z451;MERCEDES;VITO;entrainement
M10MCDVPPS2Z512;MERCEDES;VITO;entrainement
M10MCDVPLK60072;MERCEDES;VITO;entrainement
M10MCDVPLK60097;MERCEDES;VITO;entrainement
M10MCDVPLK61073;MERCEDES;VITO;entrainement
M10MCDVPLK61098;MERCEDES;VITO;entrainement
M10MCDVPLK62074;MERCEDES;VITO;entrainement
M10MCDVPLK62099;MERCEDES;VITO;entrainement
M10MCDVPLK63075;MERCEDES;VITO;entrainement
M10MCDVPLK63100;MERCEDES;VITO;entrainement
M10MCDVPLK64076;MERCEDES;VITO;entrainement
M10MCDVPLK64101;MERCEDES;VITO;entrainement
M10MCDVPLK65077;MERCEDES;VITO;entrainement
M10MCDVPLK65102;MERCEDES;VITO;entrainement
M10MCDVPLK66078;MERCEDES;VITO;entrainement
M10MCDVPLK66103;MERCEDES;VITO;entrainement
M10MCDVPLK67079;MERCEDES;VITO;entrainement
M10MCDVPLK67104;MERCEDES;VITO;entrainement
M10MCDVPLK68080;MERCEDES;VITO;entrainement
M10MCDVPLK69081;MERCEDES;VITO;entrainement
M10MCDVPLK6A082;MERCEDES;VITO;entrainement
M10MCDVPLK6B083;MERCEDES;VITO;entrainement
M10MCDVPLK6C084;MERCEDES;VITO;entrainement
M10MCDVPLK6D085;MERCEDES;VITO;entrainement
M10MCDVPLK6E086;MERCEDES;VITO;entrainement
M10MCDVPLK6F051;MERCEDES;VITO;entrainement
M10MCDVPLK6F087;MERCEDES;VITO;entrainement
M10MCDVPLK6G052;MERCEDES;VITO;entrainement
M10MCDVPLK6G088;MERCEDES;VITO;entrainement
M10MCDVPLK6H053;MERCEDES;VITO;entrainement
M10MCDVPLK6H089;MERCEDES;VITO;entrainement
M10MCDVPLK6J054;MERCEDES;VITO;entrainement
M10MCDVPLK6J055;MERCEDES;VITO;entrainement
M10MCDVPLK6J090;MERCEDES;VITO;entrainement
M10MCDVPLK6J091;MERCEDES;VITO;entrainement
M10MCDVPLK6K056;MERCEDES;VITO;entrainement
M10MCDVPLK6K092;MERCEDES;VITO;entrainement
M10MCDVPLK6L057;MERCEDES;VITO;entrainement
M10MCDVPLK6L093;MERCEDES;VITO;entrainement
M10MCDVPLK6M058;MERCEDES;VITO;entrainement
M10MCDVPLK6M094;MERCEDES;VITO;entrainement
M10MCDVPLK6N059;MERCEDES;VITO;entrainement
M10MCDVPLK6N095;MERCEDES;VITO;entrainement
M10MCDVPLK6P060;MERCEDES;VITO;entrainement
M10MCDVPLK6P061;MERCEDES;VITO;entrainement
M10MCDVPLK6P096;MERCEDES;VITO;entrainement
M10MCDVPLK6R062;MERCEDES;VITO;entrainement
M10MCDVPLK6R063;MERCEDES;VITO;entrainement
M10MCDVPLK6S064;MERCEDES;VITO;entrainement
M10MCDVPLK6T065;MERCEDES;VITO;entrainement
M10MCDVPLK6U066;MERCEDES;VITO;entrainement
M10MCDVPLK6V067;MERCEDES;VITO;entrainement
M10MCDVPLK6W068;MERCEDES;VITO;entrainement
M10MCDVPLK6X069;MERCEDES;VITO;entrainement
M10MCDVPLK6Y070;MERCEDES;VITO;entrainement
M10MCDVPLK6Z071;MERCEDES;VITO;entrainement
M10MCDVPPS20707;MERCEDES;VITO;entrainement
M10MCDVPPS20743;MERCEDES;VITO;entrainement
M10MCDVPPS20804;MERCEDES;VITO;entrainement
M10MCDVPPS21708;MERCEDES;VITO;entrainement
M10MCDVPPS21744;MERCEDES;VITO;entrainement
M10MCDVPPS21805;MERCEDES;VITO;entrainement
M10MCDVPPS22709;MERCEDES;VITO;entrainement
M10MCDVPPS22745;MERCEDES;VITO;entrainement
M10MCDVPPS22806;MERCEDES;VITO;entrainement
M10MCDVPPS23710;MERCEDES;VITO;entrainement
M10MCDVPPS23746;MERCEDES;VITO;entrainement
M10MCDVPPS23807;MERCEDES;VITO;entrainement
M10MCDVPPS24711;MERCEDES;VITO;entrainement
M10MCDVPPS24747;MERCEDES;VITO;entrainement
M10MCDVPPS24808;MERCEDES;VITO;entrainement
M10MCDVPPS25712;MERCEDES;VITO;entrainement
M10MCDVPPS25748;MERCEDES;VITO;entrainement
M10MCDVPPS25809;MERCEDES;VITO;entrainement
M10MCDVPPS26713;MERCEDES;VITO;entrainement
M10MCDVPPS26749;MERCEDES;VITO;entrainement
M10MCDVPPS26810;MERCEDES;VITO;entrainement
M10MCDVPPS27714;MERCEDES;VITO;entrainement
M10MCDVPPS27750;MERCEDES;VITO;entrainement
M10MCDVPPS27811;MERCEDES;VITO;entrainement
M10MCDVPPS28715;MERCEDES;VITO;entrainement
M10MCDVPPS28751;MERCEDES;VITO;entrainement
M10MCDVPPS28776;MERCEDES;VITO;entrainement
M10MCDVPPS28812;MERCEDES;VITO;entrainement
M10MCDVPPS29716;MERCEDES;VITO;entrainement
M10MCDVPPS29752;MERCEDES;VITO;entrainement
M10MCDVPPS29777;MERCEDES;VITO;entrainement
M10MCDVPPS29813;MERCEDES;VITO;entrainement
M10MCDVPPS2A717;MERCEDES;VITO;entrainement
M10MCDVPPS2A753;MERCEDES;VITO;entrainement
M10MCDVPPS2A778;MERCEDES;VITO;entrainement
M10MCDVPPS2A814;MERCEDES;VITO;entrainement
M10MCDVPPS2B718;MERCEDES;VITO;entrainement
M10MCDVPPS2B754;MERCEDES;VITO;entrainement
M10MCDVPPS2B779;MERCEDES;VITO;entrainement
M10MCDVPPS2B815;MERCEDES;VITO;entrainement
M10MCDVPPS2C719;MERCEDES;VITO;entrainement
M10MCDVPPS2C755;MERCEDES;VITO;entrainement
M10MCDVPPS2C780;MERCEDES;VITO;entrainement
M10MCDVPPS2C816;MERCEDES;VITO;entrainement
M10MCDVPPS2D720;MERCEDES;VITO;entrainement
M10MCDVPPS2D756;MERCEDES;VITO;entrainement
M10MCDVPPS2D781;MERCEDES;VITO;entrainement
M10MCDVPPS2D817;MERCEDES;VITO;entrainement
M10MCDVPPS2E721;MERCEDES;VITO;entrainement
M10MCDVPPS2E757;MERCEDES;VITO;entrainement
M10MCDVPPS2E782;MERCEDES;VITO;entrainement
M10MCDVPPS2E818;MERCEDES;VITO;entrainement
M10MCDVPPS2F722;MERCEDES;VITO;entrainement
M10MCDVPPS2F758;MERCEDES;VITO;entrainement
M10MCDVPPS2F783;MERCEDES;VITO;entrainement
M10MCDVPPS2F819;MERCEDES;VITO;entrainement
M10MCDVPPS2G723;MERCEDES;VITO;entrainement
M10MCDVPPS2G759;MERCEDES;VITO;entrainement
M10MCDVPPS2G784;MERCEDES;VITO;entrainement
M10MCDVPPS2G820;MERCEDES;VITO;entrainement
M10MCDVPPS2H724;MERCEDES;VITO;entrainement
M10MCDVPPS2H760;MERCEDES;VITO;entrainement
M10MCDVPPS2H785;MERCEDES;VITO;entrainement
M10MCDVPPS2H821;MERCEDES;VITO;entrainement
M10MCDVPPS2J725;MERCEDES;VITO;entrainement
M10MCDVPPS2J726;MERCEDES;VITO;entrainement
M10MCDVPPS2J761;MERCEDES;VITO;entrainement
M10MCDVPPS2J762;MERCEDES;VITO;entrainement
M10MCDVPPS2J786;MERCEDES;VITO;entrainement
M10MCDVPPS2J787;MERCEDES;VITO;entrainement
M10MCDVPPS2J822;MERCEDES;VITO;entrainement
M10MCDVPPS2J823;MERCEDES;VITO;entrainement
M10MCDVPPS2K727;MERCEDES;VITO;entrainement
M10MCDVPPS2K763;MERCEDES;VITO;entrainement
M10MCDVPPS2K788;MERCEDES;VITO;entrainement
M10MCDVPPS2K824;MERCEDES;VITO;entrainement
M10MCDVPPS2L728;MERCEDES;VITO;entrainement
M10MCDVPPS2L764;MERCEDES;VITO;entrainement
M10MCDVPPS2L789;MERCEDES;VITO;entrainement
M10MCDVPPS2L825;MERCEDES;VITO;entrainement
M10MCDVPPS2M729;MERCEDES;VITO;entrainement
M10MCDVPPS2M765;MERCEDES;VITO;entrainement
M10MCDVPPS2M790;MERCEDES;VITO;entrainement
M10MCDVPPS2M826;MERCEDES;VITO;entrainement
M10MCDVPPS2N730;MERCEDES;VITO;entrainement
M10MCDVPPS2N766;MERCEDES;VITO;entrainement
M10MCDVPPS2N791;MERCEDES;VITO;entrainement
M10MCDVPPS2N827;MERCEDES;VITO;entrainement
M10MCDVPPS2P731;MERCEDES;VITO;entrainement
M10MCDVPPS2P732;MERCEDES;VITO;entrainement
M10MCDVPPS2P767;MERCEDES;VITO;entrainement
M10MCDVPPS2P768;MERCEDES;VITO;entrainement
M10MCDVPPS2P792;MERCEDES;VITO;entrainement
M10MCDVPPS2P793;MERCEDES;VITO;entrainement
M10MCDVPPS2P828;MERCEDES;VITO;entrainement
M10MCDVPPS2P829;MERCEDES;VITO;entrainement
M10MCDVPPS2R733;MERCEDES;VITO;entrainement
M10MCDVPPS2R734;MERCEDES;VITO;entrainement
M10MCDVPPS2R769;MERCEDES;VITO;entrainement
M10MCDVPPS2R770;MERCEDES;VITO;entrainement
M10MCDVPPS2R794;MERCEDES;VITO;entrainement
M10MCDVPPS2R795;MERCEDES;VITO;entrainement
M10MCDVPPS2R830;MERCEDES;VITO;entrainement
M10MCDVPPS2S735;MERCEDES;VITO;entrainement
M10MCDVPPS2S771;MERCEDES;VITO;entrainement
M10MCDVPPS2S796;MERCEDES;VITO;entrainement
M10MCDVPPS2T736;MERCEDES;VITO;entrainement
M10MCDVPPS2T772;MERCEDES;VITO;entrainement
M10MCDVPPS2T797;MERCEDES;VITO;entrainement
M10MCDVPPS2U737;MERCEDES;VITO;entrainement
M10MCDVPPS2U773;MERCEDES;VITO;entrainement
M10MCDVPPS2U798;MERCEDES;VITO;entrainement
M10MCDVPPS2V738;MERCEDES;VITO;entrainement
M10MCDVPPS2V774;MERCEDES;VITO;entrainement
M10MCDVPPS2V799;MERCEDES;VITO;entrainement
M10MCDVPPS2W739;MERCEDES;VITO;entrainement
M10MCDVPPS2W775;MERCEDES;VITO;entrainement
M10MCDVPPS2W800;MERCEDES;VITO;entrainement
M10MCDVPPS2X740;MERCEDES;VITO;entrainement
M10MCDVPPS2X801;MERCEDES;VITO;entrainement
M10MCDVPPS2Y705;MERCEDES;VITO;entrainement
M10MCDVPPS2Y741;MERCEDES;VITO;entrainement
M10MCDVPPS2Y802;MERCEDES;VITO;entrainement
M10MCDVPPS2Z706;MERCEDES;VITO;entrainement
M10MCDVPPS2Z742;MERCEDES;VITO;entrainement
M10MCDVPPS2Z803;MERCEDES;VITO;entrainement
M10MN1VP0031225;MINI;MINI;calibration
M10MN1VP0032226;MINI;MINI;calibration
M10MN1VP0036521;MINI;MINI;calibration
M10MN1VP0037522;MINI;MINI;calibration
M10MN1VP001V997;MINI;CABRIO;test
M10MN1VP001X999;MINI;CABRIO;test
M10MN1VP0026001;MINI;CABRIO;test
M10MN1VP002R834;MINI;COUNTRYMAN;entrainement
M10MN1VP002S835;MINI;COUNTRYMAN;entrainement
M10MN1VP002V838;MINI;COUNTRYMAN;entrainement
M10MN1VP002W839;MINI;COUNTRYMAN;entrainement
M10MN1VP0032323;MINI;MINI;calibration
M10MN1VP0033324;MINI;MINI;calibration
M10MN1VP0036327;MINI;MINI;calibration
M10MN1VP0037328;MINI;MINI;calibration
M10MN1VP003P055;MINI;MINI;calibration
M10MN1VP003R056;MINI;MINI;calibration
M10MN1VP003T059;MINI;MINI;calibration
M10MN1VP003U060;MINI;MINI;calibration
M10MN1VP0017973;MINI;COUPE;calibration
M10MN1VP001H983;MINI;ROADSTER;test
M10MN1VP001L987;MINI;ROADSTER;test
M10MN1VP001S969;MINI;COUPE;calibration
M10MN1VP0024556;MINI;PACEMAN;entrainement
M10MN1VP0026558;MINI;PACEMAN;entrainement
M10MN1VP0026971;MINI;COUNTRYMAN;entrainement
M10MN1VP0027850;MINI;COUNTRYMAN;entrainement
M10MN1VP0027972;MINI;COUNTRYMAN;entrainement
M10MN1VP0029852;MINI;COUNTRYMAN;entrainement
M10MN1VP002A562;MINI;PACEMAN;entrainement
M10MN1VP002C564;MINI;PACEMAN;entrainement
M10MN1VP002D856;MINI;COUNTRYMAN;entrainement
M10MN1VP002E009;MINI;CABRIO;test
M10MN1VP002F858;MINI;COUNTRYMAN;entrainement
M10MN1VP002J013;MINI;CABRIO;test
M10MN1VP002P576;MINI;PACEMAN;entrainement
M10MN1VP002P577;MINI;PACEMAN;entrainement
M10MN1VP002R870;MINI;COUNTRYMAN;entrainement
M10MN1VP002S871;MINI;COUNTRYMAN;entrainement
M10MN1VP003S191;MINI;PACEMAN;entrainement
M10MN1VP003T192;MINI;PACEMAN;entrainement
M10MN1VP002J983;MINI;MINI;calibration
M10MN1VP002J984;MINI;MINI;calibration
M10MN1VP002M987;MINI;MINI;calibration
M10MN1VP002N988;MINI;MINI;calibration
M10MN1VP003S119;MINI;MINI;calibration
M10MN1VP003T120;MINI;MINI;calibration
M10MN1VP003W123;MINI;MINI;calibration
M10MN1VP003X124;MINI;MINI;calibration
M10MN1VP0001749;MINI;COUPE;calibration
M10MN1VP000B784;MINI;ROADSTER;test
M10MN1VP000G789;MINI;ROADSTER;test
M10MN1VP000T838;MINI;CABRIO;test
M10MN1VP000W744;MINI;COUPE;calibration
M10MN1VP000Y843;MINI;CABRIO;test
M10MN1VP0020904;MINI;COUNTRYMAN;entrainement
M10MN1VP0027584;MINI;PACEMAN;entrainement
M10MN1VP0029586;MINI;PACEMAN;entrainement
M10MN1VP002C916;MINI;COUNTRYMAN;entrainement
M10MN1VP002D590;MINI;PACEMAN;entrainement
M10MN1VP002E918;MINI;COUNTRYMAN;entrainement
M10MN1VP002F592;MINI;PACEMAN;entrainement
M10MN1VP002J922;MINI;COUNTRYMAN;entrainement
M10MN1VP002K924;MINI;COUNTRYMAN;entrainement
M10MN1VP002R604;MINI;PACEMAN;entrainement
M10MN1VP002S896;MINI;COUNTRYMAN;entrainement
M10MN1VP002T606;MINI;PACEMAN;entrainement
M10MN1VP002U898;MINI;COUNTRYMAN;entrainement
M10MN1VP002X610;MINI;PACEMAN;entrainement
M10MN1VP002Y902;MINI;COUNTRYMAN;entrainement
M10MN1VP002Z612;MINI;PACEMAN;entrainement
M10MN1VP0036266;MINI;MINI;calibration
M10MN1VP0036291;MINI;MINI;calibration
M10MN1VP0038268;MINI;MINI;calibration
M10MN1VP0038293;MINI;MINI;calibration
M10MN1VP0039294;MINI;MINI;calibration
M10MN1VP003C272;MINI;MINI;calibration
M10MN1VP003E274;MINI;MINI;calibration
M10MN1VP003U290;MINI;MINI;calibration
M10MN1VP0014945;MINI;CABRIO;test
M10MN1VP0016947;MINI;CABRIO;test
M10MN1VP001C953;MINI;COUPE;calibration
M10MN1VP001E955;MINI;COUPE;calibration
M10MN1VP001K961;MINI;ROADSTER;test
M10MN1VP001M963;MINI;ROADSTER;test
M10MN1VP0020807;MINI;COUNTRYMAN;entrainement
M10MN1VP002B624;MINI;PACEMAN;entrainement
M10MN1VP002E627;MINI;PACEMAN;entrainement
M10MN1VP002X804;MINI;COUNTRYMAN;entrainement
M10MN1VP003U509;MINI;MINI;calibration
M10MN1VP002V935;MINI;COUNTRYMAN;entrainement
M10MN1VP002W936;MINI;COUNTRYMAN;entrainement
M10MN1VP0031031;MINI;MINI;calibration
M10MN1VP0032032;MINI;MINI;calibration
M10MN1VP003F372;MINI;MINI;calibration
M10MN1VP003G373;MINI;MINI;calibration
M10MN1VP0000809;MINI;CABRIO;test
M10MN1VP000C857;MINI;CABRIO;test
M10MN1VP0021941;MINI;COUNTRYMAN;entrainement
M10MN1VP0022942;MINI;COUNTRYMAN;entrainement
M10MN1VP0027947;MINI;COUNTRYMAN;entrainement
M10MN1VP0028815;MINI;COUNTRYMAN;entrainement
M10MN1VP0028948;MINI;COUNTRYMAN;entrainement
M10MN1VP0029489;MINI;PACEMAN;entrainement
M10MN1VP0029816;MINI;COUNTRYMAN;entrainement
M10MN1VP002A490;MINI;PACEMAN;entrainement
M10MN1VP002E821;MINI;COUNTRYMAN;entrainement
M10MN1VP002F822;MINI;COUNTRYMAN;entrainement
M10MN1VP002L501;MINI;PACEMAN;entrainement
M10MN1VP002M502;MINI;PACEMAN;entrainement
M10MN1VP002R507;MINI;PACEMAN;entrainement
M10MN1VP002S508;MINI;PACEMAN;entrainement
M10MN1VP002X513;MINI;PACEMAN;entrainement
M10MN1VP002Y514;MINI;PACEMAN;entrainement
M10MN1VP0039039;MINI;MINI;calibration
M10MN1VP003A040;MINI;MINI;calibration
M10MN1VP003D043;MINI;MINI;calibration
M10MN1VP003E044;MINI;MINI;calibration
M10MN1VP003R153;MINI;MINI;calibration
M10MN1VP003R154;MINI;MINI;calibration
M10MN1VP003U157;MINI;MINI;calibration
M10MN1VP003V158;MINI;MINI;calibration
M10MN1VP000E859;MINI;CABRIO;test
M10MN1VP000F763;MINI;COUPE;calibration
M10MN1VP000G861;MINI;CABRIO;test
M10MN1VP000H765;MINI;COUPE;calibration
M10MN1VP000U803;MINI;ROADSTER;test
M10MN1VP000W805;MINI;ROADSTER;test
M10MN1VP002A526;MINI;PACEMAN;entrainement
M10MN1VP002C528;MINI;PACEMAN;entrainement
M10MN1VP002C880;MINI;COUNTRYMAN;entrainement
M10MN1VP002E882;MINI;COUNTRYMAN;entrainement
M10MN1VP002G884;MINI;COUNTRYMAN;entrainement
M10MN1VP002G956;MINI;COUNTRYMAN;entrainement
M10MN1VP002J886;MINI;COUNTRYMAN;entrainement
M10MN1VP002J958;MINI;COUNTRYMAN;entrainement
M10MN1VP002K960;MINI;COUNTRYMAN;entrainement
M10MN1VP002M962;MINI;COUNTRYMAN;entrainement
M10MN1VP002P540;MINI;PACEMAN;entrainement
M10MN1VP002R542;MINI;PACEMAN;entrainement
M10MN1VP002S544;MINI;PACEMAN;entrainement
M10MN1VP002U546;MINI;PACEMAN;entrainement
M10MN1VP0038196;MINI;PACEMAN;entrainement
M10MN1VP003A198;MINI;PACEMAN;entrainement
M10MN1VP003A076;MINI;MINI;calibration
M10MN1VP003A173;MINI;MINI;calibration
M10MN1VP003B174;MINI;MINI;calibration
M10MN1VP003C078;MINI;MINI;calibration
M10MN1VP003E177;MINI;MINI;calibration
M10MN1VP003F178;MINI;MINI;calibration
M10MN1VP003J084;MINI;MINI;calibration
M10MN1VP003K086;MINI;MINI;calibration
M10MTSVP0021387;MITSUBISHI;ASX;entrainement
M10MTSVP0011837;MITSUBISHI;ASX;entrainement
M10MTSVP0013839;MITSUBISHI;ASX;entrainement
M10MTSVP002T379;MITSUBISHI;ASX;entrainement
M10MTSVP002U380;MITSUBISHI;ASX;entrainement
M10MTSVP002V381;MITSUBISHI;ASX;entrainement
M10MTSVP002W382;MITSUBISHI;ASX;entrainement
M10MTSVP003E363;MITSUBISHI;ASX;entrainement
M10MTSVP003F364;MITSUBISHI;ASX;entrainement
M10MTSVP0017613;MITSUBISHI;ASX;entrainement
M10MTSVP0019615;MITSUBISHI;ASX;entrainement
M10MTSVP003S014;MITSUBISHI;ASX;entrainement
M10MTSVP0031896;MITSUBISHI;OUTLANDER;test
M10MTSVP003F037;MITSUBISHI;OUTLANDER;test
M10MTSVP002A360;MITSUBISHI;OUTLANDER;test
M10MTSVP0023353;MITSUBISHI;OUTLANDER;test
M10MTSVP002R340;MITSUBISHI;OUTLANDER;test
M10MTSVP002Y348;MITSUBISHI;OUTLANDER;test
M10MTSVP002Z349;MITSUBISHI;OUTLANDER;test
M10MTSVP0037320;MITSUBISHI;OUTLANDER;test
M10MTSVP003F328;MITSUBISHI;OUTLANDER;test
M10MTSVP003G329;MITSUBISHI;OUTLANDER;test
M10MTSVP003K333;MITSUBISHI;OUTLANDER;test
M10MTSVP0021157;MITSUBISHI;PAJERO;entrainement
M10MTSVP002J174;MITSUBISHI;PAJERO;entrainement
M10MTSVP002M275;MITSUBISHI;PAJERO;entrainement
M10MTSVP002T149;MITSUBISHI;PAJERO;entrainement
M10MTSVP002Z288;MITSUBISHI;PAJERO;entrainement
M10MTSVP0030701;MITSUBISHI;PAJERO;entrainement
M10MTSVP003D750;MITSUBISHI;PAJERO;entrainement
M10MTSVP003K757;MITSUBISHI;PAJERO;entrainement
M10MTSVP003N688;MITSUBISHI;PAJERO;entrainement
M10MTSVP003R692;MITSUBISHI;PAJERO;entrainement
M10MTSVP0023644;MITSUBISHI;SPACE STAR;test
M10MTSVP002Z640;MITSUBISHI;SPACE STAR;test
M10MTSVP002R632;MITSUBISHI;SPACE STAR;test
M10NSSVP0238531;NISSAN;370Z;entrainement
M10NSSVP0239532;NISSAN;370Z;entrainement
M10NSSVP023A533;NISSAN;370Z;entrainement
M10NSSVP023B534;NISSAN;370Z;entrainement
M10NSSVP023C535;NISSAN;370Z;entrainement
M10NSSVP024R549;NISSAN;GT-R;entrainement
M10NSSVP023M060;NISSAN;GT-R;entrainement
M10NSSVP0222332;NISSAN;JUKE;entrainement
M10NSSVP0226336;NISSAN;JUKE;entrainement
M10NSSVP0206532;NISSAN;JUKE;entrainement
M10NSSVP0221331;NISSAN;JUKE;entrainement
M10NSSVP0224334;NISSAN;JUKE;entrainement
M10NSSVP0225335;NISSAN;JUKE;entrainement
M10NSSVP0231682;NISSAN;JUKE;entrainement
M10NSSVP0232683;NISSAN;JUKE;entrainement
M10NSSVP0230681;NISSAN;JUKE;entrainement
M10NSSVP023Z680;NISSAN;JUKE;entrainement
M10NSSVP0223333;NISSAN;JUKE;entrainement
M10NSSVP0234660;NISSAN;MICRA;entrainement
M10NSSVP0235661;NISSAN;MICRA;entrainement
M10NSSVP0236662;NISSAN;MICRA;entrainement
M10NSSVP0237663;NISSAN;MICRA;entrainement
M10NSSVP023B667;NISSAN;MICRA;entrainement
M10NSSVP023C668;NISSAN;MICRA;entrainement
M10NSSVP0238664;NISSAN;MICRA;entrainement
M10NSSVP0239665;NISSAN;MICRA;entrainement
M10NSSVP023A666;NISSAN;MICRA;entrainement
M10NSSVP023D669;NISSAN;MICRA;entrainement
M10NSSVP023E670;NISSAN;MICRA;entrainement
M10NSSVP023F671;NISSAN;MICRA;entrainement
M10NSSVP0236529;NISSAN;MURANO;calibration
M10NSSVP0237530;NISSAN;MURANO;calibration
M10NSSVP020Y524;NISSAN;NOTE;entrainement
M10NSSVP0200526;NISSAN;NOTE;entrainement
M10NSSVP020Z525;NISSAN;NOTE;entrainement
M10NSSVP0227337;NISSAN;NOTE;entrainement
M10NSSVP0251946;NISSAN;NV200;entrainement
M10NSSVP0254949;NISSAN;NV200;entrainement
M10NSSVP0255950;NISSAN;NV200;entrainement
M10NSSVP025A955;NISSAN;NV200;entrainement
M10NSSVP025V940;NISSAN;NV200;entrainement
M10NSSVP025W941;NISSAN;NV200;entrainement
M10NSSVP0252947;NISSAN;NV200;entrainement
M10NSSVP0256951;NISSAN;NV200;entrainement
M10NSSVP0257952;NISSAN;NV200;entrainement
M10NSSVP025B956;NISSAN;NV200;entrainement
M10NSSVP025X942;NISSAN;NV200;entrainement
M10NSSVP025Y943;NISSAN;NV200;entrainement
M10NSSVP0250945;NISSAN;NV200;entrainement
M10NSSVP0253948;NISSAN;NV200;entrainement
M10NSSVP0258953;NISSAN;NV200;entrainement
M10NSSVP0259954;NISSAN;NV200;entrainement
M10NSSVP025C957;NISSAN;NV200;entrainement
M10NSSVP025Z944;NISSAN;NV200;entrainement
M10NSSVP0240389;NISSAN;NV300;entrainement
M10NSSVP0241390;NISSAN;NV300;entrainement
M10NSSVP0242391;NISSAN;NV300;entrainement
M10NSSVP0243392;NISSAN;NV300;entrainement
M10NSSVP0244393;NISSAN;NV300;entrainement
M10NSSVP0245394;NISSAN;NV300;entrainement
M10NSSVP0246395;NISSAN;NV300;entrainement
M10NSSVP0247396;NISSAN;NV300;entrainement
M10NSSVP0248397;NISSAN;NV300;entrainement
M10NSSVP0249398;NISSAN;NV300;entrainement
M10NSSVP024A399;NISSAN;NV300;entrainement
M10NSSVP024B400;NISSAN;NV300;entrainement
M10NSSVP024C401;NISSAN;NV300;entrainement
M10NSSVP024E378;NISSAN;NV300;entrainement
M10NSSVP024F379;NISSAN;NV300;entrainement
M10NSSVP024G380;NISSAN;NV300;entrainement
M10NSSVP024H381;NISSAN;NV300;entrainement
M10NSSVP024J382;NISSAN;NV300;entrainement
M10NSSVP024J383;NISSAN;NV300;entrainement
M10NSSVP024K384;NISSAN;NV300;entrainement
M10NSSVP024L385;NISSAN;NV300;entrainement
M10NSSVP024M386;NISSAN;NV300;entrainement
M10NSSVP024N387;NISSAN;NV300;entrainement
M10NSSVP024Z388;NISSAN;NV300;entrainement
M10NSSVP025G307;NISSAN;NV300;entrainement
M10NSSVP025H308;NISSAN;NV300;entrainement
M10NSSVP025J309;NISSAN;NV300;entrainement
M10NSSVP025J310;NISSAN;NV300;entrainement
M10NSSVP025K311;NISSAN;NV300;entrainement
M10NSSVP025L312;NISSAN;NV300;entrainement
M10NSSVP025M313;NISSAN;NV300;entrainement
M10NSSVP025N314;NISSAN;NV300;entrainement
M10NSSVP025P315;NISSAN;NV300;entrainement
M10NSSVP025P316;NISSAN;NV300;entrainement
M10NSSVP025R317;NISSAN;NV300;entrainement
M10NSSVP025R318;NISSAN;NV300;entrainement
M10NSSVP025S319;NISSAN;NV300;entrainement
M10NSSVP025T320;NISSAN;NV300;entrainement
M10NSSVP025U321;NISSAN;NV300;entrainement
M10NSSVP025V322;NISSAN;NV300;entrainement
M10NSSVP0242366;NISSAN;NV300;entrainement
M10NSSVP0243367;NISSAN;NV300;entrainement
M10NSSVP0244368;NISSAN;NV300;entrainement
M10NSSVP0245369;NISSAN;NV300;entrainement
M10NSSVP0246370;NISSAN;NV300;entrainement
M10NSSVP0247371;NISSAN;NV300;entrainement
M10NSSVP0248372;NISSAN;NV300;entrainement
M10NSSVP0249373;NISSAN;NV300;entrainement
M10NSSVP024A374;NISSAN;NV300;entrainement
M10NSSVP024B375;NISSAN;NV300;entrainement
M10NSSVP024C376;NISSAN;NV300;entrainement
M10NSSVP024D377;NISSAN;NV300;entrainement
M10NSSVP0258299;NISSAN;NV300;entrainement
M10NSSVP0259300;NISSAN;NV300;entrainement
M10NSSVP025A301;NISSAN;NV300;entrainement
M10NSSVP025B302;NISSAN;NV300;entrainement
M10NSSVP025C303;NISSAN;NV300;entrainement
M10NSSVP025D304;NISSAN;NV300;entrainement
M10NSSVP025E305;NISSAN;NV300;entrainement
M10NSSVP025F306;NISSAN;NV300;entrainement
M10NSSVP0240364;NISSAN;NV300;entrainement
M10NSSVP0241365;NISSAN;NV300;entrainement
M10NSSVP024R354;NISSAN;NV300;entrainement
M10NSSVP024R355;NISSAN;NV300;entrainement
M10NSSVP024S356;NISSAN;NV300;entrainement
M10NSSVP024T357;NISSAN;NV300;entrainement
M10NSSVP024U358;NISSAN;NV300;entrainement
M10NSSVP024V359;NISSAN;NV300;entrainement
M10NSSVP024W360;NISSAN;NV300;entrainement
M10NSSVP024X361;NISSAN;NV300;entrainement
M10NSSVP024Y362;NISSAN;NV300;entrainement
M10NSSVP024Z363;NISSAN;NV300;entrainement
M10NSSVP0250291;NISSAN;NV300;entrainement
M10NSSVP0251292;NISSAN;NV300;entrainement
M10NSSVP0252293;NISSAN;NV300;entrainement
M10NSSVP0253294;NISSAN;NV300;entrainement
M10NSSVP0254295;NISSAN;NV300;entrainement
M10NSSVP0255296;NISSAN;NV300;entrainement
M10NSSVP0256297;NISSAN;NV300;entrainement
M10NSSVP0257298;NISSAN;NV300;entrainement
M10NSSVP024E342;NISSAN;NV300;entrainement
M10NSSVP024F343;NISSAN;NV300;entrainement
M10NSSVP024G344;NISSAN;NV300;entrainement
M10NSSVP024H345;NISSAN;NV300;entrainement
M10NSSVP024J346;NISSAN;NV300;entrainement
M10NSSVP024J347;NISSAN;NV300;entrainement
M10NSSVP024K348;NISSAN;NV300;entrainement
M10NSSVP024L349;NISSAN;NV300;entrainement
M10NSSVP024M350;NISSAN;NV300;entrainement
M10NSSVP024N351;NISSAN;NV300;entrainement
M10NSSVP024P352;NISSAN;NV300;entrainement
M10NSSVP024P353;NISSAN;NV300;entrainement
M10NSSVP025H283;NISSAN;NV300;entrainement
M10NSSVP025J284;NISSAN;NV300;entrainement
M10NSSVP025J285;NISSAN;NV300;entrainement
M10NSSVP025K286;NISSAN;NV300;entrainement
M10NSSVP025L287;NISSAN;NV300;entrainement
M10NSSVP025M288;NISSAN;NV300;entrainement
M10NSSVP025N289;NISSAN;NV300;entrainement
M10NSSVP025P290;NISSAN;NV300;entrainement
M10NSSVP0220463;NISSAN;NV400;entrainement
M10NSSVP0229436;NISSAN;NV400;entrainement
M10NSSVP022A437;NISSAN;NV400;entrainement
M10NSSVP022B438;NISSAN;NV400;entrainement
M10NSSVP022C439;NISSAN;NV400;entrainement
M10NSSVP022H444;NISSAN;NV400;entrainement
M10NSSVP022J445;NISSAN;NV400;entrainement
M10NSSVP022J446;NISSAN;NV400;entrainement
M10NSSVP022K447;NISSAN;NV400;entrainement
M10NSSVP022L448;NISSAN;NV400;entrainement
M10NSSVP022M449;NISSAN;NV400;entrainement
M10NSSVP022N450;NISSAN;NV400;entrainement
M10NSSVP022P451;NISSAN;NV400;entrainement
M10NSSVP022X460;NISSAN;NV400;entrainement
M10NSSVP022Y461;NISSAN;NV400;entrainement
M10NSSVP022Z462;NISSAN;NV400;entrainement
M10NSSVP0220427;NISSAN;NV400;entrainement
M10NSSVP0221428;NISSAN;NV400;entrainement
M10NSSVP0222429;NISSAN;NV400;entrainement
M10NSSVP0225432;NISSAN;NV400;entrainement
M10NSSVP0226433;NISSAN;NV400;entrainement
M10NSSVP0227434;NISSAN;NV400;entrainement
M10NSSVP0228435;NISSAN;NV400;entrainement
M10NSSVP022N414;NISSAN;NV400;entrainement
M10NSSVP022P415;NISSAN;NV400;entrainement
M10NSSVP022P416;NISSAN;NV400;entrainement
M10NSSVP022R417;NISSAN;NV400;entrainement
M10NSSVP022V422;NISSAN;NV400;entrainement
M10NSSVP022W423;NISSAN;NV400;entrainement
M10NSSVP022X424;NISSAN;NV400;entrainement
M10NSSVP022Y425;NISSAN;NV400;entrainement
M10NSSVP022Z426;NISSAN;NV400;entrainement
M10NSSVP025E341;NISSAN;NV400;entrainement
M10NSSVP025F342;NISSAN;NV400;entrainement
M10NSSVP025J345;NISSAN;NV400;entrainement
M10NSSVP025J346;NISSAN;NV400;entrainement
M10NSSVP025M349;NISSAN;NV400;entrainement
M10NSSVP025N350;NISSAN;NV400;entrainement
M10NSSVP025R353;NISSAN;NV400;entrainement
M10NSSVP025R354;NISSAN;NV400;entrainement
M10NSSVP0149444;NISSAN;NV400;entrainement
M10NSSVP014A445;NISSAN;NV400;entrainement
M10NSSVP014B446;NISSAN;NV400;entrainement
M10NSSVP014C447;NISSAN;NV400;entrainement
M10NSSVP014J418;NISSAN;NV400;entrainement
M10NSSVP014K419;NISSAN;NV400;entrainement
M10NSSVP014P460;NISSAN;NV400;entrainement
M10NSSVP014R461;NISSAN;NV400;entrainement
M10NSSVP025G343;NISSAN;NV400;entrainement
M10NSSVP025H344;NISSAN;NV400;entrainement
M10NSSVP025K347;NISSAN;NV400;entrainement
M10NSSVP025L348;NISSAN;NV400;entrainement
M10NSSVP025P351;NISSAN;NV400;entrainement
M10NSSVP025P352;NISSAN;NV400;entrainement
M10NSSVP025S355;NISSAN;NV400;entrainement
M10NSSVP025T356;NISSAN;NV400;entrainement
M10NSSVP023G054;NISSAN;PULSAR;test
M10NSSVP023H055;NISSAN;PULSAR;test
M10NSSVP0258978;NISSAN;PULSAR;test
M10NSSVP0259979;NISSAN;PULSAR;test
M10NSSVP023F053;NISSAN;PULSAR;test
M10NSSVP023D051;NISSAN;QASHQAI;test
M10NSSVP023E052;NISSAN;QASHQAI;test
M10NSSVP024P546;NISSAN;QASHQAI;test
M10NSSVP024P547;NISSAN;QASHQAI;test
M10NSSVP025U357;NISSAN;QASHQAI;test
M10NSSVP023A048;NISSAN;QASHQAI;test
M10NSSVP023B049;NISSAN;QASHQAI;test
M10NSSVP023C050;NISSAN;QASHQAI;test
M10NSSVP0220851;NISSAN;X-TRAIL;entrainement
M10NSSVP0228338;NISSAN;X-TRAIL;entrainement
M10NSSVP022A340;NISSAN;X-TRAIL;entrainement
M10NSSVP022Z850;NISSAN;X-TRAIL;entrainement
M1GNSSVP022S342;NISSAN;X-TRAIL;entrainement
M1GNSSVP022T343;NISSAN;X-TRAIL;entrainement
M10NSSVP011R368;NISSAN;X-TRAIL;entrainement
M1GNSSVP0114365;NISSAN;X-TRAIL;entrainement
M1GNSSVP0116367;NISSAN;X-TRAIL;entrainement
M1GNSSVP0115366;NISSAN;X-TRAIL;entrainement
M10PELVP316M113;OPEL;ADAM;entrainement
M10PELVP316P116;OPEL;ADAM;entrainement
M10PELVP316R092;OPEL;ADAM;entrainement
M10PELVP316S119;OPEL;ADAM;entrainement
M10PELVP316T095;OPEL;ADAM;entrainement
M10PELVP3113038;OPEL;ADAM;entrainement
M10PELVP316D298;OPEL;ADAM;entrainement
M10PELVP316G301;OPEL;ADAM;entrainement
M10PELVP316J303;OPEL;ADAM;entrainement
M10PELVP316J304;OPEL;ADAM;entrainement
M10PELVP316K596;OPEL;ADAM;entrainement
M10PELVP316L306;OPEL;ADAM;entrainement
M10PELVP316P309;OPEL;ADAM;entrainement
M10PELVP316R312;OPEL;ADAM;entrainement
M10PELVP3099955;OPEL;ADAM;entrainement
M10PELVP309B957;OPEL;ADAM;entrainement
M10PELVP309E960;OPEL;ADAM;entrainement
M10PELVP316H374;OPEL;ADAM;entrainement
M10PELVP316J375;OPEL;ADAM;entrainement
M10PELVP0800205;OPEL;AGILA;calibration
M10PELVP0802207;OPEL;AGILA;calibration
M10PELVP0804209;OPEL;AGILA;calibration
M10PELVP0805210;OPEL;AGILA;calibration
M10PELVP0807212;OPEL;AGILA;calibration
M10PELVP212J867;OPEL;AMPERA;entrainement
M10PELVP298R621;OPEL;ANTARA;entrainement
M10PELVP298V625;OPEL;ANTARA;entrainement
M10PELVP321V092;OPEL;ASTRA;calibration
M10PELVP3201900;OPEL;ASTRA;calibration
M10PELVP3205904;OPEL;ASTRA;calibration
M10PELVP3206905;OPEL;ASTRA;calibration
M10PELVP3213901;OPEL;ASTRA;calibration
M10PELVP321R961;OPEL;ASTRA;calibration
M10PELVP321W445;OPEL;ASTRA;calibration
M10PELVP320J979;OPEL;ASTRA;calibration
M10PELVP320W543;OPEL;ASTRA;calibration
M10PELVP321T054;OPEL;ASTRA;calibration
M10PELVP321U055;OPEL;ASTRA;calibration
M10PELVP2911893;OPEL;ASTRA;calibration
M10PELVP2916801;OPEL;ASTRA;calibration
M10PELVP2917802;OPEL;ASTRA;calibration
M10PELVP2918803;OPEL;ASTRA;calibration
M10PELVP2919804;OPEL;ASTRA;calibration
M10PELVP291A805;OPEL;ASTRA;calibration
M10PELVP291B806;OPEL;ASTRA;calibration
M10PELVP2528659;OPEL;ASTRA;calibration
M10PELVP252A661;OPEL;ASTRA;calibration
M10PELVP252B662;OPEL;ASTRA;calibration
M10PELVP252J669;OPEL;ASTRA;calibration
M10PELVP252J670;OPEL;ASTRA;calibration
M10PELVP252K671;OPEL;ASTRA;calibration
M10PELVP252L672;OPEL;ASTRA;calibration
M10PELVP321R149;OPEL;ASTRA;calibration
M10PELVP321U152;OPEL;ASTRA;calibration
M10PELVP274M712;OPEL;ASTRA;calibration
M10PELVP341H446;OPEL;ASTRA;calibration
M10PELVP2748734;OPEL;ASTRA;calibration
M10PELVP274A736;OPEL;ASTRA;calibration
M10PELVP274B737;OPEL;ASTRA;calibration
M10PELVP341F480;OPEL;ASTRA;calibration
M10PELVP341H482;OPEL;ASTRA;calibration
M10PELVP341A536;OPEL;ASTRA;calibration
M10PELVP341B537;OPEL;ASTRA;calibration
M10PELVP341J508;OPEL;ASTRA;calibration
M10PELVP341J509;OPEL;ASTRA;calibration
M10PELVP3417497;OPEL;ASTRA;calibration
M10PELVP3418498;OPEL;ASTRA;calibration
M10PELVP301H062;OPEL;ASTRA;calibration
M10PELVP301T074;OPEL;ASTRA;calibration
M10PELVP301V076;OPEL;ASTRA;calibration
M10PELVP341V618;OPEL;ASTRA;calibration
M10PELVP341Z622;OPEL;ASTRA;calibration
M10PELVP341A694;OPEL;ASTRA;calibration
M10PELVP341E734;OPEL;ASTRA;calibration
M10PELVP341H737;OPEL;ASTRA;calibration
M10PELVP277P906;OPEL;ASTRA;calibration
M10PELVP341G869;OPEL;ASTRA;calibration
M10PELVP341P842;OPEL;ASTRA;calibration
M10PELVP277K840;OPEL;ASTRA;calibration
M10PELVP277N843;OPEL;ASTRA;calibration
M10PELVP341A827;OPEL;ASTRA;calibration
M10PELVP344M096;OPEL;CASCADA;entrainement
M10PELVP3016694;OPEL;CASCADA;entrainement
M10PELVP3017695;OPEL;CASCADA;entrainement
M10PELVP301G704;OPEL;CASCADA;entrainement
M10PELVP301H705;OPEL;CASCADA;entrainement
M10PELVP2525656;OPEL;COMBO;test
M10PELVP252Z650;OPEL;COMBO;test
M10PELVP070P434;OPEL;COMBO;test
M10PELVP070R435;OPEL;COMBO;test
M10PELVP252T644;OPEL;COMBO;test
M10PELVP252U645;OPEL;COMBO;test
M10PELVP3108856;OPEL;CORSA;calibration
M10PELVP310D085;OPEL;CORSA;calibration
M10PELVP310G088;OPEL;CORSA;calibration
M10PELVP310S064;OPEL;CORSA;calibration
M10PELVP310C436;OPEL;CORSA;calibration
M10PELVP310F439;OPEL;CORSA;calibration
M10PELVP310J442;OPEL;CORSA;calibration
M10PELVP310L445;OPEL;CORSA;calibration
M10PELVP311E570;OPEL;CORSA;calibration
M10PELVP311J186;OPEL;CORSA;calibration
M10PELVP311J600;OPEL;CORSA;calibration
M10PELVP311L602;OPEL;CORSA;calibration
M10PELVP311M603;OPEL;CORSA;calibration
M10PELVP311S609;OPEL;CORSA;calibration
M10PELVP312J017;OPEL;CORSA;calibration
M10PELVP310G598;OPEL;CORSA;calibration
M10PELVP310J601;OPEL;CORSA;calibration
M10PELVP310K602;OPEL;CORSA;calibration
M10PELVP311U744;OPEL;CORSA;calibration
M10PELVP311V745;OPEL;CORSA;calibration
M10PELVP311X747;OPEL;CORSA;calibration
M10PELVP311Y748;OPEL;CORSA;calibration
M10PELVP312J149;OPEL;CORSA;calibration
M10PELVP3092973;OPEL;CORSA;calibration
M10PELVP3093974;OPEL;CORSA;calibration
M10PELVP3094975;OPEL;CORSA;calibration
M10PELVP311R414;OPEL;CORSA;calibration
M10PELVP311U417;OPEL;CORSA;calibration
M10PELVP311V418;OPEL;CORSA;calibration
M10PELVP3102196;OPEL;CORSA;calibration
M10PELVP3105199;OPEL;CORSA;calibration
M10PELVP310P193;OPEL;CORSA;calibration
M10PELVP311W552;OPEL;CORSA;calibration
M10PELVP311Z555;OPEL;CORSA;calibration
M10PELVP310R159;OPEL;CORSA;calibration
M10PELVP310R160;OPEL;CORSA;calibration
M10PELVP310T162;OPEL;CORSA;calibration
M10PELVP310V164;OPEL;CORSA;calibration
M10PELVP311V515;OPEL;CORSA;calibration
M10PELVP311W516;OPEL;CORSA;calibration
M10PELVP311X517;OPEL;CORSA;calibration
M10PELVP2123949;OPEL;INSIGNIA;calibration
M10PELVP3165750;OPEL;INSIGNIA;calibration
M10PELVP317J145;OPEL;INSIGNIA;calibration
M10PELVP3175228;OPEL;INSIGNIA;calibration
M10PELVP3176229;OPEL;INSIGNIA;calibration
M10PELVP3177557;OPEL;INSIGNIA;calibration
M10PELVP317D236;OPEL;INSIGNIA;calibration
M10PELVP317K243;OPEL;INSIGNIA;calibration
M10PELVP317L208;OPEL;INSIGNIA;calibration
M10PELVP317M209;OPEL;INSIGNIA;calibration
M10PELVP317S215;OPEL;INSIGNIA;calibration
M10PELVP317S542;OPEL;INSIGNIA;calibration
M10PELVP317T543;OPEL;INSIGNIA;calibration
M10PELVP341K255;OPEL;INSIGNIA;calibration
M10PELVP205D445;OPEL;INSIGNIA;calibration
M10PELVP205F447;OPEL;INSIGNIA;calibration
M10PELVP290R966;OPEL;INSIGNIA;calibration
M10PELVP290S968;OPEL;INSIGNIA;calibration
M10PELVP291P177;OPEL;INSIGNIA;calibration
M10PELVP291R179;OPEL;INSIGNIA;calibration
M10PELVP2907814;OPEL;INSIGNIA;calibration
M10PELVP291D032;OPEL;INSIGNIA;calibration
M10PELVP1937717;OPEL;INSIGNIA;calibration
M10PELVP1939719;OPEL;INSIGNIA;calibration
M10PELVP193A720;OPEL;INSIGNIA;calibration
M10PELVP213D013;OPEL;INSIGNIA;calibration
M10PELVP213E014;OPEL;INSIGNIA;calibration
M10PELVP290C952;OPEL;INSIGNIA;calibration
M10PELVP290E954;OPEL;INSIGNIA;calibration
M10PELVP291E166;OPEL;INSIGNIA;calibration
M10PELVP291G168;OPEL;INSIGNIA;calibration
M10PELVP291J170;OPEL;INSIGNIA;calibration
M10PELVP291K172;OPEL;INSIGNIA;calibration
M10PELVP291Y186;OPEL;INSIGNIA;calibration
M10PELVP2059308;OPEL;INSIGNIA;calibration
M10PELVP2133003;OPEL;INSIGNIA;calibration
M10PELVP2906874;OPEL;INSIGNIA;calibration
M10PELVP290T872;OPEL;INSIGNIA;calibration
M10PELVP290Y841;OPEL;INSIGNIA;calibration
M10PELVP304P745;OPEL;INSIGNIA;calibration
M10PELVP304P746;OPEL;INSIGNIA;calibration
M10PELVP304T847;OPEL;INSIGNIA;calibration
M10PELVP304U848;OPEL;INSIGNIA;calibration
M10PELVP304V849;OPEL;INSIGNIA;calibration
M10PELVP3170320;OPEL;INSIGNIA;calibration
M10PELVP3171321;OPEL;INSIGNIA;calibration
M10PELVP3171612;OPEL;INSIGNIA;calibration
M10PELVP3172613;OPEL;INSIGNIA;calibration
M10PELVP3175616;OPEL;INSIGNIA;calibration
M10PELVP3176617;OPEL;INSIGNIA;calibration
M10PELVP317J762;OPEL;INSIGNIA;calibration
M10PELVP317J763;OPEL;INSIGNIA;calibration
M10PELVP317V315;OPEL;INSIGNIA;calibration
M10PELVP317W316;OPEL;INSIGNIA;calibration
M10PELVP1930516;OPEL;INSIGNIA;calibration
M10PELVP1934714;OPEL;INSIGNIA;calibration
M10PELVP205E313;OPEL;INSIGNIA;calibration
M10PELVP205X332;OPEL;INSIGNIA;calibration
M10PELVP2539368;OPEL;INSIGNIA;calibration
M10PELVP253A369;OPEL;INSIGNIA;calibration
M10PELVP2903943;OPEL;INSIGNIA;calibration
M10PELVP290P928;OPEL;INSIGNIA;calibration
M10PELVP291B163;OPEL;INSIGNIA;calibration
M10PELVP291R142;OPEL;INSIGNIA;calibration
M10PELVP291S144;OPEL;INSIGNIA;calibration
M10PELVP344D403;OPEL;MERIVA;entrainement
M10PELVP344J409;OPEL;MERIVA;entrainement
M10PELVP344R355;OPEL;MERIVA;entrainement
M10PELVP344W361;OPEL;MERIVA;entrainement
M10PELVP2996441;OPEL;MERIVA;entrainement
M10PELVP2999383;OPEL;MERIVA;entrainement
M10PELVP299A445;OPEL;MERIVA;entrainement
M10PELVP299E449;OPEL;MERIVA;entrainement
M10PELVP299F450;OPEL;MERIVA;entrainement
M10PELVP299L905;OPEL;MERIVA;entrainement
M10PELVP299R389;OPEL;MERIVA;entrainement
M10PELVP299X396;OPEL;MERIVA;entrainement
M10PELVP2996477;OPEL;MERIVA;entrainement
M10PELVP299T683;OPEL;MERIVA;entrainement
M10PELVP299V685;OPEL;MERIVA;entrainement
M10PELVP2996635;OPEL;MERIVA;entrainement
M10PELVP2998637;OPEL;MERIVA;entrainement
M10PELVP2999638;OPEL;MERIVA;entrainement
M10PELVP299A700;OPEL;MERIVA;entrainement
M10PELVP300R073;OPEL;MERIVA;entrainement
M10PELVP300T075;OPEL;MERIVA;entrainement
M10PELVP253R605;OPEL;MERIVA;entrainement
M10PELVP299J611;OPEL;MERIVA;entrainement
M10PELVP299K613;OPEL;MERIVA;entrainement
M10PELVP299L614;OPEL;MERIVA;entrainement
M10PELVP2996477;OPEL;MERIVA;entrainement
M10PELVP318S444;OPEL;MOKKA;entrainement
M10PELVP3180452;OPEL;MOKKA;entrainement
M10PELVP3181453;OPEL;MOKKA;entrainement
M10PELVP3182454;OPEL;MOKKA;entrainement
M10PELVP3183455;OPEL;MOKKA;entrainement
M10PELVP3184456;OPEL;MOKKA;entrainement
M10PELVP3186458;OPEL;MOKKA;entrainement
M10PELVP3187459;OPEL;MOKKA;entrainement
M10PELVP318P440;OPEL;MOKKA;entrainement
M10PELVP318P441;OPEL;MOKKA;entrainement
M10PELVP318R442;OPEL;MOKKA;entrainement
M10PELVP318R443;OPEL;MOKKA;entrainement
M10PELVP256R480;OPEL;MOKKA;entrainement
M10PELVP256S481;OPEL;MOKKA;entrainement
M10PELVP3188460;OPEL;MOKKA;entrainement
M10PELVP318C464;OPEL;MOKKA;entrainement
M10PELVP318E466;OPEL;MOKKA;entrainement
M10PELVP318F467;OPEL;MOKKA;entrainement
M10PELVP318J470;OPEL;MOKKA;entrainement
M10PELVP318J471;OPEL;MOKKA;entrainement
M10PELVP256R480;OPEL;MOKKA;entrainement
M10PELVP256S481;OPEL;MOKKA;entrainement
M10PELVP304N320;OPEL;MOVANO;entrainement
M10PELVP304P321;OPEL;MOVANO;entrainement
M10PELVP204K938;OPEL;MOVANO;entrainement
M10PELVP2052204;OPEL;MOVANO;entrainement
M10PELVP304V486;OPEL;MOVANO;entrainement
M10PELVP304W487;OPEL;MOVANO;entrainement
M10PELVP205T231;OPEL;MOVANO;entrainement
M10PELVP205V233;OPEL;MOVANO;entrainement
M10PELVP3049500;OPEL;MOVANO;entrainement
M10PELVP3156910;OPEL;VIVARO;entrainement
M10PELVP3157911;OPEL;VIVARO;entrainement
M10PELVP315P867;OPEL;VIVARO;entrainement
M10PELVP3165035;OPEL;VIVARO;entrainement
M10PELVP3166036;OPEL;VIVARO;entrainement
M10PELVP316C078;OPEL;VIVARO;entrainement
M10PELVP316D079;OPEL;VIVARO;entrainement
M10PELVP3154811;OPEL;VIVARO;entrainement
M10PELVP3155812;OPEL;VIVARO;entrainement
M10PELVP3156813;OPEL;VIVARO;entrainement
M10PELVP315C855;OPEL;VIVARO;entrainement
M10PELVP315D856;OPEL;VIVARO;entrainement
M10PELVP3152651;OPEL;VIVARO;entrainement
M10PELVP3153652;OPEL;VIVARO;entrainement
M10PELVP3154653;OPEL;VIVARO;entrainement
M10PELVP315C686;OPEL;VIVARO;entrainement
M10PELVP315D687;OPEL;VIVARO;entrainement
M10PELVP315E688;OPEL;VIVARO;entrainement
M10PELVP315L695;OPEL;VIVARO;entrainement
M10PELVP315V644;OPEL;VIVARO;entrainement
M10PELVP315W645;OPEL;VIVARO;entrainement
M10PELVP315X646;OPEL;VIVARO;entrainement
M10PELVP315Y708;OPEL;VIVARO;entrainement
M10PELVP315H533;OPEL;VIVARO;entrainement
M10PELVP315J534;OPEL;VIVARO;entrainement
M10PELVP315N575;OPEL;VIVARO;entrainement
M10PELVP315P541;OPEL;VIVARO;entrainement
M10PELVP3017925;OPEL;ZAFIRA;entrainement
M10PELVP302D348;OPEL;ZAFIRA;entrainement
M10PELVP3027209;OPEL;ZAFIRA;entrainement
M10PELVP302V003;OPEL;ZAFIRA;entrainement
M10PELVP2757926;OPEL;ZAFIRA;entrainement
M10PELVP2759928;OPEL;ZAFIRA;entrainement
M10PELVP275A929;OPEL;ZAFIRA;entrainement
M10PELVP275C931;OPEL;ZAFIRA;entrainement
M10PELVP3023047;OPEL;ZAFIRA;entrainement
M10PELVP3027051;OPEL;ZAFIRA;entrainement
M10PELVP3027475;OPEL;ZAFIRA;entrainement
M10PELVP302Y042;OPEL;ZAFIRA;entrainement
M10PELVP3010785;OPEL;ZAFIRA;entrainement
M10PELVP301R776;OPEL;ZAFIRA;entrainement
M10PELVP301S716;OPEL;ZAFIRA;entrainement
M10PELVP301W720;OPEL;ZAFIRA;entrainement
M10PELVP301W781;OPEL;ZAFIRA;entrainement
M10PELVP301X721;OPEL;ZAFIRA;entrainement
M10PELVP342D502;OPEL;ZAFIRA;entrainement
M10PELVP342H506;OPEL;ZAFIRA;entrainement
M10PELVP3430269;OPEL;ZAFIRA;entrainement
M10PELVP3012302;OPEL;ZAFIRA;entrainement
M10PELVP3014304;OPEL;ZAFIRA;entrainement
M10PELVP3014401;OPEL;ZAFIRA;entrainement
M10PELVP3017307;OPEL;ZAFIRA;entrainement
M10PELVP3019309;OPEL;ZAFIRA;entrainement
M10PELVP301B311;OPEL;ZAFIRA;entrainement
M10PELVP301B480;OPEL;ZAFIRA;entrainement
M10PELVP301D313;OPEL;ZAFIRA;entrainement
M10PELVP301F484;OPEL;ZAFIRA;entrainement
M10PELVP301R485;OPEL;ZAFIRA;entrainement
M10PELVP301T487;OPEL;ZAFIRA;entrainement
M10PELVP301V489;OPEL;ZAFIRA;entrainement
M10PELVP342F637;OPEL;ZAFIRA;entrainement
M10PELVP342H700;OPEL;ZAFIRA;entrainement
M10PELVP275P944;OPEL;ZAFIRA;entrainement
M10PELVP275R945;OPEL;ZAFIRA;entrainement
M10PELVP275S947;OPEL;ZAFIRA;entrainement
M10PELVP275U949;OPEL;ZAFIRA;entrainement
M10PGTVP015J666;PEUGEOT;108;entrainement
M10PGTVP015J667;PEUGEOT;108;entrainement
M10PGTVP015M670;PEUGEOT;108;entrainement
M10PGTVP015P672;PEUGEOT;108;entrainement
M10PGTVP015P673;PEUGEOT;108;entrainement
M10PGTVP015R674;PEUGEOT;108;entrainement
M10PGTVP015S676;PEUGEOT;108;entrainement
M10PGTVP015T677;PEUGEOT;108;entrainement
M10PGTVP015E662;PEUGEOT;108;entrainement
M10PGTVP015F663;PEUGEOT;108;entrainement
M10PGTVP015G664;PEUGEOT;108;entrainement
M10PGTVP015H665;PEUGEOT;108;entrainement
M10PGTVP0167000;PEUGEOT;2008;entrainement
M10PGTVP028F747;PEUGEOT;2008;entrainement
M10PGTVP028P914;PEUGEOT;2008;entrainement
M10PGTVP028P915;PEUGEOT;2008;entrainement
M10PGTVP028R916;PEUGEOT;2008;entrainement
M10PGTVP028H749;PEUGEOT;2008;entrainement
M10PGTVP028K292;PEUGEOT;2008;entrainement
M10PGTVP015Z999;PEUGEOT;2008;entrainement
M10PGTVP028J909;PEUGEOT;2008;entrainement
M10PGTVP028K910;PEUGEOT;2008;entrainement
M10PGTVP028L911;PEUGEOT;2008;entrainement
M10PGTVP0153651;PEUGEOT;2008;entrainement
M10PGTVP009K250;PEUGEOT;207;entrainement
M10PGTVP0280405;PEUGEOT;207;entrainement
M10PGTVP0281406;PEUGEOT;207;entrainement
M10PGTVP009P255;PEUGEOT;207;entrainement
M10PGTVP009R256;PEUGEOT;207;entrainement
M10PGTVP0285737;PEUGEOT;208;test
M10PGTVP0286738;PEUGEOT;208;test
M10PGTVP028A742;PEUGEOT;208;test
M10PGTVP028B743;PEUGEOT;208;test
M10PGTVP028G906;PEUGEOT;208;test
M10PGTVP028J908;PEUGEOT;208;test
M10PGTVP028U726;PEUGEOT;208;test
M10PGTVP028V727;PEUGEOT;208;test
M10PGTVP028W728;PEUGEOT;208;test
M10PGTVP028X729;PEUGEOT;208;test
M10PGTVP012L309;PEUGEOT;208;test
M10PGTVP012M310;PEUGEOT;208;test
M10PGTVP028M657;PEUGEOT;208;test
M10PGTVP028N658;PEUGEOT;208;test
M10PGTVP012S316;PEUGEOT;208;test
M10PGTVP016T216;PEUGEOT;208;test
M10PGTVP015M986;PEUGEOT;208;test
M10PGTVP015N987;PEUGEOT;208;test
M10PGTVP016C005;PEUGEOT;208;test
M10PGTVP016F008;PEUGEOT;208;test
M10PGTVP0287897;PEUGEOT;208;test
M10PGTVP0289899;PEUGEOT;208;test
M10PGTVP028C902;PEUGEOT;208;test
M10PGTVP028D903;PEUGEOT;208;test
M10PGTVP028E904;PEUGEOT;208;test
M10PGTVP028M912;PEUGEOT;208;test
M10PGTVP028N913;PEUGEOT;208;test
M10PGTVP0151649;PEUGEOT;208;test
M10PGTVP015Y646;PEUGEOT;208;test
M10PGTVP0130226;PEUGEOT;3008;calibration
M10PGTVP016M051;PEUGEOT;3008;calibration
M10PGTVP016N052;PEUGEOT;3008;calibration
M10PGTVP016P053;PEUGEOT;3008;calibration
M10PGTVP016P054;PEUGEOT;3008;calibration
M10PGTVP016R055;PEUGEOT;3008;calibration
M10PGTVP0283771;PEUGEOT;3008;calibration
M10PGTVP0284772;PEUGEOT;3008;calibration
M10PGTVP0285773;PEUGEOT;3008;calibration
M10PGTVP007E864;PEUGEOT;3008;calibration
M10PGTVP007G866;PEUGEOT;3008;calibration
M10PGTVP007L871;PEUGEOT;3008;calibration
M10PGTVP015A658;PEUGEOT;3008;calibration
M10PGTVP0275993;PEUGEOT;3008;calibration
M10PGTVP028N683;PEUGEOT;3008;calibration
M10PGTVP0103196;PEUGEOT;3008;calibration
M10PGTVP028J679;PEUGEOT;3008;calibration
M10PGTVP016R056;PEUGEOT;3008;calibration
M10PGTVP016S057;PEUGEOT;3008;calibration
M10PGTVP0117914;PEUGEOT;308;entrainement
M10PGTVP0137682;PEUGEOT;308;entrainement
M10PGTVP013R677;PEUGEOT;308;entrainement
M10PGTVP0135680;PEUGEOT;308;entrainement
M10PGTVP013N673;PEUGEOT;308;entrainement
M10PGTVP013P675;PEUGEOT;308;entrainement
M10PGTVP013S678;PEUGEOT;308;entrainement
M10PGTVP028P272;PEUGEOT;308;entrainement
M10PGTVP028R274;PEUGEOT;308;entrainement
M10PGTVP028S275;PEUGEOT;308;entrainement
M10PGTVP028U277;PEUGEOT;308;entrainement
M10PGTVP013L150;PEUGEOT;308;entrainement
M10PGTVP016U217;PEUGEOT;308;entrainement
M10PGTVP016V218;PEUGEOT;308;entrainement
M10PGTVP028B707;PEUGEOT;308;entrainement
M10PGTVP028D709;PEUGEOT;308;entrainement
M10PGTVP028E710;PEUGEOT;308;entrainement
M10PGTVP028G712;PEUGEOT;308;entrainement
M10PGTVP011R704;PEUGEOT;308;entrainement
M10PGTVP011R933;PEUGEOT;308;entrainement
M10PGTVP0094198;PEUGEOT;308;entrainement
M10PGTVP011B918;PEUGEOT;308;entrainement
M10PGTVP011X940;PEUGEOT;308;entrainement
M10PGTVP0280283;PEUGEOT;308;entrainement
M10PGTVP0282285;PEUGEOT;308;entrainement
M10PGTVP0286289;PEUGEOT;308;entrainement
M10PGTVP028J291;PEUGEOT;308;entrainement
M10PGTVP028K716;PEUGEOT;308;entrainement
M10PGTVP028R722;PEUGEOT;308;entrainement
M10PGTVP0110943;PEUGEOT;308;entrainement
M10PGTVP0113946;PEUGEOT;308;entrainement
M10PGTVP0114947;PEUGEOT;308;entrainement
M10PGTVP011W709;PEUGEOT;308;entrainement
M10PGTVP011Y941;PEUGEOT;308;entrainement
M10PGTVP011Z942;PEUGEOT;308;entrainement
M10PGTVP0098202;PEUGEOT;308;entrainement
M10PGTVP013N152;PEUGEOT;308;entrainement
M10PGTVP028V278;PEUGEOT;308;entrainement
M10PGTVP028W279;PEUGEOT;308;entrainement
M10PGTVP0045531;PEUGEOT;4008;calibration
M10PGTVP014G726;PEUGEOT;4008;calibration
M10PGTVP0280696;PEUGEOT;5008;test
M10PGTVP0281697;PEUGEOT;5008;test
M10PGTVP0288704;PEUGEOT;5008;test
M10PGTVP0289705;PEUGEOT;5008;test
M10PGTVP028A706;PEUGEOT;5008;test
M10PGTVP028Z695;PEUGEOT;5008;test
M10PGTVP0167072;PEUGEOT;5008;test
M10PGTVP0169074;PEUGEOT;5008;test
M10PGTVP0282698;PEUGEOT;5008;test
M10PGTVP0283699;PEUGEOT;5008;test
M10PGTVP0284700;PEUGEOT;5008;test
M10PGTVP028T689;PEUGEOT;5008;test
M10PGTVP028U690;PEUGEOT;5008;test
M10PGTVP028V691;PEUGEOT;5008;test
M10PGTVP015P636;PEUGEOT;5008;test
M10PGTVP015P637;PEUGEOT;5008;test
M10PGTVP028J000;PEUGEOT;5008;test
M10PGTVP028K001;PEUGEOT;5008;test
M10PGTVP028P006;PEUGEOT;5008;test
M10PGTVP028R007;PEUGEOT;5008;test
M10PGTVP0160065;PEUGEOT;5008;test
M10PGTVP0161066;PEUGEOT;5008;test
M10PGTVP0162067;PEUGEOT;5008;test
M10PGTVP016Z064;PEUGEOT;5008;test
M10PGTVP0167036;PEUGEOT;508;calibration
M10PGTVP0169038;PEUGEOT;508;calibration
M10PGTVP016C041;PEUGEOT;508;calibration
M10PGTVP016D042;PEUGEOT;508;calibration
M10PGTVP016G045;PEUGEOT;508;calibration
M10PGTVP016H046;PEUGEOT;508;calibration
M10PGTVP016J048;PEUGEOT;508;calibration
M10PGTVP016L050;PEUGEOT;508;calibration
M10PGTVP028A354;PEUGEOT;508;calibration
M10PGTVP028B355;PEUGEOT;508;calibration
M10PGTVP028J362;PEUGEOT;508;calibration
M10PGTVP028J363;PEUGEOT;508;calibration
M10PGTVP011H572;PEUGEOT;508;calibration
M10PGTVP011M893;PEUGEOT;508;calibration
M10PGTVP0149719;PEUGEOT;508;calibration
M10PGTVP014A720;PEUGEOT;508;calibration
M10PGTVP028G360;PEUGEOT;508;calibration
M10PGTVP028H361;PEUGEOT;508;calibration
M10PGTVP028P368;PEUGEOT;508;calibration
M10PGTVP028P369;PEUGEOT;508;calibration
M10PGTVP028R395;PEUGEOT;508;calibration
M10PGTVP028R396;PEUGEOT;508;calibration
M10PGTVP028U399;PEUGEOT;508;calibration
M10PGTVP028V400;PEUGEOT;508;calibration
M10PGTVP0161030;PEUGEOT;508;calibration
M10PGTVP0165034;PEUGEOT;508;calibration
M10PGTVP028R662;PEUGEOT;508;calibration
M10PGTVP028R759;PEUGEOT;508;calibration
M10PGTVP028S663;PEUGEOT;508;calibration
M10PGTVP028T664;PEUGEOT;508;calibration
M10PGTVP028U665;PEUGEOT;508;calibration
M10PGTVP016W025;PEUGEOT;508;calibration
M10PGTVP016X026;PEUGEOT;508;calibration
M10PGTVP0164166;PEUGEOT;BIPPER;test
M10PGTVP014A623;PEUGEOT;BOXER;calibration
M10PGTVP014B624;PEUGEOT;BOXER;calibration
M10PGTVP014L573;PEUGEOT;BOXER;calibration
M10PGTVP014M574;PEUGEOT;BOXER;calibration
M10PGTVP014A587;PEUGEOT;BOXER;calibration
M10PGTVP014B588;PEUGEOT;BOXER;calibration
M10PGTVP014C589;PEUGEOT;BOXER;calibration
M10PGTVP014D590;PEUGEOT;BOXER;calibration
M10PGTVP014W645;PEUGEOT;BOXER;calibration
M10PGTVP014X646;PEUGEOT;BOXER;calibration
M10PGTVP014K669;PEUGEOT;BOXER;calibration
M10PGTVP014L670;PEUGEOT;BOXER;calibration
M10PGTVP013J536;PEUGEOT;EXPERT;entrainement
M10PGTVP013K537;PEUGEOT;EXPERT;entrainement
M10PGTVP0081947;PEUGEOT;EXPERT;entrainement
M10PGTVP0085951;PEUGEOT;EXPERT;entrainement
M10PGTVP0082948;PEUGEOT;EXPERT;entrainement
M10PGTVP0083949;PEUGEOT;EXPERT;entrainement
M10PGTVP0086952;PEUGEOT;EXPERT;entrainement
M10PGTVP0087953;PEUGEOT;EXPERT;entrainement
M10PGTVP0136196;PEUGEOT;PARTNER;test
M10PGTVP009T029;PEUGEOT;PARTNER;test
M10PGTVP0113716;PEUGEOT;PARTNER;test
M10PGTVP0114717;PEUGEOT;PARTNER;test
M10PGTVP0116719;PEUGEOT;PARTNER;test
M10PGTVP0137197;PEUGEOT;PARTNER;test
M10PGTVP006Y170;PEUGEOT;PARTNER;test
M10PGTVP014H691;PEUGEOT;RCZ;test
M10PGTVP014J693;PEUGEOT;RCZ;test
M10PGTVP014J692;PEUGEOT;RCZ;test
M10PGTVP014K694;PEUGEOT;RCZ;test
M10PGTVP016L014;PEUGEOT;RCZ;test
M10PGTVP028T725;PEUGEOT;RCZ;test
M10PSCVP0004830;PORSCHE;911;entrainement
M10PSCVP0005698;PORSCHE;911;entrainement
M10PSCVP0005831;PORSCHE;911;entrainement
M10PSCVP0006699;PORSCHE;911;entrainement
M10PSCVP0006832;PORSCHE;911;entrainement
M10PSCVP0007833;PORSCHE;911;entrainement
M10PSCVP0008834;PORSCHE;911;entrainement
M10PSCVP0009835;PORSCHE;911;entrainement
M10PSCVP000G806;PORSCHE;911;entrainement
M10PSCVP000H807;PORSCHE;911;entrainement
M10PSCVP000J844;PORSCHE;911;entrainement
M10PSCVP000J845;PORSCHE;911;entrainement
M10PSCVP000K810;PORSCHE;911;entrainement
M10PSCVP000K846;PORSCHE;911;entrainement
M10PSCVP000L811;PORSCHE;911;entrainement
M10PSCVP000L847;PORSCHE;911;entrainement
M10PSCVP000S818;PORSCHE;911;entrainement
M10PSCVP000T819;PORSCHE;911;entrainement
M10PSCVP000Y824;PORSCHE;911;entrainement
M10PSCVP000Z825;PORSCHE;911;entrainement
M10PSCVP0000826;PORSCHE;911;entrainement
M10PSCVP0001827;PORSCHE;911;entrainement
M10PSCVP0002961;PORSCHE;911;entrainement
M10PSCVP0003962;PORSCHE;911;entrainement
M10PSCVP0004963;PORSCHE;911;entrainement
M10PSCVP0005964;PORSCHE;911;entrainement
M10PSCVP0009702;PORSCHE;911;entrainement
M10PSCVP000A703;PORSCHE;911;entrainement
M10PSCVP000A969;PORSCHE;911;entrainement
M10PSCVP000B704;PORSCHE;911;entrainement
M10PSCVP000C705;PORSCHE;911;entrainement
M10PSCVP000E937;PORSCHE;911;entrainement
M10PSCVP000F938;PORSCHE;911;entrainement
M10PSCVP000G939;PORSCHE;911;entrainement
M10PSCVP000H940;PORSCHE;911;entrainement
M10PSCVP000M812;PORSCHE;911;entrainement
M10PSCVP000M848;PORSCHE;911;entrainement
M10PSCVP000M945;PORSCHE;911;entrainement
M10PSCVP000M970;PORSCHE;911;entrainement
M10PSCVP000N813;PORSCHE;911;entrainement
M10PSCVP000N849;PORSCHE;911;entrainement
M10PSCVP000N946;PORSCHE;911;entrainement
M10PSCVP000N971;PORSCHE;911;entrainement
M10PSCVP000P850;PORSCHE;911;entrainement
M10PSCVP000P851;PORSCHE;911;entrainement
M10PSCVP000P972;PORSCHE;911;entrainement
M10PSCVP000R949;PORSCHE;911;entrainement
M10PSCVP000R950;PORSCHE;911;entrainement
M10PSCVP000U953;PORSCHE;911;entrainement
M10PSCVP000V954;PORSCHE;911;entrainement
M10PSCVP000W955;PORSCHE;911;entrainement
M10PSCVP000X956;PORSCHE;911;entrainement
M10PSCVP0000887;PORSCHE;911;entrainement
M10PSCVP0000959;PORSCHE;911;entrainement
M10PSCVP0000984;PORSCHE;911;entrainement
M10PSCVP0001888;PORSCHE;911;entrainement
M10PSCVP0001960;PORSCHE;911;entrainement
M10PSCVP0001985;PORSCHE;911;entrainement
M10PSCVP0002889;PORSCHE;911;entrainement
M10PSCVP0002986;PORSCHE;911;entrainement
M10PSCVP0003829;PORSCHE;911;entrainement
M10PSCVP0003890;PORSCHE;911;entrainement
M10PSCVP0003987;PORSCHE;911;entrainement
M10PSCVP0004891;PORSCHE;911;entrainement
M10PSCVP0004988;PORSCHE;911;entrainement
M10PSCVP0005892;PORSCHE;911;entrainement
M10PSCVP0005989;PORSCHE;911;entrainement
M10PSCVP0006893;PORSCHE;911;entrainement
M10PSCVP0006965;PORSCHE;911;entrainement
M10PSCVP0006990;PORSCHE;911;entrainement
M10PSCVP0007894;PORSCHE;911;entrainement
M10PSCVP0007966;PORSCHE;911;entrainement
M10PSCVP0007991;PORSCHE;911;entrainement
M10PSCVP0008895;PORSCHE;911;entrainement
M10PSCVP0008967;PORSCHE;911;entrainement
M10PSCVP0008992;PORSCHE;911;entrainement
M10PSCVP0009896;PORSCHE;911;entrainement
M10PSCVP0009968;PORSCHE;911;entrainement
M10PSCVP0009993;PORSCHE;911;entrainement
M10PSCVP000A897;PORSCHE;911;entrainement
M10PSCVP000A994;PORSCHE;911;entrainement
M10PSCVP000B898;PORSCHE;911;entrainement
M10PSCVP000B995;PORSCHE;911;entrainement
M10PSCVP000C899;PORSCHE;911;entrainement
M10PSCVP000C996;PORSCHE;911;entrainement
M10PSCVP000D706;PORSCHE;911;entrainement
M10PSCVP000D900;PORSCHE;911;entrainement
M10PSCVP000D997;PORSCHE;911;entrainement
M10PSCVP000E707;PORSCHE;911;entrainement
M10PSCVP000E901;PORSCHE;911;entrainement
M10PSCVP000E998;PORSCHE;911;entrainement
M10PSCVP000F708;PORSCHE;911;entrainement
M10PSCVP000F841;PORSCHE;911;entrainement
M10PSCVP000F999;PORSCHE;911;entrainement
M10PSCVP000G709;PORSCHE;911;entrainement
M10PSCVP000G842;PORSCHE;911;entrainement
M10PSCVP000H843;PORSCHE;911;entrainement
M10PSCVP000J941;PORSCHE;911;entrainement
M10PSCVP000J942;PORSCHE;911;entrainement
M10PSCVP000K943;PORSCHE;911;entrainement
M10PSCVP000L944;PORSCHE;911;entrainement
M10PSCVP000P815;PORSCHE;911;entrainement
M10PSCVP000P876;PORSCHE;911;entrainement
M10PSCVP000P947;PORSCHE;911;entrainement
M10PSCVP000P948;PORSCHE;911;entrainement
M10PSCVP000P973;PORSCHE;911;entrainement
M10PSCVP000R816;PORSCHE;911;entrainement
M10PSCVP000R817;PORSCHE;911;entrainement
M10PSCVP000R852;PORSCHE;911;entrainement
M10PSCVP000R853;PORSCHE;911;entrainement
M10PSCVP000R877;PORSCHE;911;entrainement
M10PSCVP000R878;PORSCHE;911;entrainement
M10PSCVP000R974;PORSCHE;911;entrainement
M10PSCVP000R975;PORSCHE;911;entrainement
M10PSCVP000S879;PORSCHE;911;entrainement
M10PSCVP000S951;PORSCHE;911;entrainement
M10PSCVP000S976;PORSCHE;911;entrainement
M10PSCVP000T855;PORSCHE;911;entrainement
M10PSCVP000T880;PORSCHE;911;entrainement
M10PSCVP000T952;PORSCHE;911;entrainement
M10PSCVP000T977;PORSCHE;911;entrainement
M10PSCVP000U881;PORSCHE;911;entrainement
M10PSCVP000U978;PORSCHE;911;entrainement
M10PSCVP000V882;PORSCHE;911;entrainement
M10PSCVP000V979;PORSCHE;911;entrainement
M10PSCVP000W822;PORSCHE;911;entrainement
M10PSCVP000W883;PORSCHE;911;entrainement
M10PSCVP000W980;PORSCHE;911;entrainement
M10PSCVP000X823;PORSCHE;911;entrainement
M10PSCVP000X884;PORSCHE;911;entrainement
M10PSCVP000X981;PORSCHE;911;entrainement
M10PSCVP000Y885;PORSCHE;911;entrainement
M10PSCVP000Y957;PORSCHE;911;entrainement
M10PSCVP000Y982;PORSCHE;911;entrainement
M10PSCVP000Z886;PORSCHE;911;entrainement
M10PSCVP000Z958;PORSCHE;911;entrainement
M10PSCVP000Z983;PORSCHE;911;entrainement
M10PSCVP001N000;PORSCHE;911;entrainement
M10PSCVP001P001;PORSCHE;911;entrainement
M10PSCVP001P002;PORSCHE;911;entrainement
M10PSCVP001R003;PORSCHE;911;entrainement
M10PSCVP001R004;PORSCHE;911;entrainement
M10PSCVP000U662;PORSCHE;911;entrainement
M10PSCVP000V663;PORSCHE;911;entrainement
M10PSCVP000C935;PORSCHE;911;entrainement
M10PSCVP000D936;PORSCHE;911;entrainement
M10PSCVP0000668;PORSCHE;911;entrainement
M10PSCVP000Y691;PORSCHE;911;entrainement
M10PSCVP000Z667;PORSCHE;911;entrainement
M10PSCVP000Z692;PORSCHE;911;entrainement
M10PSCVP0000693;PORSCHE;911;entrainement
M10PSCVP0001669;PORSCHE;911;entrainement
M10PSCVP0001694;PORSCHE;911;entrainement
M10PSCVP0002670;PORSCHE;911;entrainement
M10PSCVP000H710;PORSCHE;918;test
M10PSCVP000J711;PORSCHE;918;test
M10PSCVP000K519;PORSCHE;BOXSTER;calibration
M10PSCVP000N522;PORSCHE;BOXSTER;calibration
M10PSCVP000V760;PORSCHE;BOXSTER;calibration
M10PSCVP000X762;PORSCHE;BOXSTER;calibration
M10PSCVP0001766;PORSCHE;BOXSTER;calibration
M10PSCVP0002767;PORSCHE;BOXSTER;calibration
M10PSCVP0000765;PORSCHE;BOXSTER;calibration
M10PSCVP000R525;PORSCHE;BOXSTER;calibration
M10PSCVP000R526;PORSCHE;BOXSTER;calibration
M10PSCVP000Z764;PORSCHE;BOXSTER;calibration
M1GPSCVP0008588;PORSCHE;CAYENNE;entrainement
M1GPSCVP000J925;PORSCHE;CAYENNE;entrainement
M1GPSCVP000H924;PORSCHE;CAYENNE;entrainement
M1GPSCVP000A856;PORSCHE;CAYENNE;entrainement
M1GPSCVP000B857;PORSCHE;CAYENNE;entrainement
M10PSCVP0007930;PORSCHE;CAYENNE;entrainement
M10PSCVP0008931;PORSCHE;CAYENNE;entrainement
M10PSCVP000A933;PORSCHE;CAYENNE;entrainement
M1GPSCVP000L928;PORSCHE;CAYENNE;entrainement
M1GPSCVP000M929;PORSCHE;CAYENNE;entrainement
M1GPSCVP000P932;PORSCHE;CAYENNE;entrainement
M1GPSCVP000H863;PORSCHE;CAYENNE;entrainement
M1GPSCVP000J864;PORSCHE;CAYENNE;entrainement
M1GPSCVP000J926;PORSCHE;CAYENNE;entrainement
M1GPSCVP000G862;PORSCHE;CAYENNE;entrainement
M1GPSCVP000L867;PORSCHE;CAYENNE;entrainement
M1GPSCVP000R934;PORSCHE;CAYENNE;entrainement
M1GPSCVP000J865;PORSCHE;CAYENNE;entrainement
M1GPSCVP000K866;PORSCHE;CAYENNE;entrainement
M1GPSCVP000K927;PORSCHE;CAYENNE;entrainement
M10PSCVP0008640;PORSCHE;CAYMAN;entrainement
M10PSCVP000A642;PORSCHE;CAYMAN;entrainement
M10PSCVP000N752;PORSCHE;CAYMAN;entrainement
M10PSCVP000P754;PORSCHE;CAYMAN;entrainement
M10PSCVP000T758;PORSCHE;CAYMAN;entrainement
M10PSCVP000U759;PORSCHE;CAYMAN;entrainement
M10PSCVP000R756;PORSCHE;CAYMAN;entrainement
M10PSCVP000S757;PORSCHE;CAYMAN;entrainement
M10PSCVP000P718;PORSCHE;MACAN;entrainement
M10PSCVP000R719;PORSCHE;MACAN;entrainement
M10PSCVP000R720;PORSCHE;MACAN;entrainement
M10PSCVP000S721;PORSCHE;MACAN;entrainement
M1GPSCVP0001714;PORSCHE;MACAN;entrainement
M1GPSCVP0002715;PORSCHE;MACAN;entrainement
M1GPSCVP0003716;PORSCHE;MACAN;entrainement
M1GPSCVP0004717;PORSCHE;MACAN;entrainement
M10PSCVP0003732;PORSCHE;MACAN;entrainement
M10PSCVP0004733;PORSCHE;MACAN;entrainement
M10PSCVP0005734;PORSCHE;MACAN;entrainement
M10PSCVP0006735;PORSCHE;MACAN;entrainement
M1GPSCVP000F728;PORSCHE;MACAN;entrainement
M1GPSCVP000G729;PORSCHE;MACAN;entrainement
M1GPSCVP000H730;PORSCHE;MACAN;entrainement
M1GPSCVP000J731;PORSCHE;MACAN;entrainement
M10PSCVP000W725;PORSCHE;MACAN;entrainement
M10PSCVP000X726;PORSCHE;MACAN;entrainement
M10PSCVP000Y727;PORSCHE;MACAN;entrainement
M1GPSCVP0009722;PORSCHE;MACAN;entrainement
M1GPSCVP000A723;PORSCHE;MACAN;entrainement
M1GPSCVP000B724;PORSCHE;MACAN;entrainement
M10PSCVP000E646;PORSCHE;PANAMERA;calibration
M10PSCVP000F902;PORSCHE;PANAMERA;calibration
M10PSCVP000G903;PORSCHE;PANAMERA;calibration
M10PSCVP000H904;PORSCHE;PANAMERA;calibration
M10PSCVP000F647;PORSCHE;PANAMERA;calibration
M10PSCVP000J905;PORSCHE;PANAMERA;calibration
M10PSCVP000J906;PORSCHE;PANAMERA;calibration
M10PSCVP000K907;PORSCHE;PANAMERA;calibration
M10PSCVP000J650;PORSCHE;PANAMERA;calibration
M10PSCVP000J651;PORSCHE;PANAMERA;calibration
M10PSCVP000P911;PORSCHE;PANAMERA;calibration
M10PSCVP000P912;PORSCHE;PANAMERA;calibration
M10PSCVP000R913;PORSCHE;PANAMERA;calibration
M10PSCVP000R914;PORSCHE;PANAMERA;calibration
M10PSCVP000S915;PORSCHE;PANAMERA;calibration
M10PSCVP000P656;PORSCHE;PANAMERA;calibration
M10PSCVP0004697;PORSCHE;PANAMERA;calibration
M10PSCVP0000923;PORSCHE;PANAMERA;calibration
M10PSCVP000M654;PORSCHE;PANAMERA;calibration
M10PSCVP000Z922;PORSCHE;PANAMERA;calibration
M10PSCVP000G648;PORSCHE;PANAMERA;calibration
M10PSCVP000H649;PORSCHE;PANAMERA;calibration
M10PSCVP000L908;PORSCHE;PANAMERA;calibration
M10PSCVP000M909;PORSCHE;PANAMERA;calibration
M10PSCVP000N910;PORSCHE;PANAMERA;calibration
M10PSCVP000R658;PORSCHE;PANAMERA;calibration
M10PSCVP000R659;PORSCHE;PANAMERA;calibration
M10PSCVP000K652;PORSCHE;PANAMERA;calibration
M10PSCVP000L653;PORSCHE;PANAMERA;calibration
M10PSCVP000T916;PORSCHE;PANAMERA;calibration
M10PSCVP000U917;PORSCHE;PANAMERA;calibration
M10PSCVP000V918;PORSCHE;PANAMERA;calibration
M10PSCVP000W919;PORSCHE;PANAMERA;calibration
M10PSCVP0002695;PORSCHE;PANAMERA;calibration
M10PSCVP0003696;PORSCHE;PANAMERA;calibration
M10PSCVP000X920;PORSCHE;PANAMERA;calibration
M10PSCVP000Y921;PORSCHE;PANAMERA;calibration
M10RENVP334U717;RENAULT;CAPTUR;entrainement
M10RENVP334V718;RENAULT;CAPTUR;entrainement
M10RENVP334W719;RENAULT;CAPTUR;entrainement
M10RENVP323E748;RENAULT;CAPTUR;entrainement
M10RENVP4226932;RENAULT;CAPTUR;entrainement
M10RENVP334Y721;RENAULT;CAPTUR;entrainement
M10RENVP450N012;RENAULT;CAPTUR;entrainement
M10RENVP4470998;RENAULT;CAPTUR;entrainement
M10RENVP447Z997;RENAULT;CAPTUR;entrainement
M10RENVP4249218;RENAULT;CLIO;entrainement
M10RENVP424C221;RENAULT;CLIO;entrainement
M10RENVP450P013;RENAULT;CLIO;entrainement
M10RENVP450R015;RENAULT;CLIO;entrainement
M10RENVP450V020;RENAULT;CLIO;entrainement
M10RENVP450W021;RENAULT;CLIO;entrainement
M10RENVP450Y023;RENAULT;CLIO;entrainement
M10RENVP4228934;RENAULT;CLIO;entrainement
M10RENVP422D939;RENAULT;CLIO;entrainement
M10RENVP422E940;RENAULT;CLIO;entrainement
M10RENVP3157907;RENAULT;CLIO;entrainement
M10RENVP308B918;RENAULT;CLIO;entrainement
M10RENVP4365371;RENAULT;CLIO;entrainement
M10RENVP436E380;RENAULT;CLIO;entrainement
M10RENVP436F381;RENAULT;CLIO;entrainement
M10RENVP436Z390;RENAULT;CLIO;entrainement
M10RENVP401N801;RENAULT;CLIO;entrainement
M10RENVP401P803;RENAULT;CLIO;entrainement
M10RENVP4367373;RENAULT;CLIO;entrainement
M10RENVP4368374;RENAULT;CLIO;entrainement
M10RENVP4369375;RENAULT;CLIO;entrainement
M10RENVP436H383;RENAULT;CLIO;entrainement
M10RENVP436J384;RENAULT;CLIO;entrainement
M10RENVP436J385;RENAULT;CLIO;entrainement
M10RENVP4372949;RENAULT;CLIO;entrainement
M10RENVP4373950;RENAULT;CLIO;entrainement
M10RENVP308B918;RENAULT;CLIO;entrainement
M10RENVP451F136;RENAULT;ESPACE;entrainement
M10RENVP451G137;RENAULT;ESPACE;entrainement
M10RENVP451H138;RENAULT;ESPACE;entrainement
M10RENVP451J139;RENAULT;ESPACE;entrainement
M10RENVP3169714;RENAULT;ESPACE;entrainement
M10RENVP316A715;RENAULT;ESPACE;entrainement
M10RENVP449L859;RENAULT;ESPACE;entrainement
M10RENVP449M860;RENAULT;ESPACE;entrainement
M10RENVP316B716;RENAULT;ESPACE;entrainement
M10RENVP316C717;RENAULT;ESPACE;entrainement
M10RENVP449N861;RENAULT;ESPACE;entrainement
M10RENVP449P862;RENAULT;ESPACE;entrainement
M10RENVP449R865;RENAULT;ESPACE;entrainement
M10RENVP449S866;RENAULT;ESPACE;entrainement
M10RENVP316D718;RENAULT;ESPACE;entrainement
M10RENVP316E719;RENAULT;ESPACE;entrainement
M10RENVP378P121;RENAULT;ESPACE;entrainement
M10RENVP378P122;RENAULT;ESPACE;entrainement
M10RENVP352E428;RENAULT;KANGOO;entrainement
M10RENVP376J965;RENAULT;KANGOO;entrainement
M10RENVP416B519;RENAULT;KANGOO;entrainement
M10RENVP376D985;RENAULT;KANGOO;entrainement
M10RENVP376E961;RENAULT;KANGOO;entrainement
M10RENVP376L968;RENAULT;KANGOO;entrainement
M10RENVP416D521;RENAULT;KANGOO;entrainement
M10RENVP439P606;RENAULT;KANGOO;entrainement
M10RENVP439P607;RENAULT;KANGOO;entrainement
M10RENVP439W614;RENAULT;KANGOO;entrainement
M10RENVP439Z617;RENAULT;KANGOO;entrainement
M10RENVP349S481;RENAULT;KOLEOS;test
M10RENVP349U483;RENAULT;KOLEOS;test
M10RENVP356E751;RENAULT;KOLEOS;test
M10RENVP3340335;RENAULT;LAGUNA;entrainement
M10RENVP3341336;RENAULT;LAGUNA;entrainement
M10RENVP334A381;RENAULT;LAGUNA;entrainement
M10RENVP334B382;RENAULT;LAGUNA;entrainement
M10RENVP334D409;RENAULT;LAGUNA;entrainement
M10RENVP334E410;RENAULT;LAGUNA;entrainement
M10RENVP3343338;RENAULT;LAGUNA;entrainement
M10RENVP334G412;RENAULT;LAGUNA;entrainement
M10RENVP334J353;RENAULT;LAGUNA;entrainement
M10RENVP334V427;RENAULT;LAGUNA;entrainement
M10RENVP334D384;RENAULT;LAGUNA;entrainement
M10RENVP3340432;RENAULT;LAGUNA;entrainement
M10RENVP3347342;RENAULT;LAGUNA;entrainement
M10RENVP3348343;RENAULT;LAGUNA;entrainement
M10RENVP334K416;RENAULT;LAGUNA;entrainement
M10RENVP334L417;RENAULT;LAGUNA;entrainement
M10RENVP334M357;RENAULT;LAGUNA;entrainement
M10RENVP334N358;RENAULT;LAGUNA;entrainement
M10RENVP334X393;RENAULT;LAGUNA;entrainement
M10RENVP334Y394;RENAULT;LAGUNA;entrainement
M10RENVP334Z431;RENAULT;LAGUNA;entrainement
M10RENVP334P456;RENAULT;LATITUDE;entrainement
M10RENVP334P457;RENAULT;LATITUDE;entrainement
M10RENVP425K652;RENAULT;MASTER;calibration
M10RENVP425M654;RENAULT;MASTER;calibration
M10RENVP425W628;RENAULT;MASTER;calibration
M10RENVP425Y630;RENAULT;MASTER;calibration
M10RENVP4169553;RENAULT;MASTER;calibration
M10RENVP416B555;RENAULT;MASTER;calibration
M10RENVP416R535;RENAULT;MASTER;calibration
M10RENVP416T537;RENAULT;MASTER;calibration
M10RENVP4250632;RENAULT;MASTER;calibration
M10RENVP436P803;RENAULT;MASTER;calibration
M10RENVP3545259;RENAULT;MASTER;calibration
M10RENVP354Z217;RENAULT;MASTER;calibration
M10RENVP4252634;RENAULT;MASTER;calibration
M10RENVP436R805;RENAULT;MASTER;calibration
M10RENVP4070517;RENAULT;MEGANE;entrainement
M10RENVP407X514;RENAULT;MEGANE;entrainement
M10RENVP4427489;RENAULT;MEGANE;entrainement
M10RENVP4471999;RENAULT;MEGANE;entrainement
M10RENVP4489000;RENAULT;MEGANE;entrainement
M10RENVP448D004;RENAULT;MEGANE;entrainement
M10RENVP448E005;RENAULT;MEGANE;entrainement
M10RENVP448J010;RENAULT;MEGANE;entrainement
M10RENVP448K011;RENAULT;MEGANE;entrainement
M10RENVP448L012;RENAULT;MEGANE;entrainement
M10RENVP448M013;RENAULT;MEGANE;entrainement
M10RENVP448J009;RENAULT;MEGANE;entrainement
M10RENVP426H551;RENAULT;MEGANE;entrainement
M10RENVP407T510;RENAULT;MEGANE;entrainement
M10RENVP407W513;RENAULT;MEGANE;entrainement
M10RENVP407Z516;RENAULT;MEGANE;entrainement
M10RENVP3773561;RENAULT;MEGANE;entrainement
M10RENVP3778530;RENAULT;MEGANE;entrainement
M10RENVP3778566;RENAULT;MEGANE;entrainement
M10RENVP377A532;RENAULT;MEGANE;entrainement
M10RENVP377B569;RENAULT;MEGANE;entrainement
M10RENVP377G574;RENAULT;MEGANE;entrainement
M10RENVP377N545;RENAULT;MEGANE;entrainement
M10RENVP377V553;RENAULT;MEGANE;entrainement
M10RENVP377Z582;RENAULT;MEGANE;entrainement
M10RENVP323R786;RENAULT;MEGANE;entrainement
M10RENVP323V790;RENAULT;MEGANE;entrainement
M10RENVP4240148;RENAULT;MEGANE;entrainement
M10RENVP424S140;RENAULT;MEGANE;entrainement
M10RENVP424Z147;RENAULT;MEGANE;entrainement
M10RENVP4018592;RENAULT;MEGANE;entrainement
M10RENVP401E598;RENAULT;MEGANE;entrainement
M10RENVP401N607;RENAULT;MEGANE;entrainement
M10RENVP448R017;RENAULT;SCENIC;entrainement
M10RENVP448W023;RENAULT;SCENIC;entrainement
M10RENVP4480027;RENAULT;SCENIC;entrainement
M10RENVP448T020;RENAULT;SCENIC;entrainement
M10RENVP448U021;RENAULT;SCENIC;entrainement
M10RENVP448V022;RENAULT;SCENIC;entrainement
M10RENVP448X024;RENAULT;SCENIC;entrainement
M10RENVP448Y025;RENAULT;SCENIC;entrainement
M10RENVP448Z026;RENAULT;SCENIC;entrainement
M10RENVP376L835;RENAULT;SCENIC;entrainement
M10RENVP321U888;RENAULT;SCENIC;entrainement
M10RENVP321V889;RENAULT;SCENIC;entrainement
M10RENVP321W890;RENAULT;SCENIC;entrainement
M10RENVP321X891;RENAULT;SCENIC;entrainement
M10RENVP3765855;RENAULT;SCENIC;entrainement
M10RENVP3766856;RENAULT;SCENIC;entrainement
M10RENVP3767857;RENAULT;SCENIC;entrainement
M10RENVP3768858;RENAULT;SCENIC;entrainement
M10RENVP376M836;RENAULT;SCENIC;entrainement
M10RENVP376N837;RENAULT;SCENIC;entrainement
M10RENVP376P838;RENAULT;SCENIC;entrainement
M10RENVP376P839;RENAULT;SCENIC;entrainement
M10RENVP321E908;RENAULT;SCENIC;entrainement
M10RENVP321G910;RENAULT;SCENIC;entrainement
M10RENVP321H911;RENAULT;SCENIC;entrainement
M10RENVP321N917;RENAULT;SCENIC;entrainement
M10RENVP321P918;RENAULT;SCENIC;entrainement
M10RENVP321P919;RENAULT;SCENIC;entrainement
M10RENVP416P569;RENAULT;SCENIC;entrainement
M10RENVP4016784;RENAULT;SCENIC;entrainement
M10RENVP4017785;RENAULT;SCENIC;entrainement
M10RENVP4018786;RENAULT;SCENIC;entrainement
M10RENVP401G794;RENAULT;SCENIC;entrainement
M10RENVP401H795;RENAULT;SCENIC;entrainement
M10RENVP401J796;RENAULT;SCENIC;entrainement
M10RENVP423J713;RENAULT;TRAFIC;test
M10RENVP423P719;RENAULT;TRAFIC;test
M10RENVP4398590;RENAULT;TRAFIC;test
M10RENVP439K602;RENAULT;TRAFIC;test
M10RENVP423G711;RENAULT;TRAFIC;test
M10RENVP423H712;RENAULT;TRAFIC;test
M10RENVP4394586;RENAULT;TRAFIC;test
M10RENVP4395587;RENAULT;TRAFIC;test
M10RENVP423A705;RENAULT;TRAFIC;test
M10RENVP423B706;RENAULT;TRAFIC;test
M10RENVP439H574;RENAULT;TRAFIC;test
M10RENVP439J575;RENAULT;TRAFIC;test
M10RENVP4237702;RENAULT;TRAFIC;test
M10RENVP439A567;RENAULT;TRAFIC;test
M10RENVP4247216;RENAULT;TWINGO;entrainement
M10RENVP4248217;RENAULT;TWINGO;entrainement
M10RENVP435B924;RENAULT;TWINGO;entrainement
M10RSRVP000D071;ROLLS ROYCE;GHOST;entrainement
M10RSRVP000F073;ROLLS ROYCE;GHOST;entrainement
M10RSRVP000N081;ROLLS ROYCE;GHOST;entrainement
M10RSRVP000P083;ROLLS ROYCE;GHOST;entrainement
M10RSRVP000E072;ROLLS ROYCE;GHOST;entrainement
M10RSRVP000G074;ROLLS ROYCE;GHOST;entrainement
M10RSRVP000P082;ROLLS ROYCE;GHOST;entrainement
M10RSRVP000R084;ROLLS ROYCE;GHOST;entrainement
M10RSRVP0001059;ROLLS ROYCE;PHANTOM;entrainement
M10RSRVP0002060;ROLLS ROYCE;PHANTOM;entrainement
M10RSRVP0003061;ROLLS ROYCE;PHANTOM;entrainement
M10RSRVP0004062;ROLLS ROYCE;PHANTOM;entrainement
M10RSRVP0007065;ROLLS ROYCE;PHANTOM;entrainement
M10RSRVP0008066;ROLLS ROYCE;PHANTOM;entrainement
M10RSRVP0009067;ROLLS ROYCE;PHANTOM;entrainement
M10RSRVP000A068;ROLLS ROYCE;PHANTOM;entrainement
M10RSRVP0005063;ROLLS ROYCE;PHANTOM;entrainement
M10RSRVP0006064;ROLLS ROYCE;PHANTOM;entrainement
M10RSRVP000B069;ROLLS ROYCE;PHANTOM;entrainement
M10RSRVP000C070;ROLLS ROYCE;PHANTOM;entrainement
M10RSRVP000H075;ROLLS ROYCE;WRAITH;test
M10RSRVP000J076;ROLLS ROYCE;WRAITH;test
M10SETVP002E250;SEAT;ALHAMBRA;calibration
M10SETVP002H253;SEAT;ALHAMBRA;calibration
M10SETVP002A828;SEAT;ALHAMBRA;calibration
M10SETVP002G579;SEAT;ALHAMBRA;calibration
M10SETVP002H580;SEAT;ALHAMBRA;calibration
M10SETVP002U582;SEAT;ALHAMBRA;calibration
M10SETVP002W584;SEAT;ALHAMBRA;calibration
M10SETVP002X585;SEAT;ALHAMBRA;calibration
M10SETVP0023591;SEAT;ALHAMBRA;calibration
M10SETVP0026594;SEAT;ALHAMBRA;calibration
M10SETVP002J643;SEAT;ALTEA;entrainement
M10SETVP002S519;SEAT;ALTEA;entrainement
M10SETVP002E189;SEAT;ALTEA;entrainement
M10SETVP002X197;SEAT;ALTEA;entrainement
M10SETVP0026206;SEAT;ALTEA;entrainement
M10SETVP002G640;SEAT;ALTEA;entrainement
M10SETVP002R517;SEAT;ALTEA;entrainement
M10SETVP002K159;SEAT;ALTEA;entrainement
M10SETVP002S167;SEAT;ALTEA;entrainement
M10SETVP0021176;SEAT;ALTEA;entrainement
M10SETVP0029342;SEAT;IBIZA;test
M10SETVP0027340;SEAT;IBIZA;test
M10SETVP002W875;SEAT;IBIZA;test
M10SETVP0022881;SEAT;IBIZA;test
M10SETVP002K899;SEAT;IBIZA;test
M10SETVP0024495;SEAT;IBIZA;test
M10SETVP0026885;SEAT;IBIZA;test
M10SETVP0020685;SEAT;IBIZA;test
M10SETVP0021334;SEAT;IBIZA;test
M10SETVP0023336;SEAT;IBIZA;test
M10SETVP0020491;SEAT;IBIZA;test
M10SETVP002W487;SEAT;IBIZA;test
M10SETVP002N320;SEAT;IBIZA;test
M10SETVP002X330;SEAT;IBIZA;test
M10SETVP0026375;SEAT;IBIZA;test
M10SETVP0024373;SEAT;IBIZA;test
M10SETVP0028887;SEAT;IBIZA;test
M10SETVP002E893;SEAT;IBIZA;test
M10SETVP002M901;SEAT;IBIZA;test
M10SETVP002B502;SEAT;IBIZA;test
M10SETVP002J897;SEAT;IBIZA;test
M10SETVP002V364;SEAT;IBIZA;test
M10SETVP002Y367;SEAT;IBIZA;test
M10SETVP0026497;SEAT;IBIZA;test
M10SETVP0028499;SEAT;IBIZA;test
M10SETVP002L354;SEAT;IBIZA;test
M10SETVP0020854;SEAT;LEON;test
M10SETVP0027728;SEAT;LEON;test
M10SETVP0022856;SEAT;LEON;test
M10SETVP002B732;SEAT;LEON;test
M10SETVP0020951;SEAT;LEON;test
M10SETVP0022953;SEAT;LEON;test
M10SETVP002G834;SEAT;LEON;test
M10SETVP002J836;SEAT;LEON;test
M10SETVP002C830;SEAT;LEON;test
M10SETVP002E832;SEAT;LEON;test
M10SETVP002T714;SEAT;LEON;test
M10SETVP002X718;SEAT;LEON;test
M10SETVP002M707;SEAT;LEON;test
M10SETVP002Z914;SEAT;LEON;test
M10SETVP0021916;SEAT;LEON;test
M10SETVP002P904;SEAT;LEON;test
M10SETVP002H774;SEAT;LEON;test
M10SETVP002E868;SEAT;LEON;test
M10SETVP002W778;SEAT;LEON;test
M10SETVP0024955;SEAT;LEON;test
M10SETVP0026957;SEAT;LEON;test
M10SETVP002P842;SEAT;LEON;test
M10SETVP002R844;SEAT;LEON;test
M10SETVP002K838;SEAT;LEON;test
M10SETVP002M840;SEAT;LEON;test
M10SETVP0024761;SEAT;LEON;test
M10SETVP0023918;SEAT;LEON;test
M10SETVP002X754;SEAT;LEON;test
M10SETVP0025920;SEAT;LEON;test
M10SETVP002R906;SEAT;LEON;test
M10SETVP0025823;SEAT;LEON;test
M10SETVP0027825;SEAT;LEON;test
M10SETVP0029827;SEAT;LEON;test
M10SETVP002U873;SEAT;LEON;test
M10SETVP0028959;SEAT;LEON;test
M10SETVP002A961;SEAT;LEON;test
M10SETVP002H799;SEAT;LEON;test
M10SETVP002J801;SEAT;LEON;test
M10SETVP002K802;SEAT;LEON;test
M10SETVP002S810;SEAT;LEON;test
M10SETVP002B926;SEAT;LEON;test
M10SETVP002F869;SEAT;LEON;test
M10SETVP002P806;SEAT;LEON;test
M10SETVP002E929;SEAT;LEON;test
M10SETVP002U909;SEAT;LEON;test
M10SETVP0028984;SEAT;LEON;test
M10SETVP002A986;SEAT;LEON;test
M10SETVP002J933;SEAT;LEON;test
M10SETVP002K935;SEAT;LEON;test
M10SETVP002B987;SEAT;MII;calibration
M10SETVP002C988;SEAT;MII;calibration
M10SETVP002E990;SEAT;MII;calibration
M10SETVP002G992;SEAT;MII;calibration
M10SETVP0018827;SEAT;TOLEDO;calibration
M10SETVP001A829;SEAT;TOLEDO;calibration
M10SETVP002C115;SEAT;TOLEDO;calibration
M10SETVP0023469;SEAT;TOLEDO;calibration
M10SETVP0027473;SEAT;TOLEDO;calibration
M10SETVP002T459;SEAT;TOLEDO;calibration
M10SKDVP005H127;SKODA;CITIGO;test
M10SKDVP005J128;SKODA;CITIGO;test
M10SKDVP005J129;SKODA;CITIGO;test
M10SKDVP005K130;SKODA;CITIGO;test
M10SKDVP005L131;SKODA;CITIGO;test
M10SKDVP005M132;SKODA;CITIGO;test
M10SKDVP004B219;SKODA;FABIA;entrainement
M10SKDVP004E222;SKODA;FABIA;entrainement
M10SKDVP0051765;SKODA;FABIA;entrainement
M10SKDVP0048216;SKODA;FABIA;entrainement
M10SKDVP0052766;SKODA;FABIA;entrainement
M10SKDVP005V978;SKODA;FABIA;entrainement
M10SKDVP004P171;SKODA;FABIA;entrainement
M10SKDVP005M459;SKODA;FABIA;entrainement
M10SKDVP0053767;SKODA;FABIA;entrainement
M10SKDVP005W979;SKODA;FABIA;entrainement
M10SKDVP0040183;SKODA;FABIA;entrainement
M10SKDVP0046189;SKODA;FABIA;entrainement
M10SKDVP004U177;SKODA;FABIA;entrainement
M10SKDVP004V178;SKODA;FABIA;entrainement
M10SKDVP004Y181;SKODA;FABIA;entrainement
M10SKDVP0054768;SKODA;FABIA;entrainement
M10SKDVP0055769;SKODA;FABIA;entrainement
M10SKDVP005X980;SKODA;FABIA;entrainement
M10SKDVP005Y981;SKODA;FABIA;entrainement
M10SKDVP004F223;SKODA;FABIA;entrainement
M10SKDVP004R852;SKODA;FABIA;entrainement
M10SKDVP004R853;SKODA;FABIA;entrainement
M10SKDVP004U856;SKODA;FABIA;entrainement
M10SKDVP0041863;SKODA;FABIA;entrainement
M10SKDVP0045867;SKODA;FABIA;entrainement
M10SKDVP004Z861;SKODA;FABIA;entrainement
M10SKDVP0050983;SKODA;FABIA;entrainement
M10SKDVP0056770;SKODA;FABIA;entrainement
M10SKDVP0057771;SKODA;FABIA;entrainement
M10SKDVP005Z982;SKODA;FABIA;entrainement
M10SKDVP004A872;SKODA;FABIA;entrainement
M10SKDVP0051984;SKODA;FABIA;entrainement
M10SKDVP0058772;SKODA;FABIA;entrainement
M10SKDVP0051086;SKODA;OCTAVIA;entrainement
M10SKDVP0052087;SKODA;OCTAVIA;entrainement
M10SKDVP0057311;SKODA;OCTAVIA;entrainement
M10SKDVP0059313;SKODA;OCTAVIA;entrainement
M10SKDVP003R878;SKODA;OCTAVIA;entrainement
M10SKDVP003R879;SKODA;OCTAVIA;entrainement
M10SKDVP003W823;SKODA;OCTAVIA;entrainement
M10SKDVP003X824;SKODA;OCTAVIA;entrainement
M10SKDVP005F258;SKODA;OCTAVIA;entrainement
M10SKDVP005G259;SKODA;OCTAVIA;entrainement
M10SKDVP005R234;SKODA;OCTAVIA;entrainement
M10SKDVP005S235;SKODA;OCTAVIA;entrainement
M10SKDVP0059252;SKODA;OCTAVIA;entrainement
M10SKDVP005A253;SKODA;OCTAVIA;entrainement
M10SKDVP005C255;SKODA;OCTAVIA;entrainement
M10SKDVP005D256;SKODA;OCTAVIA;entrainement
M10SKDVP005F222;SKODA;OCTAVIA;entrainement
M10SKDVP005G223;SKODA;OCTAVIA;entrainement
M10SKDVP005L228;SKODA;OCTAVIA;entrainement
M10SKDVP005M229;SKODA;OCTAVIA;entrainement
M10SKDVP0042016;SKODA;OCTAVIA;entrainement
M10SKDVP0053634;SKODA;OCTAVIA;entrainement
M10SKDVP0055600;SKODA;OCTAVIA;entrainement
M10SKDVP005H612;SKODA;OCTAVIA;entrainement
M10SKDVP005J614;SKODA;OCTAVIA;entrainement
M10SKDVP005N582;SKODA;OCTAVIA;entrainement
M10SKDVP005S623;SKODA;OCTAVIA;entrainement
M10SKDVP005U625;SKODA;OCTAVIA;entrainement
M10SKDVP003E999;SKODA;OCTAVIA;entrainement
M10SKDVP004M000;SKODA;OCTAVIA;entrainement
M10SKDVP004X665;SKODA;OCTAVIA;entrainement
M10SKDVP004Y666;SKODA;OCTAVIA;entrainement
M10SKDVP003T881;SKODA;OCTAVIA;entrainement
M10SKDVP003U882;SKODA;OCTAVIA;entrainement
M10SKDVP005J261;SKODA;OCTAVIA;entrainement
M10SKDVP005J262;SKODA;OCTAVIA;entrainement
M10SKDVP0054926;SKODA;OCTAVIA;entrainement
M10SKDVP0055927;SKODA;OCTAVIA;entrainement
M10SKDVP0057929;SKODA;OCTAVIA;entrainement
M10SKDVP0058930;SKODA;OCTAVIA;entrainement
M10SKDVP005C934;SKODA;OCTAVIA;entrainement
M10SKDVP005R973;SKODA;OCTAVIA;entrainement
M10SKDVP005S914;SKODA;OCTAVIA;entrainement
M10SKDVP005T915;SKODA;OCTAVIA;entrainement
M10SKDVP005V917;SKODA;OCTAVIA;entrainement
M10SKDVP005W918;SKODA;OCTAVIA;entrainement
M10SKDVP0053307;SKODA;OCTAVIA;entrainement
M10SKDVP0054308;SKODA;OCTAVIA;entrainement
M10SKDVP005B315;SKODA;OCTAVIA;entrainement
M10SKDVP005C316;SKODA;OCTAVIA;entrainement
M10SKDVP0051923;SKODA;OCTAVIA;entrainement
M10SKDVP0052924;SKODA;OCTAVIA;entrainement
M10SKDVP0055672;SKODA;OCTAVIA;entrainement
M10SKDVP005M908;SKODA;OCTAVIA;entrainement
M10SKDVP005N909;SKODA;OCTAVIA;entrainement
M10SKDVP005N970;SKODA;OCTAVIA;entrainement
M10SKDVP005P911;SKODA;OCTAVIA;entrainement
M10SKDVP005P971;SKODA;OCTAVIA;entrainement
M10SKDVP005W954;SKODA;OCTAVIA;entrainement
M10SKDVP005Y920;SKODA;OCTAVIA;entrainement
M10SKDVP005Z921;SKODA;OCTAVIA;entrainement
M10SKDVP0040668;SKODA;OCTAVIA;entrainement
M10SKDVP004Z667;SKODA;OCTAVIA;entrainement
M10SKDVP0058966;SKODA;OCTAVIA;entrainement
M10SKDVP0059967;SKODA;OCTAVIA;entrainement
M10SKDVP005A605;SKODA;OCTAVIA;entrainement
M10SKDVP005U977;SKODA;OCTAVIA;entrainement
M10SKDVP005X628;SKODA;OCTAVIA;entrainement
M10SKDVP0059870;SKODA;RAPID;calibration
M10SKDVP005T818;SKODA;RAPID;calibration
M10SKDVP005J808;SKODA;RAPID;calibration
M10SKDVP005K809;SKODA;RAPID;calibration
M10SKDVP005T854;SKODA;RAPID;calibration
M10SKDVP005V856;SKODA;RAPID;calibration
M10SKDVP0050861;SKODA;RAPID;calibration
M10SKDVP0053864;SKODA;RAPID;calibration
M10SKDVP005P813;SKODA;RAPID;calibration
M10SKDVP005P814;SKODA;RAPID;calibration
M10SKDVP0050789;SKODA;RAPID;calibration
M10SKDVP0052827;SKODA;RAPID;calibration
M10SKDVP005Z788;SKODA;RAPID;calibration
M10SKDVP005Z824;SKODA;RAPID;calibration
M10SKDVP0054793;SKODA;RAPID;calibration
M10SKDVP0054829;SKODA;RAPID;calibration
M10SKDVP0056831;SKODA;RAPID;calibration
M10SKDVP0057832;SKODA;RAPID;calibration
M10SKDVP0059798;SKODA;RAPID;calibration
M10SKDVP005A799;SKODA;RAPID;calibration
M10SKDVP005C837;SKODA;RAPID;calibration
M10SKDVP005F840;SKODA;RAPID;calibration
M10SKDVP005F804;SKODA;RAPID;calibration
M10SKDVP005G805;SKODA;RAPID;calibration
M10SKDVP005L846;SKODA;RAPID;calibration
M10SKDVP005P849;SKODA;RAPID;calibration
M10SKDVP004N292;SKODA;ROOMSTER;entrainement
M10SKDVP004R296;SKODA;ROOMSTER;entrainement
M10SKDVP004U299;SKODA;ROOMSTER;entrainement
M10SKDVP0047966;SKODA;ROOMSTER;entrainement
M10SKDVP0040959;SKODA;ROOMSTER;entrainement
M10SKDVP0043962;SKODA;ROOMSTER;entrainement
M10SKDVP003B935;SKODA;SUPERB;entrainement
M10SKDVP003M910;SKODA;SUPERB;entrainement
M10SKDVP003J943;SKODA;SUPERB;entrainement
M10SKDVP003S916;SKODA;SUPERB;entrainement
M10SKDVP0030924;SKODA;SUPERB;entrainement
M10SKDVP003R951;SKODA;SUPERB;entrainement
M10SKDVP0046699;SKODA;SUPERB;entrainement
M10SKDVP004A703;SKODA;SUPERB;entrainement
M10SKDVP004B704;SKODA;SUPERB;entrainement
M10SKDVP004S685;SKODA;SUPERB;entrainement
M10SKDVP004T686;SKODA;SUPERB;entrainement
M10SKDVP004U687;SKODA;SUPERB;entrainement
M10SKDVP0040693;SKODA;SUPERB;entrainement
M10SKDVP004F708;SKODA;SUPERB;entrainement
M10SKDVP004G709;SKODA;SUPERB;entrainement
M10SKDVP004Z692;SKODA;SUPERB;entrainement
M10SKDVP005V202;SKODA;SUPERB;entrainement
M10SKDVP005Z206;SKODA;SUPERB;entrainement
M10SKDVP0044697;SKODA;SUPERB;entrainement
M10SKDVP0045698;SKODA;SUPERB;entrainement
M10SKDVP004K713;SKODA;SUPERB;entrainement
M10SKDVP004L714;SKODA;SUPERB;entrainement
M10SKDVP0051208;SKODA;SUPERB;entrainement
M10SKDVP005X204;SKODA;SUPERB;entrainement
M10SKDVP005H321;SKODA;YETI;calibration
M10SKDVP005J323;SKODA;YETI;calibration
M10SKDVP005D317;SKODA;YETI;calibration
M10SKDVP005E318;SKODA;YETI;calibration
M10SKDVP005F319;SKODA;YETI;calibration
M10SKDVP005G320;SKODA;YETI;calibration
M10SKDVP0051341;SKODA;YETI;calibration
M10SKDVP005V335;SKODA;YETI;calibration
M10SKDVP005X337;SKODA;YETI;calibration
M10SKDVP005Y338;SKODA;YETI;calibration
M10SKDVP005Z339;SKODA;YETI;calibration
M10SKDVP0053343;SKODA;YETI;calibration
M10SKDVP0054344;SKODA;YETI;calibration
M10SMTVP0001159;SMART;FORFOUR;entrainement
M10SMTVP0002160;SMART;FORFOUR;entrainement
M10SMTVP000A168;SMART;FORFOUR;entrainement
M10SMTVP000B169;SMART;FORFOUR;entrainement
M10SMTVP000C170;SMART;FORFOUR;entrainement
M10SMTVP000D171;SMART;FORFOUR;entrainement
M10SMTVP000V153;SMART;FORFOUR;entrainement
M10SMTVP000W154;SMART;FORFOUR;entrainement
M10SMTVP0004162;SMART;FORFOUR;entrainement
M10SMTVP0005163;SMART;FORFOUR;entrainement
M10SMTVP000E172;SMART;FORFOUR;entrainement
M10SMTVP000F173;SMART;FORFOUR;entrainement
M10SMTVP0006164;SMART;FORTWO;test
M10SMTVP0007165;SMART;FORTWO;test
M10SMTVP000G174;SMART;FORTWO;test
M10SMTVP000H175;SMART;FORTWO;test
M10SMTVP0008166;SMART;FORTWO;test
M10SMTVP0009167;SMART;FORTWO;test
M10SMTVP000J176;SMART;FORTWO;test
M10SMTVP000J177;SMART;FORTWO;test
M10SMTVP000K178;SMART;FORTWO;test
M10SMTVP000L179;SMART;FORTWO;test
M10SMTVP000R149;SMART;FORTWO;test
M10SMTVP000S150;SMART;FORTWO;test
M10SMTVP000X155;SMART;FORTWO;test
M10SMTVP000Y156;SMART;FORTWO;test
M10SMTVP0000158;SMART;FORTWO;test
M10SMTVP000M180;SMART;FORTWO;test
M10SMTVP000N181;SMART;FORTWO;test
M10SMTVP000Z157;SMART;FORTWO;test
M10SSYVP0002113;SSANGYONG;KORANDO;entrainement
M10SSYVP0004115;SSANGYONG;KORANDO;entrainement
M10SSYVP0009120;SSANGYONG;REXTON;entrainement
M10SSYVP000A121;SSANGYONG;REXTON;entrainement
M10SSYVP000D160;SSANGYONG;RODIUS;entrainement
M10SSYVP000H164;SSANGYONG;RODIUS;entrainement
M10SUBVP0004790;SUBARU;BRZ;calibration
M10SUBVP000A796;SUBARU;BRZ;calibration
M10SUBVP000N845;SUBARU;FORESTER;entrainement
M10SUBVP000S850;SUBARU;FORESTER;entrainement
M10SUBVP0002860;SUBARU;FORESTER;entrainement
M10SUBVP0005863;SUBARU;FORESTER;entrainement
M10SUBVP0008866;SUBARU;FORESTER;entrainement
M10SUBVP000T560;SUBARU;FORESTER;entrainement
M10SUBVP000V853;SUBARU;FORESTER;entrainement
M10SUBVP000X855;SUBARU;FORESTER;entrainement
M10SUBVP0000664;SUBARU;XV;entrainement
M10SUBVP0004668;SUBARU;XV;entrainement
M10SUBVP0006670;SUBARU;XV;entrainement
M10SUBVP0008672;SUBARU;XV;entrainement
M10SUBVP000Y784;SUBARU;WRX;calibration
M10SUZVP000C896;SUZUKI;CELERIO;entrainement
M10SUZVP000D897;SUZUKI;CELERIO;entrainement
M1GSUZVP000K863;SUZUKI;JIMNY;test
M10SUZVP0006865;SUZUKI;SWIFT;entrainement
M10SUZVP0007794;SUZUKI;SWIFT;entrainement
M10SUZVP0008795;SUZUKI;SWIFT;entrainement
M10SUZVP0009796;SUZUKI;SWIFT;entrainement
M10SUZVP000A797;SUZUKI;SWIFT;entrainement
M10SUZVP000N810;SUZUKI;SWIFT;entrainement
M10SUZVP000J806;SUZUKI;SWIFT;entrainement
M10SUZVP000L808;SUZUKI;SWIFT;entrainement
M10SUZVP000P423;SUZUKI;SWIFT;entrainement
M10SUZVP000P424;SUZUKI;SWIFT;entrainement
M10SUZVP000F608;SUZUKI;SWIFT;entrainement
M10SUZVP000K613;SUZUKI;SWIFT;entrainement
M10SUZVP0005634;SUZUKI;SX4;entrainement
M10SUZVP0009638;SUZUKI;SX4;entrainement
M10SUZVP000B640;SUZUKI;SX4;entrainement
M10SUZVP000E898;SUZUKI;SX4;entrainement
M10SUZVP000F899;SUZUKI;SX4;entrainement
M10SUZVP000G900;SUZUKI;SX4;entrainement
M10SUZVP000H901;SUZUKI;SX4;entrainement
M10SUZVP000N907;SUZUKI;VITARA;calibration
M10SUZVP000P909;SUZUKI;VITARA;calibration
M10SUZVP000R910;SUZUKI;VITARA;calibration
M10SUZVP000R911;SUZUKI;VITARA;calibration
M10JT0VP006F234;TOYOTA;GT86;entrainement
M10JT0VP006H236;TOYOTA;GT86;entrainement
M10JT0VP008N822;TOYOTA;GT86;entrainement
M10JT0VP008R825;TOYOTA;GT86;entrainement
M10JT0VP0112216;TOYOTA;AURIS;test
M10JT0VP0115219;TOYOTA;AURIS;test
M10JT0VP0117257;TOYOTA;AURIS;test
M10JT0VP0118258;TOYOTA;AURIS;test
M10JT0VP011J269;TOYOTA;AURIS;test
M10JT0VP011L271;TOYOTA;AURIS;test
M10JT0VP011W210;TOYOTA;AURIS;test
M10JT0VP0112410;TOYOTA;AURIS;test
M10JT0VP0113411;TOYOTA;AURIS;test
M10JT0VP011H425;TOYOTA;AURIS;test
M10JT0VP011J426;TOYOTA;AURIS;test
M10JT0VP011M430;TOYOTA;AURIS;test
M10JT0VP011Y406;TOYOTA;AURIS;test
M10JT0VP011Z407;TOYOTA;AURIS;test
M10JT0VP0110444;TOYOTA;AURIS;test
M10JT0VP0111445;TOYOTA;AURIS;test
M10JT0VP0112446;TOYOTA;AURIS;test
M10JT0VP011M466;TOYOTA;AURIS;test
M10JT0VP011N467;TOYOTA;AURIS;test
M10JT0VP011P468;TOYOTA;AURIS;test
M10JT0VP0111384;TOYOTA;AURIS;test
M10JT0VP0112385;TOYOTA;AURIS;test
M10JT0VP011J329;TOYOTA;AURIS;test
M10JT0VP011K331;TOYOTA;AURIS;test
M10JT0VP011P336;TOYOTA;AURIS;test
M10JT0VP011R338;TOYOTA;AURIS;test
M10JT0VP011W379;TOYOTA;AURIS;test
M10JT0VP011X380;TOYOTA;AURIS;test
M10JT0VP011B322;TOYOTA;AURIS;test
M10JT0VP011C323;TOYOTA;AURIS;test
M10JT0VP011D324;TOYOTA;AURIS;test
M10JT0VP011E325;TOYOTA;AURIS;test
M10JT0VP009J853;TOYOTA;AVENSIS;entrainement
M10JT0VP009U889;TOYOTA;AVENSIS;entrainement
M10JT0VP009E751;TOYOTA;AVENSIS;entrainement
M10JT0VP009F752;TOYOTA;AVENSIS;entrainement
M10JT0VP009K721;TOYOTA;AVENSIS;entrainement
M10JT0VP009L722;TOYOTA;AVENSIS;entrainement
M10JT0VP0090798;TOYOTA;AVENSIS;entrainement
M10JT0VP0098806;TOYOTA;AVENSIS;entrainement
M10JT0VP009H815;TOYOTA;AVENSIS;entrainement
M10JT0VP009R789;TOYOTA;AVENSIS;entrainement
M10JT0VP0101191;TOYOTA;AYGO;entrainement
M10JT0VP0103193;TOYOTA;AYGO;entrainement
M10JT0VP010A164;TOYOTA;AYGO;entrainement
M10JT0VP010D167;TOYOTA;AYGO;entrainement
M10JT0VP010F169;TOYOTA;AYGO;entrainement
M10JT0VP010Y188;TOYOTA;AYGO;entrainement
M10JT0VP0070121;TOYOTA;IQ;entrainement
M10JT0VP0072123;TOYOTA;IQ;entrainement
M10JT0VP007D134;TOYOTA;IQ;entrainement
M1GJT0VP0040277;TOYOTA;LAND CRUISER;entrainement
M1GJT0VP0041278;TOYOTA;LAND CRUISER;entrainement
M1GJT0VP004T270;TOYOTA;LAND CRUISER;entrainement
M1GJT0VP004U271;TOYOTA;LAND CRUISER;entrainement
M1GJT0VP0050301;TOYOTA;LAND CRUISER;entrainement
M1GJT0VP0053304;TOYOTA;LAND CRUISER;entrainement
M1GJT0VP0054305;TOYOTA;LAND CRUISER;entrainement
M1GJT0VP0058345;TOYOTA;LAND CRUISER;entrainement
M1GJT0VP005B348;TOYOTA;LAND CRUISER;entrainement
M1GJT0VP005C349;TOYOTA;LAND CRUISER;entrainement
M1GJT0VP0086340;TOYOTA;LAND CRUISER;entrainement
M1GJT0VP0087341;TOYOTA;LAND CRUISER;entrainement
M1GJT0VP0088342;TOYOTA;LAND CRUISER;entrainement
M1GJT0VP0089343;TOYOTA;LAND CRUISER;entrainement
M1GJT0VP008A344;TOYOTA;LAND CRUISER;entrainement
M1GJT0VP008B345;TOYOTA;LAND CRUISER;entrainement
M1GJT0VP008E384;TOYOTA;LAND CRUISER;entrainement
M1GJT0VP008F385;TOYOTA;LAND CRUISER;entrainement
M1GJT0VP008G386;TOYOTA;LAND CRUISER;entrainement
M1GJT0VP008H387;TOYOTA;LAND CRUISER;entrainement
M1GJT0VP008P358;TOYOTA;LAND CRUISER;entrainement
M1GJT0VP008P359;TOYOTA;LAND CRUISER;entrainement
M1GJT0VP008R361;TOYOTA;LAND CRUISER;entrainement
M1GJT0VP008S362;TOYOTA;LAND CRUISER;entrainement
M1GJT0VP008T388;TOYOTA;LAND CRUISER;entrainement
M1GJT0VP008U389;TOYOTA;LAND CRUISER;entrainement
M10JT0VP010H426;TOYOTA;PRIUS;test
M10JT0VP010F036;TOYOTA;PRIUS;test
M10JT0VP010G037;TOYOTA;PRIUS;test
M10JT0VP010L042;TOYOTA;PRIUS+;entrainement
M10JT0VP010M043;TOYOTA;PRIUS+;entrainement
M10JT0VP0090349;TOYOTA;RAV4;calibration
M10JT0VP0092351;TOYOTA;RAV4;calibration
M10JT0VP0093352;TOYOTA;RAV4;calibration
M10JT0VP009U343;TOYOTA;RAV4;calibration
M10JT0VP009V344;TOYOTA;RAV4;calibration
M10JT0VP009X346;TOYOTA;RAV4;calibration
M10JT0VP009Z348;TOYOTA;RAV4;calibration
M10JT0VP0091289;TOYOTA;RAV4;calibration
M10JT0VP009A262;TOYOTA;RAV4;calibration
M10JT0VP009B263;TOYOTA;RAV4;calibration
M10JT0VP009D265;TOYOTA;RAV4;calibration
M10JT0VP009E266;TOYOTA;RAV4;calibration
M10JT0VP009G268;TOYOTA;RAV4;calibration
M10JT0VP009V283;TOYOTA;RAV4;calibration
M10JT0VP009W284;TOYOTA;RAV4;calibration
M10JT0VP009Y286;TOYOTA;RAV4;calibration
M10JT0VP009Z287;TOYOTA;RAV4;calibration
M10JT0VP0090313;TOYOTA;RAV4;calibration
M10JT0VP0091314;TOYOTA;RAV4;calibration
M10JT0VP009R304;TOYOTA;RAV4;calibration
M10JT0VP009S305;TOYOTA;RAV4;calibration
M10JT0VP009U307;TOYOTA;RAV4;calibration
M10JT0VP009V308;TOYOTA;RAV4;calibration
M10JT0VP009Y311;TOYOTA;RAV4;calibration
M10JT0VP009Z312;TOYOTA;RAV4;calibration
M10JT0VP005J469;TOYOTA;VERSO;entrainement
M10JT0VP005K470;TOYOTA;VERSO;entrainement
M10JT0VP005P475;TOYOTA;VERSO;entrainement
M10JT0VP005R476;TOYOTA;VERSO;entrainement
M10JT0VP009G681;TOYOTA;VERSO;entrainement
M10JT0VP009H682;TOYOTA;VERSO;entrainement
M10JT0VP009M687;TOYOTA;VERSO;entrainement
M10JT0VP009N688;TOYOTA;VERSO;entrainement
M10JT0VP005C462;TOYOTA;VERSO;entrainement
M10JT0VP005G466;TOYOTA;VERSO;entrainement
M10JT0VP010D228;TOYOTA;VERSO S;calibration
M10JT0VP010E229;TOYOTA;VERSO S;calibration
M10JT0VP010J234;TOYOTA;VERSO S;calibration
M10JT0VP010K235;TOYOTA;VERSO S;calibration
M10JT0VP0108223;TOYOTA;VERSO S;calibration
M10JT0VP0109224;TOYOTA;VERSO S;calibration
M10JT0VP010H584;TOYOTA;YARIS;calibration
M10JT0VP010P592;TOYOTA;YARIS;calibration
M10JT0VP010R594;TOYOTA;YARIS;calibration
M10JT0VP010V537;TOYOTA;YARIS;calibration
M10JT0VP010X539;TOYOTA;YARIS;calibration
M10JT0VP0100736;TOYOTA;YARIS;calibration
M10JT0VP0101798;TOYOTA;YARIS;calibration
M10JT0VP010F812;TOYOTA;YARIS;calibration
M10JT0VP010L818;TOYOTA;YARIS;calibration
M10JT0VP010N820;TOYOTA;YARIS;calibration
M10JT0VP010Z796;TOYOTA;YARIS;calibration
M10JT0VP010N662;TOYOTA;YARIS;calibration
M10JT0VP010P688;TOYOTA;YARIS;calibration
M10JT0VP010P689;TOYOTA;YARIS;calibration
M10JT0VP010R665;TOYOTA;YARIS;calibration
M10JT0VP010S692;TOYOTA;YARIS;calibration
M10JT0VP010V695;TOYOTA;YARIS;calibration
M10JT0VP010V634;TOYOTA;YARIS;calibration
M10JT0VP010W635;TOYOTA;YARIS;calibration
M10JT0VP010Y637;TOYOTA;YARIS;calibration
M10VWGVPH384379;VOLKSWAGEN;COCCINELLE;calibration
M10VWGVPH386381;VOLKSWAGEN;COCCINELLE;calibration
M10VWGVPH38K359;VOLKSWAGEN;COCCINELLE;calibration
M10VWGVPH38M361;VOLKSWAGEN;COCCINELLE;calibration
M10VWGVPH388383;VOLKSWAGEN;COCCINELLE;calibration
M10VWGVPH38A385;VOLKSWAGEN;COCCINELLE;calibration
M10VWGVPH38P363;VOLKSWAGEN;COCCINELLE;calibration
M10VWGVPH38R365;VOLKSWAGEN;COCCINELLE;calibration
M10VWGVPH388347;VOLKSWAGEN;COCCINELLE;calibration
M10VWGVPH38A349;VOLKSWAGEN;COCCINELLE;calibration
M10VWGVPH38S367;VOLKSWAGEN;COCCINELLE;calibration
M10VWGVPH38U369;VOLKSWAGEN;COCCINELLE;calibration
M10VWGVPH38C351;VOLKSWAGEN;COCCINELLE;calibration
M10VWGVPH38E353;VOLKSWAGEN;COCCINELLE;calibration
M10VWGVPH38W371;VOLKSWAGEN;COCCINELLE;calibration
M10VWGVPH38Y373;VOLKSWAGEN;COCCINELLE;calibration
M10VWGVPH380375;VOLKSWAGEN;COCCINELLE;calibration
M10VWGVPH382377;VOLKSWAGEN;COCCINELLE;calibration
M10VWGVPH38G355;VOLKSWAGEN;COCCINELLE;calibration
M10VWGVPH38J357;VOLKSWAGEN;COCCINELLE;calibration
M10VWGVPF761340;VOLKSWAGEN;CC;entrainement
M10VWGVPF769348;VOLKSWAGEN;CC;entrainement
M10VWGVP806D432;VOLKSWAGEN;CC;entrainement
M10VWGVPF76R268;VOLKSWAGEN;CC;entrainement
M10VWGVPF765308;VOLKSWAGEN;CC;entrainement
M10VWGVPF76Y276;VOLKSWAGEN;CC;entrainement
M10VWGVPF76D316;VOLKSWAGEN;CC;entrainement
M10VWGVPF76L324;VOLKSWAGEN;CC;entrainement
M10VWGVPF76T332;VOLKSWAGEN;CC;entrainement
M10VWGVPG140576;VOLKSWAGEN;CRAFTER;test
M10VWGVPG141577;VOLKSWAGEN;CRAFTER;test
M10VWGVPG141832;VOLKSWAGEN;CRAFTER;test
M10VWGVPG142578;VOLKSWAGEN;CRAFTER;test
M10VWGVPG142833;VOLKSWAGEN;CRAFTER;test
M10VWGVPG142966;VOLKSWAGEN;CRAFTER;test
M10VWGVPG143834;VOLKSWAGEN;CRAFTER;test
M10VWGVPG143967;VOLKSWAGEN;CRAFTER;test
M10VWGVPG144677;VOLKSWAGEN;CRAFTER;test
M10VWGVPG144968;VOLKSWAGEN;CRAFTER;test
M10VWGVPG145448;VOLKSWAGEN;CRAFTER;test
M10VWGVPG145678;VOLKSWAGEN;CRAFTER;test
M10VWGVPG145933;VOLKSWAGEN;CRAFTER;test
M10VWGVPG146449;VOLKSWAGEN;CRAFTER;test
M10VWGVPG146704;VOLKSWAGEN;CRAFTER;test
M10VWGVPG146934;VOLKSWAGEN;CRAFTER;test
M10VWGVPG147450;VOLKSWAGEN;CRAFTER;test
M10VWGVPG147705;VOLKSWAGEN;CRAFTER;test
M10VWGVPG148706;VOLKSWAGEN;CRAFTER;test
M10VWGVPG149549;VOLKSWAGEN;CRAFTER;test
M10VWGVPG14A550;VOLKSWAGEN;CRAFTER;test
M10VWGVPG14A805;VOLKSWAGEN;CRAFTER;test
M10VWGVPG14B806;VOLKSWAGEN;CRAFTER;test
M10VWGVPG14E421;VOLKSWAGEN;CRAFTER;test
M10VWGVPG14F422;VOLKSWAGEN;CRAFTER;test
M10VWGVPG15N077;VOLKSWAGEN;CRAFTER;test
M10VWGVPG15P078;VOLKSWAGEN;CRAFTER;test
M10VWGVPG15V110;VOLKSWAGEN;CRAFTER;test
M10VWGVPG15W111;VOLKSWAGEN;CRAFTER;test
M10VWGVPG15X112;VOLKSWAGEN;CRAFTER;test
M10VWGVPG173504;VOLKSWAGEN;CRAFTER;test
M10VWGVPG174505;VOLKSWAGEN;CRAFTER;test
M10VWGVPG175506;VOLKSWAGEN;CRAFTER;test
M10VWGVPG17D744;VOLKSWAGEN;CRAFTER;test
M10VWGVPG17E745;VOLKSWAGEN;CRAFTER;test
M10VWGVPG17F746;VOLKSWAGEN;CRAFTER;test
M10VWGVPG17M584;VOLKSWAGEN;CRAFTER;test
M10VWGVPG17N585;VOLKSWAGEN;CRAFTER;test
M10VWGVPG17P586;VOLKSWAGEN;CRAFTER;test
M10VWGVPG17P914;VOLKSWAGEN;CRAFTER;test
M10VWGVPG17R915;VOLKSWAGEN;CRAFTER;test
M10VWGVPG17R916;VOLKSWAGEN;CRAFTER;test
M10VWGVPG17U664;VOLKSWAGEN;CRAFTER;test
M10VWGVPG17V665;VOLKSWAGEN;CRAFTER;test
M10VWGVPG17W666;VOLKSWAGEN;CRAFTER;test
M10VWGVPG17W824;VOLKSWAGEN;CRAFTER;test
M10VWGVPG17X825;VOLKSWAGEN;CRAFTER;test
M10VWGVPG17Y826;VOLKSWAGEN;CRAFTER;test
M10VWGVPG282440;VOLKSWAGEN;CRAFTER;test
M10VWGVPG283441;VOLKSWAGEN;CRAFTER;test
M10VWGVPG284442;VOLKSWAGEN;CRAFTER;test
M10VWGVPG28C644;VOLKSWAGEN;CRAFTER;test
M10VWGVPG28D645;VOLKSWAGEN;CRAFTER;test
M10VWGVPG28E646;VOLKSWAGEN;CRAFTER;test
M10VWGVPG28J615;VOLKSWAGEN;CRAFTER;test
M10VWGVPG28K616;VOLKSWAGEN;CRAFTER;test
M10VWGVPG150248;VOLKSWAGEN;CRAFTER;test
M10VWGVPG150478;VOLKSWAGEN;CRAFTER;test
M10VWGVPG150733;VOLKSWAGEN;CRAFTER;test
M10VWGVPG151249;VOLKSWAGEN;CRAFTER;test
M10VWGVPG151504;VOLKSWAGEN;CRAFTER;test
M10VWGVPG151734;VOLKSWAGEN;CRAFTER;test
M10VWGVPG152250;VOLKSWAGEN;CRAFTER;test
M10VWGVPG152505;VOLKSWAGEN;CRAFTER;test
M10VWGVPG153506;VOLKSWAGEN;CRAFTER;test
M10VWGVPG154349;VOLKSWAGEN;CRAFTER;test
M10VWGVPG155350;VOLKSWAGEN;CRAFTER;test
M10VWGVPG155605;VOLKSWAGEN;CRAFTER;test
M10VWGVPG156606;VOLKSWAGEN;CRAFTER;test
M10VWGVPG159221;VOLKSWAGEN;CRAFTER;test
M10VWGVPG15A222;VOLKSWAGEN;CRAFTER;test
M10VWGVPG15J910;VOLKSWAGEN;CRAFTER;test
M10VWGVPG15K911;VOLKSWAGEN;CRAFTER;test
M10VWGVPG15L912;VOLKSWAGEN;CRAFTER;test
M10VWGVPG15M877;VOLKSWAGEN;CRAFTER;test
M10VWGVPG15N878;VOLKSWAGEN;CRAFTER;test
M10VWGVPG15V376;VOLKSWAGEN;CRAFTER;test
M10VWGVPG15W377;VOLKSWAGEN;CRAFTER;test
M10VWGVPG15W632;VOLKSWAGEN;CRAFTER;test
M10VWGVPG15X378;VOLKSWAGEN;CRAFTER;test
M10VWGVPG15X633;VOLKSWAGEN;CRAFTER;test
M10VWGVPG15X766;VOLKSWAGEN;CRAFTER;test
M10VWGVPG15Y634;VOLKSWAGEN;CRAFTER;test
M10VWGVPG15Y767;VOLKSWAGEN;CRAFTER;test
M10VWGVPG15Z477;VOLKSWAGEN;CRAFTER;test
M10VWGVPG15Z768;VOLKSWAGEN;CRAFTER;test
M10VWGVPG180245;VOLKSWAGEN;CRAFTER;test
M10VWGVPG181246;VOLKSWAGEN;CRAFTER;test
M10VWGVPG18B414;VOLKSWAGEN;CRAFTER;test
M10VWGVPG18C415;VOLKSWAGEN;CRAFTER;test
M10VWGVPG18D416;VOLKSWAGEN;CRAFTER;test
M10VWGVPG18G164;VOLKSWAGEN;CRAFTER;test
M10VWGVPG18H165;VOLKSWAGEN;CRAFTER;test
M10VWGVPG18J166;VOLKSWAGEN;CRAFTER;test
M10VWGVPG18J324;VOLKSWAGEN;CRAFTER;test
M10VWGVPG18J325;VOLKSWAGEN;CRAFTER;test
M10VWGVPG18K326;VOLKSWAGEN;CRAFTER;test
M10VWGVPG18P004;VOLKSWAGEN;CRAFTER;test
M10VWGVPG18R005;VOLKSWAGEN;CRAFTER;test
M10VWGVPG18R006;VOLKSWAGEN;CRAFTER;test
M10VWGVPG18X084;VOLKSWAGEN;CRAFTER;test
M10VWGVPG18Y085;VOLKSWAGEN;CRAFTER;test
M10VWGVPG18Z086;VOLKSWAGEN;CRAFTER;test
M10VWGVPG18Z244;VOLKSWAGEN;CRAFTER;test
M10VWGVPG281500;VOLKSWAGEN;CRAFTER;test
M10VWGVPG282501;VOLKSWAGEN;CRAFTER;test
M10VWGVPG283502;VOLKSWAGEN;CRAFTER;test
M10VWGVPG288676;VOLKSWAGEN;CRAFTER;test
M10VWGVPG289677;VOLKSWAGEN;CRAFTER;test
M10VWGVPG28A678;VOLKSWAGEN;CRAFTER;test
M10VWGVPG28D706;VOLKSWAGEN;CRAFTER;test
M10VWGVPG28E707;VOLKSWAGEN;CRAFTER;test
M10VWGVPG28F708;VOLKSWAGEN;CRAFTER;test
M10VWGVPG28W470;VOLKSWAGEN;CRAFTER;test
M10VWGVPG28X471;VOLKSWAGEN;CRAFTER;test
M10VWGVPG28Y472;VOLKSWAGEN;CRAFTER;test
M10VWGVPG164021;VOLKSWAGEN;CRAFTER;test
M10VWGVPG165022;VOLKSWAGEN;CRAFTER;test
M10VWGVPG166023;VOLKSWAGEN;CRAFTER;test
M10VWGVPG167024;VOLKSWAGEN;CRAFTER;test
M10VWGVPG16A221;VOLKSWAGEN;CRAFTER;test
M10VWGVPG16B064;VOLKSWAGEN;CRAFTER;test
M10VWGVPG16B222;VOLKSWAGEN;CRAFTER;test
M10VWGVPG16C065;VOLKSWAGEN;CRAFTER;test
M10VWGVPG16C223;VOLKSWAGEN;CRAFTER;test
M10VWGVPG16D066;VOLKSWAGEN;CRAFTER;test
M10VWGVPG16D224;VOLKSWAGEN;CRAFTER;test
M10VWGVPG16E067;VOLKSWAGEN;CRAFTER;test
M10VWGVPG16F068;VOLKSWAGEN;CRAFTER;test
M10VWGVPG16G421;VOLKSWAGEN;CRAFTER;test
M10VWGVPG16H264;VOLKSWAGEN;CRAFTER;test
M10VWGVPG16H422;VOLKSWAGEN;CRAFTER;test
M10VWGVPG16J265;VOLKSWAGEN;CRAFTER;test
M10VWGVPG16J266;VOLKSWAGEN;CRAFTER;test
M10VWGVPG16J423;VOLKSWAGEN;CRAFTER;test
M10VWGVPG16J424;VOLKSWAGEN;CRAFTER;test
M10VWGVPG16K267;VOLKSWAGEN;CRAFTER;test
M10VWGVPG16L268;VOLKSWAGEN;CRAFTER;test
M10VWGVPG16M621;VOLKSWAGEN;CRAFTER;test
M10VWGVPG16N464;VOLKSWAGEN;CRAFTER;test
M10VWGVPG16N622;VOLKSWAGEN;CRAFTER;test
M10VWGVPG16P465;VOLKSWAGEN;CRAFTER;test
M10VWGVPG16P466;VOLKSWAGEN;CRAFTER;test
M10VWGVPG16P623;VOLKSWAGEN;CRAFTER;test
M10VWGVPG16P624;VOLKSWAGEN;CRAFTER;test
M10VWGVPG16R467;VOLKSWAGEN;CRAFTER;test
M10VWGVPG16R468;VOLKSWAGEN;CRAFTER;test
M10VWGVPG16R880;VOLKSWAGEN;CRAFTER;test
M10VWGVPG16R881;VOLKSWAGEN;CRAFTER;test
M10VWGVPG16S821;VOLKSWAGEN;CRAFTER;test
M10VWGVPG16S882;VOLKSWAGEN;CRAFTER;test
M10VWGVPG16T664;VOLKSWAGEN;CRAFTER;test
M10VWGVPG16T822;VOLKSWAGEN;CRAFTER;test
M10VWGVPG16T883;VOLKSWAGEN;CRAFTER;test
M10VWGVPG16U665;VOLKSWAGEN;CRAFTER;test
M10VWGVPG16U823;VOLKSWAGEN;CRAFTER;test
M10VWGVPG16U884;VOLKSWAGEN;CRAFTER;test
M10VWGVPG16V666;VOLKSWAGEN;CRAFTER;test
M10VWGVPG16V824;VOLKSWAGEN;CRAFTER;test
M10VWGVPG16W667;VOLKSWAGEN;CRAFTER;test
M10VWGVPG16X668;VOLKSWAGEN;CRAFTER;test
M10VWGVPG177120;VOLKSWAGEN;CRAFTER;test
M10VWGVPG178121;VOLKSWAGEN;CRAFTER;test
M10VWGVPG179061;VOLKSWAGEN;CRAFTER;test
M10VWGVPG179122;VOLKSWAGEN;CRAFTER;test
M10VWGVPG17A062;VOLKSWAGEN;CRAFTER;test
M10VWGVPG17A123;VOLKSWAGEN;CRAFTER;test
M10VWGVPG17B063;VOLKSWAGEN;CRAFTER;test
M10VWGVPG17B124;VOLKSWAGEN;CRAFTER;test
M10VWGVPG17C064;VOLKSWAGEN;CRAFTER;test
M10VWGVPG180985;VOLKSWAGEN;CRAFTER;test
M10VWGVPG181864;VOLKSWAGEN;CRAFTER;test
M10VWGVPG181986;VOLKSWAGEN;CRAFTER;test
M10VWGVPG182865;VOLKSWAGEN;CRAFTER;test
M10VWGVPG182987;VOLKSWAGEN;CRAFTER;test
M10VWGVPG183866;VOLKSWAGEN;CRAFTER;test
M10VWGVPG183988;VOLKSWAGEN;CRAFTER;test
M10VWGVPG184504;VOLKSWAGEN;CRAFTER;test
M10VWGVPG184867;VOLKSWAGEN;CRAFTER;test
M10VWGVPG185505;VOLKSWAGEN;CRAFTER;test
M10VWGVPG185868;VOLKSWAGEN;CRAFTER;test
M10VWGVPG186506;VOLKSWAGEN;CRAFTER;test
M10VWGVPG187507;VOLKSWAGEN;CRAFTER;test
M10VWGVPG188508;VOLKSWAGEN;CRAFTER;test
M10VWGVPG18E744;VOLKSWAGEN;CRAFTER;test
M10VWGVPG18F745;VOLKSWAGEN;CRAFTER;test
M10VWGVPG18G746;VOLKSWAGEN;CRAFTER;test
M10VWGVPG18H747;VOLKSWAGEN;CRAFTER;test
M10VWGVPG18J748;VOLKSWAGEN;CRAFTER;test
M10VWGVPG18R624;VOLKSWAGEN;CRAFTER;test
M10VWGVPG18S625;VOLKSWAGEN;CRAFTER;test
M10VWGVPG18T626;VOLKSWAGEN;CRAFTER;test
M10VWGVPG18U627;VOLKSWAGEN;CRAFTER;test
M10VWGVPG18V628;VOLKSWAGEN;CRAFTER;test
M10VWGVPG18Z984;VOLKSWAGEN;CRAFTER;test
M10VWGVPG19H128;VOLKSWAGEN;CRAFTER;test
M10VWGVPG19J129;VOLKSWAGEN;CRAFTER;test
M10VWGVPG19J130;VOLKSWAGEN;CRAFTER;test
M10VWGVPG19K131;VOLKSWAGEN;CRAFTER;test
M10VWGVPG19L132;VOLKSWAGEN;CRAFTER;test
M10VWGVPG289738;VOLKSWAGEN;CRAFTER;test
M10VWGVPG289774;VOLKSWAGEN;CRAFTER;test
M10VWGVPG28A739;VOLKSWAGEN;CRAFTER;test
M10VWGVPG28A775;VOLKSWAGEN;CRAFTER;test
M10VWGVPG28B740;VOLKSWAGEN;CRAFTER;test
M10VWGVPG28C741;VOLKSWAGEN;CRAFTER;test
M10VWGVPG28D742;VOLKSWAGEN;CRAFTER;test
M10VWGVPG28M776;VOLKSWAGEN;CRAFTER;test
M10VWGVPG28N777;VOLKSWAGEN;CRAFTER;test
M10VWGVPG28P778;VOLKSWAGEN;CRAFTER;test
M10VWGVPG28V530;VOLKSWAGEN;CRAFTER;test
M10VWGVPG28V566;VOLKSWAGEN;CRAFTER;test
M10VWGVPG28W531;VOLKSWAGEN;CRAFTER;test
M10VWGVPG28W567;VOLKSWAGEN;CRAFTER;test
M10VWGVPG28X532;VOLKSWAGEN;CRAFTER;test
M10VWGVPG28X568;VOLKSWAGEN;CRAFTER;test
M10VWGVPG28Y533;VOLKSWAGEN;CRAFTER;test
M10VWGVPG28Y569;VOLKSWAGEN;CRAFTER;test
M10VWGVPG28Z534;VOLKSWAGEN;CRAFTER;test
M10VWGVPG28Z570;VOLKSWAGEN;CRAFTER;test
M10VWGVPH14N368;VOLKSWAGEN;EOS;entrainement
M10VWGVPH14R371;VOLKSWAGEN;EOS;entrainement
M10VWGVPH142383;VOLKSWAGEN;EOS;entrainement
M10VWGVPH14Z380;VOLKSWAGEN;EOS;entrainement
M10VWGVPG19X665;VOLKSWAGEN;GOLF;entrainement
M10VWGVPG19Y666;VOLKSWAGEN;GOLF;entrainement
M10VWGVPG19Z667;VOLKSWAGEN;GOLF;entrainement
M10VWGVPE49C546;VOLKSWAGEN;GOLF;entrainement
M10VWGVPH46R428;VOLKSWAGEN;GOLF;entrainement
M10VWGVP806W027;VOLKSWAGEN;GOLF;entrainement
M10VWGVPE490534;VOLKSWAGEN;GOLF;entrainement
M10VWGVPE498542;VOLKSWAGEN;GOLF;entrainement
M10VWGVPH46J420;VOLKSWAGEN;GOLF;entrainement
M10VWGVPH46N424;VOLKSWAGEN;GOLF;entrainement
M10VWGVPD491306;VOLKSWAGEN;GOLF;entrainement
M10VWGVPD493308;VOLKSWAGEN;GOLF;entrainement
M10VWGVPG19C608;VOLKSWAGEN;GOLF;entrainement
M10VWGVPG19E610;VOLKSWAGEN;GOLF;entrainement
M10VWGVPH460473;VOLKSWAGEN;GOLF;entrainement
M10VWGVPH462475;VOLKSWAGEN;GOLF;entrainement
M10VWGVPG19M654;VOLKSWAGEN;GOLF;entrainement
M10VWGVPG19P656;VOLKSWAGEN;GOLF;entrainement
M10VWGVPG19P682;VOLKSWAGEN;GOLF;entrainement
M10VWGVPG19S685;VOLKSWAGEN;GOLF;entrainement
M10VWGVPD49H322;VOLKSWAGEN;GOLF;entrainement
M10VWGVPD49J324;VOLKSWAGEN;GOLF;entrainement
M10VWGVPD499314;VOLKSWAGEN;GOLF;entrainement
M10VWGVPD49B316;VOLKSWAGEN;GOLF;entrainement
M10VWGVPE49A508;VOLKSWAGEN;GOLF;entrainement
M10VWGVPE49C510;VOLKSWAGEN;GOLF;entrainement
M10VWGVPE496504;VOLKSWAGEN;GOLF;entrainement
M10VWGVPE498506;VOLKSWAGEN;GOLF;entrainement
M10VWGVP8062033;VOLKSWAGEN;GOLF;entrainement
M10VWGVPE49R525;VOLKSWAGEN;GOLF;entrainement
M10VWGVPE49V529;VOLKSWAGEN;GOLF;entrainement
M10VWGVPG190596;VOLKSWAGEN;GOLF;entrainement
M10VWGVPH463440;VOLKSWAGEN;GOLF;entrainement
M10VWGVPD497312;VOLKSWAGEN;GOLF;entrainement
M10VWGVPG19K616;VOLKSWAGEN;GOLF;entrainement
M10VWGVPG19V591;VOLKSWAGEN;GOLF;entrainement
M10VWGVPG19X593;VOLKSWAGEN;GOLF;entrainement
M10VWGVPH460437;VOLKSWAGEN;GOLF;entrainement
M10VWGVPH46S429;VOLKSWAGEN;GOLF;entrainement
M10VWGVPH46W433;VOLKSWAGEN;GOLF;entrainement
M10VWGVPH14B647;VOLKSWAGEN;GOLF;entrainement
M10VWGVPH46K457;VOLKSWAGEN;GOLF;entrainement
M10VWGVPD49D318;VOLKSWAGEN;GOLF;entrainement
M10VWGVPD49F320;VOLKSWAGEN;GOLF;entrainement
M10VWGVPH14L657;VOLKSWAGEN;GOLF;entrainement
M10VWGVPH14N659;VOLKSWAGEN;GOLF;entrainement
M10VWGVPH14P661;VOLKSWAGEN;GOLF;entrainement
M10VWGVPH46E451;VOLKSWAGEN;GOLF;entrainement
M10VWGVPH46G453;VOLKSWAGEN;GOLF;entrainement
M10VWGVPH46J455;VOLKSWAGEN;GOLF;entrainement
M10VWGVPH46R463;VOLKSWAGEN;GOLF;entrainement
M10VWGVPH46S465;VOLKSWAGEN;GOLF;entrainement
M10VWGVPH14D649;VOLKSWAGEN;GOLF;entrainement
M10VWGVPH14F651;VOLKSWAGEN;GOLF;entrainement
M10VWGVPH46U467;VOLKSWAGEN;GOLF;entrainement
M10VWGVPH46W469;VOLKSWAGEN;GOLF;entrainement
M10VWGVPH46Y471;VOLKSWAGEN;GOLF;entrainement
M10VWGVPH468384;VOLKSWAGEN;GOLF SPORTSVAN;calibration
M10VWGVPH46T394;VOLKSWAGEN;GOLF SPORTSVAN;calibration
M10VWGVPH46U395;VOLKSWAGEN;GOLF SPORTSVAN;calibration
M10VWGVPH46X398;VOLKSWAGEN;GOLF SPORTSVAN;calibration
M10VWGVPH46Y399;VOLKSWAGEN;GOLF SPORTSVAN;calibration
M10VWGVPH462403;VOLKSWAGEN;GOLF SPORTSVAN;calibration
M10VWGVPH463404;VOLKSWAGEN;GOLF SPORTSVAN;calibration
M10VWGVPH466407;VOLKSWAGEN;GOLF SPORTSVAN;calibration
M10VWGVPH467408;VOLKSWAGEN;GOLF SPORTSVAN;calibration
M10VWGVPH460376;VOLKSWAGEN;GOLF SPORTSVAN;calibration
M10VWGVPH46Z375;VOLKSWAGEN;GOLF SPORTSVAN;calibration
M10VWGVPH462378;VOLKSWAGEN;GOLF SPORTSVAN;calibration
M10VWGVPH463379;VOLKSWAGEN;GOLF SPORTSVAN;calibration
M10VWGVPH465381;VOLKSWAGEN;GOLF SPORTSVAN;calibration
M10VWGVPH466382;VOLKSWAGEN;GOLF SPORTSVAN;calibration
M10VWGVPH46R366;VOLKSWAGEN;GOLF SPORTSVAN;calibration
M10VWGVPH46T369;VOLKSWAGEN;GOLF SPORTSVAN;calibration
M10VWGVPH46U370;VOLKSWAGEN;GOLF SPORTSVAN;calibration
M10VWGVPH46X373;VOLKSWAGEN;GOLF SPORTSVAN;calibration
M10VWGVPH46Y374;VOLKSWAGEN;GOLF SPORTSVAN;calibration
M10VWGVPH38X336;VOLKSWAGEN;JETTA;entrainement
M10VWGVPH143772;VOLKSWAGEN;PASSAT;entrainement
M10VWGVPH144773;VOLKSWAGEN;PASSAT;entrainement
M10VWGVPH14J812;VOLKSWAGEN;PASSAT;entrainement
M10VWGVPH14J813;VOLKSWAGEN;PASSAT;entrainement
M10VWGVPH14E032;VOLKSWAGEN;PASSAT;entrainement
M10VWGVPH14F033;VOLKSWAGEN;PASSAT;entrainement
M10VWGVPH14S010;VOLKSWAGEN;PASSAT;entrainement
M10VWGVPH422346;VOLKSWAGEN;PASSAT;entrainement
M10VWGVPH423347;VOLKSWAGEN;PASSAT;entrainement
M10VWGVPH42G263;VOLKSWAGEN;PASSAT;entrainement
M10VWGVPH42H264;VOLKSWAGEN;PASSAT;entrainement
M10VWGVPH42K267;VOLKSWAGEN;PASSAT;entrainement
M10VWGVPH140830;VOLKSWAGEN;PASSAT;entrainement
M10VWGVPH14R784;VOLKSWAGEN;PASSAT;entrainement
M10VWGVPH14R785;VOLKSWAGEN;PASSAT;entrainement
M10VWGVPH14R821;VOLKSWAGEN;PASSAT;entrainement
M10VWGVPH14S822;VOLKSWAGEN;PASSAT;entrainement
M10VWGVPH14Y792;VOLKSWAGEN;PASSAT;entrainement
M10VWGVPH14Z793;VOLKSWAGEN;PASSAT;entrainement
M10VWGVPH14Z829;VOLKSWAGEN;PASSAT;entrainement
M10VWGVPH138997;VOLKSWAGEN;PASSAT;entrainement
M10VWGVPH139998;VOLKSWAGEN;PASSAT;entrainement
M10VWGVPH142020;VOLKSWAGEN;PASSAT;entrainement
M10VWGVPH143021;VOLKSWAGEN;PASSAT;entrainement
M10VWGVPH14L003;VOLKSWAGEN;PASSAT;entrainement
M10VWGVPH14M004;VOLKSWAGEN;PASSAT;entrainement
M10VWGVPH422310;VOLKSWAGEN;PASSAT;entrainement
M10VWGVPH423311;VOLKSWAGEN;PASSAT;entrainement
M10VWGVPH42C223;VOLKSWAGEN;PASSAT;entrainement
M10VWGVPH42D224;VOLKSWAGEN;PASSAT;entrainement
M10VWGVPH42U302;VOLKSWAGEN;PASSAT;entrainement
M10VWGVPH42V303;VOLKSWAGEN;PASSAT;entrainement
M10VWGVPH145799;VOLKSWAGEN;PASSAT;entrainement
M10VWGVPH145835;VOLKSWAGEN;PASSAT;entrainement
M10VWGVPH146800;VOLKSWAGEN;PASSAT;entrainement
M10VWGVPH146836;VOLKSWAGEN;PASSAT;entrainement
M10VWGVPH425288;VOLKSWAGEN;PASSAT;entrainement
M10VWGVPH426289;VOLKSWAGEN;PASSAT;entrainement
M10VWGVPH42J362;VOLKSWAGEN;PASSAT;entrainement
M10VWGVPH42J363;VOLKSWAGEN;PASSAT;entrainement
M10VWGVPH14B029;VOLKSWAGEN;PASSAT;entrainement
M10VWGVPH14R008;VOLKSWAGEN;PASSAT;entrainement
M10VWGVPD60U924;VOLKSWAGEN;PHAETON;entrainement
M10VWGVPD60Y928;VOLKSWAGEN;PHAETON;entrainement
M10VWGVPD600894;VOLKSWAGEN;PHAETON;entrainement
M10VWGVPD60M916;VOLKSWAGEN;PHAETON;entrainement
M10VWGVPD60R920;VOLKSWAGEN;PHAETON;entrainement
M10VWGVPH14C709;VOLKSWAGEN;POLO;entrainement
M10VWGVPH14J715;VOLKSWAGEN;POLO;entrainement
M10VWGVPH14K717;VOLKSWAGEN;POLO;entrainement
M10VWGVPH14R723;VOLKSWAGEN;POLO;entrainement
M10VWGVPH14R724;VOLKSWAGEN;POLO;entrainement
M10VWGVPH14U727;VOLKSWAGEN;POLO;entrainement
M10VWGVPH14V728;VOLKSWAGEN;POLO;entrainement
M10VWGVPH143736;VOLKSWAGEN;POLO;entrainement
M10VWGVPH14Z732;VOLKSWAGEN;POLO;entrainement
M10VWGVPH14S761;VOLKSWAGEN;POLO;entrainement
M10VWGVPH14U763;VOLKSWAGEN;POLO;entrainement
M10VWGVPH14W765;VOLKSWAGEN;POLO;entrainement
M10VWGVPH14X766;VOLKSWAGEN;POLO;entrainement
M10VWGVPH148741;VOLKSWAGEN;POLO;entrainement
M10VWGVPH14B744;VOLKSWAGEN;POLO;entrainement
M10VWGVPH14G749;VOLKSWAGEN;POLO;entrainement
M10VWGVPH14H750;VOLKSWAGEN;POLO;entrainement
M10VWGVPH14K753;VOLKSWAGEN;POLO;entrainement
M10VWGVPH14L754;VOLKSWAGEN;POLO;entrainement
M10VWGVPH14P758;VOLKSWAGEN;POLO;entrainement
M10VWGVPH11X636;VOLKSWAGEN;SCIROCCO;entrainement
M10VWGVPH111604;VOLKSWAGEN;SCIROCCO;entrainement
M10VWGVPH115608;VOLKSWAGEN;SCIROCCO;entrainement
M10VWGVPH119612;VOLKSWAGEN;SCIROCCO;entrainement
M10VWGVPH11D616;VOLKSWAGEN;SCIROCCO;entrainement
M10VWGVPH11L588;VOLKSWAGEN;SCIROCCO;entrainement
M10VWGVPH11N590;VOLKSWAGEN;SCIROCCO;entrainement
M10VWGVPH11H620;VOLKSWAGEN;SCIROCCO;entrainement
M10VWGVPH11L624;VOLKSWAGEN;SCIROCCO;entrainement
M10VWGVPH11P628;VOLKSWAGEN;SCIROCCO;entrainement
M10VWGVPH11T632;VOLKSWAGEN;SCIROCCO;entrainement
M10VWGVP8081454;VOLKSWAGEN;SHARAN;entrainement
M10VWGVP8083456;VOLKSWAGEN;SHARAN;entrainement
M10VWGVPD647193;VOLKSWAGEN;SHARAN;entrainement
M10VWGVPD64K195;VOLKSWAGEN;SHARAN;entrainement
M10VWGVPD64M197;VOLKSWAGEN;SHARAN;entrainement
M10VWGVPD641187;VOLKSWAGEN;SHARAN;entrainement
M10VWGVPD643189;VOLKSWAGEN;SHARAN;entrainement
M10VWGVPD64P175;VOLKSWAGEN;SHARAN;entrainement
M10VWGVPD64R177;VOLKSWAGEN;SHARAN;entrainement
M10VWGVPD64X183;VOLKSWAGEN;SHARAN;entrainement
M10VWGVPD64Z185;VOLKSWAGEN;SHARAN;entrainement
M10VWGVPF76W493;VOLKSWAGEN;SHARAN;entrainement
M10VWGVPF76X494;VOLKSWAGEN;SHARAN;entrainement
M10VWGVPD64P199;VOLKSWAGEN;SHARAN;entrainement
M10VWGVPD64R201;VOLKSWAGEN;SHARAN;entrainement
M10VWGVPD63S689;VOLKSWAGEN;TIGUAN;entrainement
M10VWGVPD63J945;VOLKSWAGEN;TIGUAN;entrainement
M10VWGVPD63R881;VOLKSWAGEN;TIGUAN;entrainement
M10VWGVPD63S883;VOLKSWAGEN;TIGUAN;entrainement
M10VWGVPD63F809;VOLKSWAGEN;TIGUAN;entrainement
M10VWGVPD63H811;VOLKSWAGEN;TIGUAN;entrainement
M10VWGVPF760630;VOLKSWAGEN;TIGUAN;entrainement
M10VWGVPF768638;VOLKSWAGEN;TIGUAN;entrainement
M10VWGVPF76W662;VOLKSWAGEN;TIGUAN;entrainement
M10VWGVPD636897;VOLKSWAGEN;TIGUAN;entrainement
M10VWGVPD638899;VOLKSWAGEN;TIGUAN;entrainement
M10VWGVPD63M913;VOLKSWAGEN;TIGUAN;entrainement
M1GVWGVPH14C050;VOLKSWAGEN;TOUAREG;entrainement
M1GVWGVPH148046;VOLKSWAGEN;TOUAREG;entrainement
M1GVWGVPH14A048;VOLKSWAGEN;TOUAREG;entrainement
M1GVWGVPH142040;VOLKSWAGEN;TOUAREG;entrainement
M10VWGVPD64C029;VOLKSWAGEN;TOURAN;entrainement
M10VWGVP8070163;VOLKSWAGEN;TOURAN;entrainement
M10VWGVP8076169;VOLKSWAGEN;TOURAN;entrainement
M10VWGVPD63L973;VOLKSWAGEN;TOURAN;entrainement
M10VWGVPD635993;VOLKSWAGEN;TOURAN;entrainement
M10VWGVPD639997;VOLKSWAGEN;TOURAN;entrainement
M10VWGVPD63V983;VOLKSWAGEN;TOURAN;entrainement
M10VWGVPD63X985;VOLKSWAGEN;TOURAN;entrainement
M10VWGVPD64R007;VOLKSWAGEN;TOURAN;entrainement
M10VWGVPD64U011;VOLKSWAGEN;TOURAN;entrainement
M10VWGVPD646059;VOLKSWAGEN;TOURAN;entrainement
M10VWGVPD648061;VOLKSWAGEN;TOURAN;entrainement
M10VWGVPD64R079;VOLKSWAGEN;TOURAN;entrainement
M10VWGVPD64S081;VOLKSWAGEN;TOURAN;entrainement
M10VWGVPD64W049;VOLKSWAGEN;TOURAN;entrainement
M10VWGVPD64Y051;VOLKSWAGEN;TOURAN;entrainement
M10VWGVPD64J097;VOLKSWAGEN;TOURAN;entrainement
M10VWGVPH14N975;VOLKSWAGEN;UP!;entrainement
M10VWGVPH14P976;VOLKSWAGEN;UP!;entrainement
M10VWGVPH14P977;VOLKSWAGEN;UP!;entrainement
M10VWGVPH14R978;VOLKSWAGEN;UP!;entrainement
M10VWGVPH14R979;VOLKSWAGEN;UP!;entrainement
M10VWGVPH14S980;VOLKSWAGEN;UP!;entrainement
M10VWGVPH14T981;VOLKSWAGEN;UP!;entrainement
M10VWGVPH14U982;VOLKSWAGEN;UP!;entrainement
M10VLVVP872T511;VOLVO;S60;entrainement
M10VLVVP909J816;VOLVO;S60;entrainement
M10VLVVP872V513;VOLVO;S60;entrainement
M10VLVVP909K817;VOLVO;S60;entrainement
M10VLVVPA895693;VOLVO;S60;entrainement
M10VLVVP874B746;VOLVO;S60;entrainement
M10VLVVPA896694;VOLVO;S60;entrainement
M10VLVVP874E749;VOLVO;S60;entrainement
M10VLVVP909L818;VOLVO;S60;entrainement
M10VLVVP850J656;VOLVO;S60;entrainement
M10VLVVP8727525;VOLVO;S60;entrainement
M10VLVVPA898696;VOLVO;S60;entrainement
M10VLVVPA899697;VOLVO;S60;entrainement
M10VLVVP995W355;VOLVO;S60;entrainement
M10VLVVP995X356;VOLVO;S60;entrainement
M10VLVVP995Y357;VOLVO;S60;entrainement
M10VLVVP872V549;VOLVO;S80;test
M10VLVVPA89W684;VOLVO;S80;test
M10VLVVP8725559;VOLVO;S80;test
M10VLVVP8964559;VOLVO;S80;test
M10VLVVPA89Y686;VOLVO;S80;test
M10VLVVP671P708;VOLVO;S80;test
M10VLVVP909F812;VOLVO;S80;test
M10VLVVP874S727;VOLVO;V40;entrainement
M10VLVVP874J681;VOLVO;V40;entrainement
M10VLVVP671F673;VOLVO;V40;entrainement
M10VLVVP843K883;VOLVO;V40;entrainement
M10VLVVP995C371;VOLVO;V40;entrainement
M10VLVVP874S691;VOLVO;V40;entrainement
M10VLVVP874T728;VOLVO;V40;entrainement
M10VLVVP874U693;VOLVO;V40;entrainement
M10VLVVP874U729;VOLVO;V40;entrainement
M10VLVVP874V730;VOLVO;V40;entrainement
M10VLVVP874W731;VOLVO;V40;entrainement
M10VLVVP671G674;VOLVO;V40;entrainement
M10VLVVP874L684;VOLVO;V40;entrainement
M10VLVVP874M685;VOLVO;V40;entrainement
M10VLVVP874N686;VOLVO;V40;entrainement
M10VLVVP995F374;VOLVO;V40;entrainement
M10VLVVP995G375;VOLVO;V40;entrainement
M10VLVVP8740699;VOLVO;V40;entrainement
M10VLVVP874X732;VOLVO;V40;entrainement
M10VLVVP874Z698;VOLVO;V40;entrainement
M10VLVVPB76K456;VOLVO;V40;entrainement
M10VLVVPB76J455;VOLVO;V40;entrainement
M10VLVVP8745704;VOLVO;V40;entrainement
M10VLVVP8748707;VOLVO;V40;entrainement
M10VLVVP8749708;VOLVO;V40;entrainement
M10VLVVP8741700;VOLVO;V40;entrainement
M10VLVVP9975944;VOLVO;V40;entrainement
M10VLVVP995H376;VOLVO;V40;entrainement
M10VLVVP995J377;VOLVO;V40;entrainement
M10VLVVP8720518;VOLVO;V60;entrainement
M10VLVVP909M819;VOLVO;V60;entrainement
M10VLVVP8722520;VOLVO;V60;entrainement
M10VLVVP909N820;VOLVO;V60;entrainement
M10VLVVPA89B699;VOLVO;V60;entrainement
M10VLVVP874D748;VOLVO;V60;entrainement
M10VLVVP671E600;VOLVO;V60;entrainement
M10VLVVP874G751;VOLVO;V60;entrainement
M10VLVVP8728526;VOLVO;V60;entrainement
M10VLVVP8729527;VOLVO;V60;entrainement
M10VLVVP909R823;VOLVO;V60;entrainement
M10VLVVPA89D701;VOLVO;V60;entrainement
M10VLVVPA89F703;VOLVO;V60;entrainement
M10VLVVPA89G704;VOLVO;V60;entrainement
M10VLVVP9950359;VOLVO;V60;entrainement
M10VLVVP9951360;VOLVO;V60;entrainement
M10VLVVP995Z358;VOLVO;V60;entrainement
M10VLVVPA89J706;VOLVO;V60;entrainement
M10VLVVP8435940;VOLVO;V70;calibration
M10VLVVP913R784;VOLVO;V70;calibration
M10VLVVP900N599;VOLVO;V70;calibration
M10VLVVP874N722;VOLVO;V70;calibration
M10VLVVP8729563;VOLVO;V70;calibration
M10VLVVP872A564;VOLVO;V70;calibration
M10VLVVP900P601;VOLVO;V70;calibration
M10VLVVP900R602;VOLVO;V70;calibration
M10VLVVP913T786;VOLVO;V70;calibration
M10VLVVP872D567;VOLVO;V70;calibration
M10VLVVP872G570;VOLVO;V70;calibration
M10VLVVP913U787;VOLVO;V70;calibration
M10VLVVPA89Z687;VOLVO;XC60;calibration
M1GVLVVP874Z718;VOLVO;XC60;calibration
M10VLVVPA890688;VOLVO;XC60;calibration
M10VLVVP874B710;VOLVO;XC60;calibration
M10VLVVP8968563;VOLVO;XC60;calibration
M10VLVVP8969564;VOLVO;XC60;calibration
M1GVLVVP896R565;VOLVO;XC60;calibration
M1GVLVVP896R566;VOLVO;XC60;calibration
M1GVLVVP874T712;VOLVO;XC60;calibration
M1GVLVVP874U713;VOLVO;XC60;calibration
M10VLVVP874P724;VOLVO;XC70;entrainement
M10VLVVP900T605;VOLVO;XC70;entrainement
M10VLVVP900U606;VOLVO;XC70;entrainement
M10VLVVP900V607;VOLVO;XC70;entrainement
M10VLVVP900W608;VOLVO;XC70;entrainement
M10VLVVP8723582;VOLVO;XC70;entrainement
M10VLVVP872R581;VOLVO;XC70;entrainement
M1GVLVVPB92R060;VOLVO;XC90;entrainement
M1GVLVVPB92R061;VOLVO;XC90;entrainement
M1GVLVVPB92K054;VOLVO;XC90;entrainement
M1GVLVVPB92L055;VOLVO;XC90;entrainement
M1GVLVVPB92M056;VOLVO;XC90;entrainement
M1GVLVVPB92N057;VOLVO;XC90;entrainement
M1GVLVVPB92S062;VOLVO;XC90;entrainement
M1GVLVVPB92T063;VOLVO;XC90;entrainement
M1GVLVVPB92U064;VOLVO;XC90;entrainement
M1GVLVVPB92V065;VOLVO;XC90;entrainement
